data,horario,n_da_ocorrencia,tipo_de_ocorrencia,km,trecho,sentido,tipo_de_acidente,automovel,bicicleta,caminhao,moto,onibus,outros,tracao_animal,transporte_de_cargas_especiais,trator_maquinas,utilitarios,ilesos,levemente_feridos,moderadamente_feridos,gravemente_feridos,mortos,vl_br,timestamp_utc,latitude_acidente,longitude_acidente
08/06/2015,07:20:00,111,sem vítima,3.1,BR-060/DF,Norte,Colisão Traseira,2,0,0,0,0,0,0,0,0,0,2,0,0,0,0,060,2015-06-08 10:20:00+00:00,-15.890837816067066,-48.08797208800573
08/06/2015,07:23:00,595,sem vítima,3.0,BR-060/DF,Norte,Colisão Lateral,2,0,0,0,0,0,0,0,0,0,3,0,0,0,0,060,2015-06-08 10:23:00+00:00,-15.890570424543295,-48.087081067044366
14/06/2015,01:50:00,42,ac01 - Aci,3.0,BR-060/DF,Sul,Colisão Traseira,2,0,0,0,0,0,0,0,0,0,4,0,0,0,1,060,2015-06-14 04:50:00+00:00,-15.890570424543295,-48.087081067044366
15/06/2015,04:27:00,400,sem vítima,6.0,BR-060/DF,Sul,Saida de Pista,1,0,0,0,0,1,0,0,0,0,2,0,0,0,0,060,2015-06-15 07:27:00+00:00,-15.898636978479185,-48.11379745322939
16/06/2015,11:14:00,330,ac02 - Aci,0.3,BR-060/DF,Sul,Capotamento,1,0,0,0,0,0,0,0,0,0,0,1,0,0,0,060,2015-06-16 14:14:00+00:00,-15.883343656716994,-48.063026051802055
17/06/2015,06:11:00,574,ac02 - Aci,15.5,BR-060/DF,Norte,Queda,1,0,0,1,0,0,0,0,0,0,1,0,1,0,0,060,2015-06-17 09:11:00+00:00,-15.948356543930375,-48.17323231717683
18/06/2015,09:46:00,258,sem vítima,9.5,BR-060/DF,Norte,Capotamento,1,0,0,0,0,0,0,0,0,0,1,0,0,0,0,060,2015-06-18 12:46:00+00:00,-15.908044652537315,-48.14496117600436
20/06/2015,03:45:00,548,ac02 - Aci,17.0,BR-060/DF,Norte,Queda de Moto,0,0,0,1,0,0,0,0,0,0,0,2,0,0,0,060,2015-06-20 06:45:00+00:00,-15.960913976370524,-48.17808097568499
27/06/2015,02:48:00,363,ac02 - Aci,6.0,BR-060/DF,Sul,Saida de Pista,0,0,0,0,0,0,0,0,0,1,0,4,0,0,0,060,2015-06-27 05:48:00+00:00,-15.898636978479185,-48.11379745322939
27/06/2015,07:18:00,523,ac02 - Aci,3.0,BR-060/DF,Sul,Colisão Transversal,1,0,0,1,0,0,0,0,0,0,0,3,0,1,0,060,2015-06-27 10:18:00+00:00,-15.890570424543295,-48.087081067044366
28/06/2015,12:29:00,22,ac02 - Aci,3.0,BR-060/DF,Sul,Outros - sequências,2,0,0,0,0,0,0,0,0,0,0,2,0,0,0,060,2015-06-28 15:29:00+00:00,-15.890570424543295,-48.087081067044366
28/06/2015,01:13:00,36,ac02 - Aci,5.0,BR-060/DF,Sul,Outros - sequências,1,0,0,0,0,1,0,0,0,0,1,1,0,0,0,060,2015-06-28 04:13:00+00:00,-15.895941809050944,-48.10489399995692
28/06/2015,08:51:00,582,ac02 - Aci,2.5,BR-060/DF,Sul,Saida de Pista,1,0,0,0,0,0,0,0,0,0,0,1,0,0,0,060,2015-06-28 11:51:00+00:00,-15.889231878258785,-48.08262650352442
02/07/2015,04:35:00,503,sem vítima,12.0,BR-060/DF,Sul,Colisão Traseira,1,0,0,0,0,1,0,0,0,0,2,0,0,0,0,060,2015-07-02 07:35:00+00:00,-15.917950731309672,-48.164541812566426
03/07/2015,10:56:00,328,sem vítima,11.0,BR-060/DF,Norte,Saida de Pista,1,0,0,0,0,0,0,0,0,0,1,0,0,0,0,060,2015-07-03 13:56:00+00:00,-15.91214363530004,-48.1582979635198
04/07/2015,04:20:00,436,ac02 - Aci,30.0,BR-060/DF,Norte,Queda de Moto,0,0,0,1,0,0,0,0,0,0,0,1,0,0,0,060,2015-07-04 07:20:00+00:00,-16.038044280533132,-48.255773204625484
07/07/2015,02:01:00,396,ac02 - Aci,3.0,BR-060/DF,Norte,Outros - sequências,2,0,0,0,0,0,0,0,0,0,0,2,1,0,0,060,2015-07-07 05:01:00+00:00,-15.890570424543295,-48.087081067044366
08/07/2015,07:12:00,446,ac02 - Aci,26.5,BR-060/DF,Sul,Outros - sequências,0,0,0,0,0,0,0,0,0,1,0,2,0,0,0,060,2015-07-08 10:12:00+00:00,-16.008242350942147,-48.246473412208395
10/07/2015,08:30:00,650,sem vítima,5.0,BR-060/DF,Sul,Colisão Lateral,1,0,0,1,0,0,0,0,0,0,2,0,0,0,0,060,2015-07-10 11:30:00+00:00,-15.895941809050944,-48.10489399995692
11/07/2015,09:52:00,692,ac02 - Aci,6.0,BR-060/DF,Sul,Outros - sequências,3,0,0,0,0,1,0,0,0,0,4,2,0,0,0,060,2015-07-11 12:52:00+00:00,-15.898636978479185,-48.11379745322939
12/07/2015,03:34:00,64,ac02 - Aci,30.0,BR-060/DF,Sul,Queda de Moto,0,0,0,1,0,0,0,0,0,0,0,1,0,0,0,060,2015-07-12 06:34:00+00:00,-16.038044280533132,-48.255773204625484
12/07/2015,10:22:00,196,sem vítima,4.0,BR-060/DF,Sul,Saida de Pista,1,0,0,0,0,0,0,0,0,0,1,0,0,0,0,060,2015-07-12 13:22:00+00:00,-15.893259852449107,-48.09598631327878
13/07/2015,08:40:00,139,sem vítima,26.0,BR-060/DF,Norte,Colisão Traseira,2,0,0,0,0,0,0,0,0,0,2,0,0,0,0,060,2015-07-13 11:40:00+00:00,-16.00389849375887,-48.24523829325778
15/07/2015,10:00:00,242,ac02 - Aci,9.0,BR-060/DF,Norte,Tombamento,0,0,1,0,0,1,0,0,0,0,1,1,0,0,0,060,2015-07-15 13:00:00+00:00,-15.906738448827172,-48.140497635744
15/07/2015,05:34:00,524,sem vítima,2.6,BR-060/DF,Sul,Colisão Traseira,2,0,0,0,0,0,0,0,0,0,2,0,0,0,0,060,2015-07-15 08:34:00+00:00,-15.889501002569522,-48.083516968490166
16/07/2015,10:12:00,264,sem vítima,7.4,BR-060/DF,Norte,Saida de Pista,1,0,0,0,0,0,0,0,0,0,1,0,0,0,0,060,2015-07-16 13:12:00+00:00,-15.902411183816676,-48.12625980029487
19/07/2015,01:31:00,28,ac02 - Aci,4.5,BR-060/DF,Norte,Outros - sequências,1,0,0,0,0,0,0,0,0,1,4,2,0,0,0,060,2015-07-19 04:31:00+00:00,-15.894601941264158,-48.100439780793714
19/07/2015,07:30:00,538,ac02 - Aci,3.9,BR-060/DF,Sul,Capotamento,1,0,0,0,0,0,0,0,0,0,5,0,1,0,0,060,2015-07-19 10:30:00+00:00,-15.892990376459235,-48.09509595108984
19/07/2015,10:41:00,641,sem vítima,5.0,BR-060/DF,Sul,Saida de Pista,1,0,0,0,0,0,0,0,0,0,1,0,0,0,0,060,2015-07-19 13:41:00+00:00,-15.895941809050944,-48.10489399995692
20/07/2015,07:56:00,175,sem vítima,3.4,BR-060/DF,Norte,Colisão Traseira,2,0,0,0,0,0,0,0,0,0,2,0,0,0,0,060,2015-07-20 10:56:00+00:00,-15.891646363737602,-48.09064308740863
21/07/2015,02:10:00,369,sem vítima,10.1,BR-060/DF,Norte,Saida de Pista,1,0,0,0,0,0,0,0,0,0,1,0,0,0,0,060,2015-07-21 05:10:00+00:00,-15.90970859960606,-48.15028768319673
26/07/2015,01:07:00,342,sem vítima,3.0,BR-060/DF,Norte,Colisão Lateral,2,0,0,0,0,0,0,0,0,0,2,0,0,0,0,060,2015-07-26 04:07:00+00:00,-15.890570424543295,-48.087081067044366
26/07/2015,06:26:00,550,sem vítima,4.3,BR-060/DF,Sul,Colisão Lateral,2,0,0,0,0,0,0,0,0,0,2,0,0,0,0,060,2015-07-26 09:26:00+00:00,-15.894066198953405,-48.098658046035666
27/07/2015,06:58:00,626,ac02 - Aci,23.9,BR-060/DF,Norte,Queda de Moto,0,0,0,1,0,0,0,0,0,0,0,1,0,0,0,060,2015-07-27 09:58:00+00:00,-15.991523690642165,-48.23140237366403
28/07/2015,04:21:00,488,sem vítima,1.4,BR-060/DF,Sul,Queda de Moto,0,0,0,1,0,1,0,0,0,0,2,0,0,0,0,060,2015-07-28 07:21:00+00:00,-15.886284552904923,-48.07282728456082
02/08/2015,04:47:00,81,sem vítima,29.0,BR-060/DF,Norte,Saida de Pista,1,0,0,0,0,0,0,0,0,0,1,0,0,0,0,060,2015-08-02 07:47:00+00:00,-16.029528313854414,-48.253355455172226
02/08/2015,07:15:00,551,sem vítima,15.0,BR-060/DF,Norte,Colisão Traseira,2,0,0,0,0,0,0,0,0,0,2,0,0,0,0,060,2015-08-02 10:15:00+00:00,-15.944004953122208,-48.17199298206615
02/08/2015,07:51:00,572,sem vítima,4.5,BR-060/DF,Sul,Colisão Traseira,1,0,0,0,0,1,0,0,0,0,3,0,0,0,0,060,2015-08-02 10:51:00+00:00,-15.894601941264158,-48.100439780793714
02/08/2015,07:59:00,574,ac02 - Aci,14.0,BR-060/DF,Sul,Outros - sequências,3,0,0,0,0,0,0,0,0,0,2,4,1,0,0,060,2015-08-02 10:59:00+00:00,-15.935302713590612,-48.169510831519545
03/08/2015,08:35:00,181,sem vítima,0.0,BR-060/DF,Norte,Colisão Traseira,2,0,0,0,0,0,0,0,0,0,2,0,0,0,0,060,2015-08-03 11:35:00+00:00,-15.882538099999975,-48.060354719999964
04/08/2015,10:12:00,645,sem vítima,2.0,BR-060/DF,Norte,Tombamento,0,0,1,0,0,0,0,0,0,0,1,0,0,0,0,060,2015-08-04 13:12:00+00:00,-15.887894398539888,-48.078171576973595
05/08/2015,02:46:00,423,sem vítima,4.2,BR-060/DF,Sul,Colisão Traseira,2,0,0,0,0,0,0,0,0,0,2,0,0,0,0,060,2015-08-05 05:46:00+00:00,-15.893799337599853,-48.09776685692331
06/08/2015,07:05:00,100,ac02 - Aci,4.0,BR-060/DF,Sul,Colisão Lateral,0,0,1,0,0,0,0,0,0,1,1,1,0,0,0,060,2015-08-06 10:05:00+00:00,-15.893259852449107,-48.09598631327878
06/08/2015,06:56:00,560,ac02 - Aci,1.0,BR-060/DF,Sul,Queda de Moto,0,0,0,1,0,0,0,0,0,0,0,1,0,0,0,060,2015-08-06 09:56:00+00:00,-15.885213402294612,-48.069263714026626
08/08/2015,03:37:00,451,ac02 - Aci,21.3,BR-060/DF,Norte,Outros - sequências,1,0,0,0,0,0,0,0,0,0,0,3,0,0,0,060,2015-08-08 06:37:00+00:00,-15.981524597059211,-48.20972042242343
11/08/2015,07:04:00,108,ac02 - Aci,31.0,BR-060/DF,Sul,Queda de Moto,0,0,0,1,0,0,0,0,0,0,0,0,1,0,0,060,2015-08-11 10:04:00+00:00,-16.046840191480747,-48.25744222853095
11/08/2015,05:13:00,491,ac02 - Aci,3.0,BR-060/DF,Sul,Queda de Moto,1,0,0,1,0,0,0,0,0,0,0,4,0,0,0,060,2015-08-11 08:13:00+00:00,-15.890570424543295,-48.087081067044366
12/08/2015,05:22:00,518,sem vítima,1.6,BR-060/DF,Norte,Outros - sequências,2,0,0,0,0,0,0,0,0,0,2,0,0,0,0,060,2015-08-12 08:22:00+00:00,-15.886817350238443,-48.07460992560195
13/08/2015,01:02:00,303,ac02 - Aci,7.0,BR-060/DF,Norte,Colisão Traseira,0,0,2,0,0,0,0,0,0,0,1,1,0,0,0,060,2015-08-13 04:02:00+00:00,-15.90132891731299,-48.122699735434956
13/08/2015,02:17:00,348,ac02 - Aci,30.0,BR-060/DF,Sul,Atropelamento - Morador,0,0,1,0,0,0,0,0,0,0,1,0,1,0,0,060,2015-08-13 05:17:00+00:00,-16.038044280533132,-48.255773204625484
13/08/2015,11:57:00,626,sem vítima,2.0,BR-060/DF,Sul,Colisão Traseira,2,0,0,0,0,0,0,0,0,0,3,0,0,0,0,060,2015-08-13 14:57:00+00:00,-15.887894398539888,-48.078171576973595
14/08/2015,07:08:00,77,ac02 - Aci,3.0,BR-060/DF,Norte,Engavetamento,4,0,0,0,0,0,0,0,0,0,5,2,0,0,0,060,2015-08-14 10:08:00+00:00,-15.890570424543295,-48.087081067044366
14/08/2015,10:22:00,607,sem vítima,17.0,BR-060/DF,Sul,Saida de Pista,1,0,0,0,0,0,0,0,0,0,1,0,0,0,0,060,2015-08-14 13:22:00+00:00,-15.960913976370524,-48.17808097568499
14/08/2015,10:26:00,612,sem vítima,6.0,BR-060/DF,Sul,Colisão Traseira,1,0,0,1,0,0,0,0,0,0,2,0,0,0,0,060,2015-08-14 13:26:00+00:00,-15.898636978479185,-48.11379745322939
15/08/2015,12:53:00,14,sem vítima,4.3,BR-060/DF,Sul,Saida de Pista,1,0,0,0,0,1,0,0,0,0,2,0,0,0,0,060,2015-08-15 15:53:00+00:00,-15.894066198953405,-48.098658046035666
16/08/2015,04:49:00,80,ac01 - Aci,8.9,BR-060/DF,Sul,Outros - sequências,2,0,0,0,0,0,0,0,0,0,1,1,0,2,1,060,2015-08-16 07:49:00+00:00,-15.90646362114432,-48.13960901362208
16/08/2015,03:08:00,372,ac02 - Aci,4.8,BR-060/DF,Sul,Outros - sequências,1,0,0,0,0,1,0,0,0,0,1,2,0,0,0,060,2015-08-16 06:08:00+00:00,-15.895403917794027,-48.10311293398399
17/08/2015,12:22:00,4,ac02 - Aci,3.5,BR-060/DF,Norte,Queda de Moto,0,0,0,1,0,0,0,0,0,0,0,2,0,0,0,060,2015-08-17 15:22:00+00:00,-15.89191561071502,-48.09153351881577
19/08/2015,02:22:00,43,ac02 - Aci,3.0,BR-060/DF,Sul,Queda de Moto,0,0,0,1,0,0,0,0,0,0,0,1,0,0,0,060,2015-08-19 05:22:00+00:00,-15.890570424543295,-48.087081067044366
19/08/2015,08:28:00,539,sem vítima,13.0,BR-060/DF,Norte,Queda de Moto,0,0,0,1,0,0,0,0,0,0,1,0,0,0,0,060,2015-08-19 11:28:00+00:00,-15.926640521124574,-48.167015383529694
22/08/2015,11:01:00,259,sem vítima,6.1,BR-060/DF,Norte,Saida de Pista,1,0,0,0,0,0,0,0,0,0,4,0,0,0,0,060,2015-08-22 14:01:00+00:00,-15.898905901809544,-48.114688000153635
23/08/2015,06:26:00,86,ac02 - Aci,4.0,BR-060/DF,Norte,Colisão Traseira,1,0,0,1,0,0,0,0,0,0,1,1,0,0,0,060,2015-08-23 09:26:00+00:00,-15.893259852449107,-48.09598631327878
26/08/2015,05:25:00,513,sem vítima,4.3,BR-060/DF,Norte,Saida de Pista,1,0,0,0,0,1,0,0,0,0,2,0,0,0,0,060,2015-08-26 08:25:00+00:00,-15.894066198953405,-48.098658046035666
28/08/2015,12:26:00,314,ac01 - Aci,4.0,BR-060/DF,Norte,Outros - sequências,1,1,1,1,0,0,0,0,0,0,2,1,0,0,1,060,2015-08-28 15:26:00+00:00,-15.893259852449107,-48.09598631327878
30/08/2015,10:44:00,573,sem vítima,8.0,BR-060/DF,Norte,Choque - Poste,1,0,0,0,0,0,0,0,0,0,1,0,0,0,0,060,2015-08-30 13:44:00+00:00,-15.904031616731608,-48.13159786817079
03/09/2015,11:00:00,625,sem vítima,9.0,BR-060/DF,Sul,Carreta deu L,0,0,1,0,0,0,0,0,0,0,1,0,0,0,0,060,2015-09-03 14:00:00+00:00,-15.906738448827172,-48.140497635744
05/09/2015,05:31:00,113,ac02 - Aci,2.0,BR-060/DF,Sul,Atropelamento - Ciclista,1,1,0,0,0,0,0,0,0,0,2,1,0,0,0,060,2015-09-05 08:31:00+00:00,-15.887894398539888,-48.078171576973595
05/09/2015,04:16:00,559,sem vítima,15.8,BR-060/DF,Norte,Outros - sequências,2,0,0,0,0,0,0,0,0,0,2,0,0,0,0,060,2015-09-05 07:16:00+00:00,-15.950966405035842,-48.17397999364155
05/09/2015,06:09:00,633,ac02 - Aci,23.5,BR-060/DF,Sul,Outros - sequências,1,0,0,0,0,1,0,0,0,0,1,3,0,0,0,060,2015-09-05 09:09:00+00:00,-15.98939266803989,-48.22842929308335
06/09/2015,06:25:00,642,sem vítima,14.0,BR-060/DF,Norte,Engavetamento,3,0,0,0,0,0,0,0,0,0,3,0,0,0,0,060,2015-09-06 09:25:00+00:00,-15.935302713590612,-48.169510831519545
07/09/2015,04:30:00,530,sem vítima,31.0,BR-060/DF,Norte,Colisão Traseira,2,0,0,0,0,0,0,0,0,0,7,0,0,0,0,060,2015-09-07 07:30:00+00:00,-16.046840191480747,-48.25744222853095
11/09/2015,05:10:00,410,ac02 - Aci,17.5,BR-060/DF,Sul,Queda de Ciclista,0,1,0,0,0,0,0,0,0,0,0,1,0,0,0,060,2015-09-11 08:10:00+00:00,-15.964580426725794,-48.180802260952355
18/09/2015,06:12:00,102,sem vítima,16.0,BR-060/DF,Norte,Colisão Traseira,1,0,1,0,0,0,0,0,0,0,3,0,0,0,0,060,2015-09-18 09:12:00+00:00,-15.95270730521758,-48.174474751029436
22/09/2015,07:35:00,90,sem vítima,10.0,BR-060/DF,Norte,Capotamento,1,0,0,0,0,1,0,0,0,0,3,0,0,0,0,060,2015-09-22 10:35:00+00:00,-15.909433209563039,-48.149399239139086
22/09/2015,04:22:00,486,sem vítima,30.0,BR-060/DF,Sul,Saida de Pista,1,0,0,0,0,0,0,0,0,0,1,0,0,0,0,060,2015-09-22 07:22:00+00:00,-16.038044280533132,-48.255773204625484
26/09/2015,02:36:00,40,ac02 - Aci,30.0,BR-060/DF,Norte,"Choque - Defensa. barreira ou submarino""""",1,0,0,0,0,0,0,0,0,0,0,2,0,0,0,060,2015-09-26 05:36:00+00:00,-16.038044280533132,-48.255773204625484
27/09/2015,08:08:00,505,sem vítima,3.0,BR-060/DF,Sul,Colisão Lateral,1,0,0,0,0,0,0,0,0,1,2,0,0,0,0,060,2015-09-27 11:08:00+00:00,-15.890570424543295,-48.087081067044366
29/09/2015,01:15:00,20,ac02 - Aci,23.4,BR-060/DF,Norte,Outros - sequências,1,0,0,0,0,0,0,0,0,0,0,1,0,0,0,060,2015-09-29 04:15:00+00:00,-15.989133988542795,-48.22753680913194
01/10/2015,01:40:00,328,sem vítima,31.3,BR-060/DF,Norte,Colisão Traseira,1,0,1,0,0,0,0,0,0,0,2,0,0,0,0,060,2015-10-01 04:40:00+00:00,-16.04935917306185,-48.258469809442886
03/10/2015,03:46:00,428,sem vítima,29.9,BR-060/DF,Norte,Colisão Traseira,1,0,0,0,0,0,0,0,0,1,2,0,0,0,0,060,2015-10-03 06:46:00+00:00,-16.037248963327713,-48.255334093987244
03/10/2015,03:55:00,437,sem vítima,4.0,BR-060/DF,Norte,Engavetamento,4,0,0,0,0,0,0,0,0,0,4,0,0,0,0,060,2015-10-03 06:55:00+00:00,-15.893259852449107,-48.09598631327878
03/10/2015,08:20:00,584,sem vítima,27.0,BR-060/DF,Sul,Objeto lançado contra veículo,1,0,0,0,0,0,0,0,0,1,2,0,0,0,0,060,2015-10-03 11:20:00+00:00,-16.012633635837343,-48.24755169324156
09/10/2015,07:50:00,122,sem vítima,9.3,BR-060/DF,Norte,Colisão Traseira,2,0,0,0,0,0,0,0,0,0,2,0,0,0,0,060,2015-10-09 10:50:00+00:00,-15.907501647392431,-48.14318174198814
10/10/2015,10:21:00,291,sem vítima,0.8,BR-060/DF,Sul,Colisão Traseira,2,0,0,0,0,0,0,0,0,0,2,0,0,0,0,060,2015-10-10 13:21:00+00:00,-15.884674016108828,-48.067483157785965
10/10/2015,11:50:00,393,sem vítima,12.9,BR-060/DF,Norte,Saida de Pista,1,0,0,0,0,0,0,0,0,0,1,0,0,0,0,060,2015-10-10 14:50:00+00:00,-15.925766278898797,-48.166783748780404
12/10/2015,09:34:00,250,sem vítima,0.8,BR-060/DF,Norte,Outros - sequências,0,0,0,0,0,0,0,0,0,1,1,0,0,0,0,060,2015-10-12 12:34:00+00:00,-15.884674016108828,-48.067483157785965
12/10/2015,03:09:00,508,sem vítima,8.5,BR-060/DF,Sul,Saida de Pista,1,0,0,0,0,0,0,0,0,0,1,0,0,0,0,060,2015-10-12 06:09:00+00:00,-15.905378278368525,-48.1360499469228
12/10/2015,06:54:00,759,sem vítima,3.0,BR-060/DF,Norte,Colisão Traseira,2,0,0,0,0,0,0,0,0,0,2,0,0,0,0,060,2015-10-12 09:54:00+00:00,-15.890570424543295,-48.087081067044366
17/10/2015,12:51:00,15,sem vítima,28.0,BR-060/DF,Sul,Colisão Traseira,0,0,1,0,0,1,0,0,0,0,2,0,0,0,0,060,2015-10-17 15:51:00+00:00,-16.021021519767856,-48.25081787423561
17/10/2015,04:33:00,63,ac02 - Aci,0.5,BR-060/DF,Sul,Colisão Lateral,0,0,0,1,0,1,0,0,0,0,1,0,1,0,0,060,2015-10-17 07:33:00+00:00,-15.883874648754393,-48.064809265741
18/10/2015,06:24:00,487,sem vítima,4.7,BR-060/DF,Norte,Colisão Lateral,2,0,0,0,0,0,0,0,0,0,2,0,0,0,0,060,2015-10-18 08:24:00+00:00,-15.89513844677703,-48.10222129187768
18/10/2015,07:18:00,513,ac02 - Aci,16.0,BR-060/DF,Norte,Colisão Traseira,1,0,0,1,0,0,0,0,0,0,1,0,0,1,0,060,2015-10-18 09:18:00+00:00,-15.95270730521758,-48.174474751029436
19/10/2015,02:49:00,63,ac02 - Aci,12.1,BR-060/DF,Norte,Choque - Poste,1,0,0,0,0,0,0,0,0,0,0,1,1,0,0,060,2015-10-19 04:49:00+00:00,-15.918820704747919,-48.164790938845556
19/10/2015,08:19:00,161,ac02 - Aci,7.8,BR-060/DF,Norte,Colisão Traseira,1,0,0,1,0,0,0,0,0,0,1,1,0,0,0,060,2015-10-19 10:19:00+00:00,-15.903492012333356,-48.12982032070911
22/10/2015,12:33:00,11,sem vítima,2.0,BR-060/DF,Sul,Saida de Pista,1,0,0,0,0,0,0,0,0,0,1,0,0,0,0,060,2015-10-22 14:33:00+00:00,-15.887894398539888,-48.078171576973595
24/10/2015,05:32:00,457,sem vítima,1.4,BR-060/DF,Sul,Capotamento,0,0,0,0,0,0,0,0,0,1,1,0,0,0,0,060,2015-10-24 07:32:00+00:00,-15.886284552904923,-48.07282728456082
30/10/2015,01:56:00,377,ac02 - Aci,25.0,BR-060/DF,Norte,,0,0,0,0,0,0,0,0,0,1,0,1,0,0,0,060,2015-10-30 03:56:00+00:00,-15.996666900982364,-48.2401083109208
30/10/2015,04:08:00,502,sem vítima,23.0,BR-060/DF,Norte,Colisão Lateral,2,0,0,0,0,0,0,0,0,0,2,0,0,0,0,060,2015-10-30 06:08:00+00:00,-15.988437429591501,-48.223876027201335
01/11/2015,03:48:00,308,sem vítima,23.0,BR-060/DF,Sul,Saida de Pista,1,0,0,0,0,0,0,0,0,0,1,0,0,0,0,060,2015-11-01 05:48:00+00:00,-15.988437429591501,-48.223876027201335
01/11/2015,04:32:00,310,ac02 - Aci,9.3,BR-060/DF,Sul,Colisão Traseira,2,0,0,0,0,0,0,0,0,0,0,3,0,0,0,060,2015-11-01 06:32:00+00:00,-15.907501647392431,-48.14318174198814
01/11/2015,06:45:00,381,ac02 - Aci,28.5,BR-060/DF,Sul,Outros - sequências,1,0,0,0,0,0,0,0,0,0,0,1,0,0,0,060,2015-11-01 08:45:00+00:00,-16.025040296596266,-48.25291936067039
01/11/2015,10:30:00,453,ac02 - Aci,26.0,BR-060/DF,Norte,Colisão Traseira,1,0,1,0,0,0,0,0,0,0,1,1,0,0,0,060,2015-11-01 12:30:00+00:00,-16.00389849375887,-48.24523829325778
02/11/2015,05:40:00,71,sem vítima,30.0,BR-060/DF,Norte,Saida de Pista,0,0,0,0,0,0,0,0,0,1,1,0,0,0,0,060,2015-11-02 07:40:00+00:00,-16.038044280533132,-48.255773204625484
02/11/2015,07:19:00,526,sem vítima,30.0,BR-060/DF,Norte,Colisão Traseira,1,0,0,0,0,0,0,0,0,1,2,0,0,0,0,060,2015-11-02 09:19:00+00:00,-16.038044280533132,-48.255773204625484
06/11/2015,05:49:00,460,sem vítima,4.6,BR-060/DF,Norte,Colisão Traseira,3,0,0,0,0,0,0,0,0,0,3,0,0,0,0,060,2015-11-06 07:49:00+00:00,-15.894869312642035,-48.101330822990235
07/11/2015,07:08:00,535,ac02 - Aci,27.0,BR-060/DF,Sul,Capotamento,1,0,0,0,0,0,0,0,0,0,0,1,0,0,0,060,2015-11-07 09:08:00+00:00,-16.012633635837343,-48.24755169324156
08/11/2015,07:04:00,592,ac02 - Aci,3.0,BR-060/DF,Norte,Colisão Traseira,2,0,0,0,0,0,0,0,0,0,1,2,0,0,0,060,2015-11-08 09:04:00+00:00,-15.890570424543295,-48.087081067044366
10/11/2015,11:43:00,577,ac02 - Aci,10.5,BR-060/DF,Sul,Outros - sequências,1,0,0,0,0,0,0,0,0,0,0,0,1,0,0,060,2015-11-10 13:43:00+00:00,-15.910794751494217,-48.15384651881411
11/11/2015,02:11:00,34,sem vítima,1.3,BR-060/DF,Sul,Colisão Traseira,1,0,1,0,0,0,0,0,0,0,2,0,0,0,0,060,2015-11-11 04:11:00+00:00,-15.886015355122499,-48.071936845255706
11/11/2015,12:14:00,302,ac02 - Aci,7.8,BR-060/DF,Sul,Capotamento,1,0,0,0,0,0,0,0,0,0,2,1,0,0,0,060,2015-11-11 14:14:00+00:00,-15.903492012333356,-48.12982032070911
11/11/2015,12:49:00,318,sem vítima,9.0,BR-060/DF,Norte,Colisão Traseira,1,0,0,0,1,0,0,0,0,0,2,0,0,0,0,060,2015-11-11 14:49:00+00:00,-15.906738448827172,-48.140497635744
17/11/2015,07:51:00,143,sem vítima,31.0,BR-060/DF,Sul,Saida de Pista,1,0,0,0,0,0,0,0,0,0,1,0,0,0,0,060,2015-11-17 09:51:00+00:00,-16.046840191480747,-48.25744222853095
17/11/2015,03:58:00,507,sem vítima,19.0,BR-060/DF,Norte,Outros - sequências,0,0,0,0,0,0,0,0,0,1,1,0,0,0,0,060,2015-11-17 05:58:00+00:00,-15.974895370007726,-48.189626613849754
18/11/2015,07:05:00,66,sem vítima,19.0,BR-060/DF,Sul,Saida de Pista,1,0,0,0,0,0,0,0,0,0,1,0,0,0,0,060,2015-11-18 09:05:00+00:00,-15.974895370007726,-48.189626613849754
18/11/2015,03:47:00,396,sem vítima,21.5,BR-060/DF,Norte,Soterramento,0,0,0,0,0,0,0,0,0,1,1,0,0,0,0,060,2015-11-18 05:47:00+00:00,-15.982351057791197,-48.211379801911406
18/11/2015,04:05:00,410,sem vítima,22.9,BR-060/DF,Norte,Saida de Pista,1,0,0,0,0,0,0,0,0,0,1,0,0,0,0,060,2015-11-18 06:05:00+00:00,-15.988125037800588,-48.2230010866408
22/11/2015,07:07:00,93,sem vítima,26.0,BR-060/DF,Sul,Saida de Pista,1,0,0,0,0,0,0,0,0,0,1,0,0,0,0,060,2015-11-22 09:07:00+00:00,-16.00389849375887,-48.24523829325778
22/11/2015,08:54:00,145,sem vítima,3.0,BR-060/DF,Sul,Colisão Transversal,1,0,0,1,0,0,0,0,0,0,2,0,0,0,0,060,2015-11-22 10:54:00+00:00,-15.890570424543295,-48.087081067044366
22/11/2015,10:16:00,542,ac02 - Aci,3.0,BR-060/DF,Sul,Colisão Traseira,1,0,0,1,0,0,0,0,0,0,0,4,0,0,0,060,2015-11-22 12:16:00+00:00,-15.890570424543295,-48.087081067044366
23/11/2015,10:59:00,247,sem vítima,2.0,BR-060/DF,Norte,Colisão Traseira,2,0,0,0,0,0,0,0,0,0,2,0,0,0,0,060,2015-11-23 12:59:00+00:00,-15.887894398539888,-48.078171576973595