data,horario,n_da_ocorrencia,tipo_de_ocorrencia,km,trecho,sentido,tipo_de_acidente,automovel,bicicleta,caminhao,moto,onibus,outros,tracao_animal,transporte_de_cargas_especiais,trator_maquinas,utilitarios,ilesos,levemente_feridos,moderadamente_feridos,gravemente_feridos,mortos,vl_br,timestamp_utc,latitude_acidente,longitude_acidente
24/11/2015,02:28:00,356,sem vítima,2.0,BR-060/DF,Sul,Colisão Lateral,1,0,1,0,0,0,0,0,0,0,2,0,0,0,0,060,2015-11-24 04:28:00+00:00,-15.887894398539888,-48.078171576973595
24/11/2015,05:44:00,454,sem vítima,12.0,BR-060/DF,Norte,Choque - Poste,0,0,0,0,0,0,0,0,0,1,1,0,0,0,0,060,2015-11-24 07:44:00+00:00,-15.917950731309672,-48.164541812566426
26/11/2015,02:17:00,357,sem vítima,2.0,BR-060/DF,Sul,Colisão Traseira,1,0,0,1,0,0,0,0,0,0,2,0,0,0,0,060,2015-11-26 04:17:00+00:00,-15.887894398539888,-48.078171576973595
27/11/2015,07:09:00,510,sem vítima,25.9,BR-060/DF,Norte,Saida de Pista,1,0,0,0,0,0,0,0,0,0,1,0,0,0,0,060,2015-11-27 09:09:00+00:00,-16.003085014163666,-48.24483416685039
27/11/2015,10:45:00,627,ac02 - Aci,1.0,BR-060/DF,Sul,Colisão Traseira,2,0,0,0,0,0,0,0,0,0,0,4,0,0,0,060,2015-11-27 12:45:00+00:00,-15.885213402294612,-48.069263714026626
30/11/2015,07:47:00,576,sem vítima,4.0,BR-060/DF,Sul,Engavetamento,2,0,0,0,0,1,0,0,0,0,3,0,0,0,0,060,2015-11-30 09:47:00+00:00,-15.893259852449107,-48.09598631327878
03/12/2015,10:43:00,236,sem vítima,0.1,BR-060/DF,Norte,Colisão Traseira,1,0,0,0,0,1,0,0,0,0,2,0,0,0,0,060,2015-12-03 12:43:00+00:00,-15.882815458182089,-48.06124193278919
05/12/2015,10:32:00,521,sem vítima,5.0,BR-060/DF,Sul,Colisão Traseira,2,0,0,0,0,0,0,0,0,0,2,0,0,0,0,060,2015-12-05 12:32:00+00:00,-15.895941809050944,-48.10489399995692
06/12/2015,05:27:00,371,ac02 - Aci,26.2,BR-060/DF,Sul,Saida de Pista,0,0,0,0,0,0,0,0,0,1,0,2,0,0,0,060,2015-12-06 07:27:00+00:00,-16.005605238768783,-48.24583684259932
07/12/2015,01:26:00,26,sem vítima,10.0,BR-060/DF,Sul,Saida de Pista,1,0,0,0,0,0,0,0,0,0,1,0,0,0,0,060,2015-12-07 03:26:00+00:00,-15.909433209563039,-48.149399239139086
09/12/2015,11:02:00,168,sem vítima,13.0,BR-060/DF,Sul,Colisão Traseira,0,1,0,0,0,1,0,0,0,0,2,0,0,0,0,060,2015-12-09 13:02:00+00:00,-15.926640521124574,-48.167015383529694
10/12/2015,01:11:00,17,ac02 - Aci,6.0,BR-060/DF,Sul,Choque - Suporte de Sinalização,1,0,0,0,0,0,0,0,0,0,1,1,0,0,0,060,2015-12-10 03:11:00+00:00,-15.898636978479185,-48.11379745322939
10/12/2015,08:40:00,136,sem vítima,0.1,BR-060/DF,Norte,Colisão Traseira,1,0,0,1,0,0,0,0,0,0,2,0,0,0,0,060,2015-12-10 10:40:00+00:00,-15.882815458182089,-48.06124193278919
11/12/2015,08:20:00,580,ac02 - Aci,1.5,BR-060/DF,Sul,Atropelamento - Andarilho,0,0,0,0,0,1,0,0,0,0,1,0,1,0,0,060,2015-12-11 10:20:00+00:00,-15.886551587787343,-48.07371840795247
11/12/2015,10:13:00,626,sem vítima,31.0,BR-060/DF,Sul,Saida de Pista,1,0,0,0,0,0,0,0,0,0,1,0,0,0,0,060,2015-12-11 12:13:00+00:00,-16.046840191480747,-48.25744222853095
12/12/2015,09:05:00,548,sem vítima,2.0,BR-060/DF,Sul,Outros - sequências,1,0,0,0,0,1,0,0,0,0,2,0,0,0,0,060,2015-12-12 11:05:00+00:00,-15.887894398539888,-48.078171576973595
14/12/2015,05:17:00,415,sem vítima,20.0,BR-060/DF,Norte,Outros - sequências,1,0,0,0,0,0,0,0,0,0,1,0,0,0,0,060,2015-12-14 07:17:00+00:00,-15.976474517957563,-48.19880946279917
15/12/2015,11:44:00,223,ac02 - Aci,2.5,BR-060/DF,Norte,Saida de Pista,1,0,0,0,0,0,0,0,0,0,0,1,0,0,0,060,2015-12-15 13:44:00+00:00,-15.889231878258785,-48.08262650352442
17/12/2015,04:42:00,35,sem vítima,15.5,BR-060/DF,Norte,Atropelamento - Animal,1,0,0,0,0,0,0,0,0,0,1,0,0,0,0,060,2015-12-17 06:42:00+00:00,-15.948356543930375,-48.17323231717683
17/12/2015,09:21:00,528,sem vítima,1.0,BR-060/DF,Sul,Outros - sequências,3,0,0,0,0,0,0,0,0,0,3,0,0,0,0,060,2015-12-17 11:21:00+00:00,-15.885213402294612,-48.069263714026626
19/12/2015,01:21:00,271,ac02 - Aci,10.0,BR-060/DF,Sul,Queda de Moto,0,0,0,1,0,0,0,0,0,0,1,1,0,0,0,060,2015-12-19 03:21:00+00:00,-15.909433209563039,-48.149399239139086
20/12/2015,07:47:00,80,sem vítima,6.4,BR-060/DF,Sul,Saida de Pista,0,0,0,0,0,1,0,0,0,0,1,0,0,0,0,060,2015-12-20 09:47:00+00:00,-15.89971595001308,-48.11735858929161
20/12/2015,12:31:00,229,sem vítima,19.0,BR-060/DF,Norte,Saida de Pista,1,0,0,0,0,0,0,0,0,0,1,0,0,0,0,060,2015-12-20 14:31:00+00:00,-15.974895370007726,-48.189626613849754
23/12/2015,07:18:00,524,ac02 - Aci,20.0,BR-060/DF,Sul,Saida de Pista,1,0,0,0,0,0,0,0,0,0,1,0,1,0,0,060,2015-12-23 09:18:00+00:00,-15.976474517957563,-48.19880946279917
24/12/2015,09:59:00,177,ac02 - Aci,2.6,BR-060/DF,Norte,Outros - sequências,2,0,0,0,0,0,0,0,0,0,4,2,0,0,0,060,2015-12-24 11:59:00+00:00,-15.889501002569522,-48.083516968490166
24/12/2015,10:06:00,182,ac01 - Aci,31.0,BR-060/DF,Norte,Queda de Ciclista,0,0,0,1,0,0,0,0,0,0,0,0,0,0,1,060,2015-12-24 12:06:00+00:00,-16.046840191480747,-48.25744222853095
24/12/2015,09:28:00,600,ac02 - Aci,3.0,BR-060/DF,Norte,Colisão Traseira,2,0,0,0,0,0,0,0,0,0,3,4,0,0,0,060,2015-12-24 11:28:00+00:00,-15.890570424543295,-48.087081067044366
25/12/2015,05:20:00,54,sem vítima,1.0,BR-060/DF,Norte,Queda de Moto,0,0,0,1,0,0,0,0,0,0,1,0,0,0,0,060,2015-12-25 07:20:00+00:00,-15.885213402294612,-48.069263714026626
25/12/2015,04:52:00,349,sem vítima,8.7,BR-060/DF,Norte,Colisão Lateral,1,0,0,0,0,1,0,0,0,0,2,0,0,0,0,060,2015-12-25 06:52:00+00:00,-15.905924746450424,-48.13782822878981
25/12/2015,10:48:00,494,sem vítima,3.1,BR-060/DF,Norte,Saida de Pista,1,0,0,0,0,0,0,0,0,0,1,0,0,0,0,060,2015-12-25 12:48:00+00:00,-15.890837816067066,-48.08797208800573
26/12/2015,02:28:00,231,sem vítima,22.0,BR-060/DF,Norte,Saida de Pista,1,0,0,0,0,0,0,0,0,0,1,0,0,0,0,060,2015-12-26 04:28:00+00:00,-15.984421419053252,-48.215525994734165
28/12/2015,06:44:00,351,sem vítima,3.0,BR-060/DF,Norte,Colisão Traseira,2,0,0,0,0,0,0,0,0,0,2,0,0,0,0,060,2015-12-28 08:44:00+00:00,-15.890570424543295,-48.087081067044366
29/12/2015,11:54:00,500,sem vítima,29.0,BR-060/DF,Norte,"Choque - Defensa. barreira ou submarino""""",1,0,0,0,0,0,0,0,0,0,2,0,0,0,0,060,2015-12-29 13:54:00+00:00,-16.029528313854414,-48.253355455172226
30/12/2015,07:24:00,73,sem vítima,0.2,BR-060/DF,Sul,Saida de Pista,1,0,0,0,0,0,0,0,0,0,1,0,0,0,0,060,2015-12-30 09:24:00+00:00,-15.883079789718268,-48.06213392407057
31/12/2015,07:31:00,444,sem vítima,15.0,BR-060/DF,Norte,Atropelamento - Animal,1,0,0,0,0,0,0,0,0,0,1,0,0,0,0,060,2015-12-31 09:31:00+00:00,-15.944004953122208,-48.17199298206615
01/01/2016,01:04:00,152,sem vítima,25.0,BR-060/DF,Norte,Outros - sequências,1,0,1,0,0,0,0,0,0,0,2,0,0,0,0,060,2016-01-01 03:04:00+00:00,-15.996666900982364,-48.2401083109208
01/01/2016,08:01:00,295,sem vítima,4.3,BR-060/DF,Sul,Saida de Pista,1,0,0,0,0,0,0,0,0,0,1,0,0,0,0,060,2016-01-01 10:01:00+00:00,-15.894066198953405,-48.098658046035666
05/01/2016,06:29:00,48,sem vítima,3.0,BR-060/DF,Norte,Colisão Traseira,1,0,0,1,0,0,0,0,0,0,2,0,0,0,0,060,2016-01-05 08:29:00+00:00,-15.890570424543295,-48.087081067044366
05/01/2016,07:49:00,72,sem vítima,3.0,BR-060/DF,Norte,Colisão Lateral,2,0,0,0,0,0,0,0,0,0,2,0,0,0,0,060,2016-01-05 09:49:00+00:00,-15.890570424543295,-48.087081067044366
08/01/2016,09:26:00,149,sem vítima,14.0,BR-060/DF,Norte,Saida de Pista,1,0,0,0,0,0,0,0,0,0,1,0,0,0,0,060,2016-01-08 11:26:00+00:00,-15.935302713590612,-48.169510831519545
08/01/2016,02:59:00,308,ac02 - Aci,17.0,BR-060/DF,Norte,Saida de Pista,0,0,0,1,0,0,0,0,0,0,0,1,0,0,0,060,2016-01-08 04:59:00+00:00,-15.960913976370524,-48.17808097568499
09/01/2016,08:30:00,469,sem vítima,3.0,BR-060/DF,Sul,Colisão Traseira,2,0,0,0,0,0,0,0,0,0,2,0,0,0,0,060,2016-01-09 10:30:00+00:00,-15.890570424543295,-48.087081067044366
10/01/2016,01:58:00,251,sem vítima,1.0,BR-060/DF,Sul,Colisão Traseira,2,0,0,0,0,0,0,0,0,0,2,0,0,0,0,060,2016-01-10 03:58:00+00:00,-15.885213402294612,-48.069263714026626
14/01/2016,05:21:00,362,sem vítima,29.6,BR-060/DF,Sul,Saida de Pista,1,0,0,0,0,0,0,0,0,0,1,0,0,0,0,060,2016-01-14 07:21:00+00:00,-16.034897166650264,-48.25396665183983
15/01/2016,08:06:00,485,sem vítima,30.5,BR-060/DF,Sul,Colisão Traseira,2,0,0,0,0,0,0,0,0,0,2,0,0,0,0,060,2016-01-15 10:06:00+00:00,-16.04249098492558,-48.256301479637
15/01/2016,08:18:00,493,sem vítima,8.0,BR-060/DF,Sul,Queda de Ciclista,0,0,0,1,0,1,0,0,0,0,2,0,0,0,0,060,2016-01-15 10:18:00+00:00,-15.904031616731608,-48.13159786817079
16/01/2016,07:58:00,95,ac02 - Aci,23.0,BR-060/DF,Norte,Outros - sequências,1,0,0,0,0,0,0,0,0,0,1,0,1,0,0,060,2016-01-16 09:58:00+00:00,-15.988437429591501,-48.223876027201335
17/01/2016,12:09:00,200,ac02 - Aci,30.0,BR-060/DF,Sul,Capotamento,0,0,0,0,0,0,0,0,0,1,0,5,0,0,0,060,2016-01-17 14:09:00+00:00,-16.038044280533132,-48.255773204625484
17/01/2016,04:45:00,336,sem vítima,29.0,BR-060/DF,Norte,Saida de Pista,1,0,0,0,0,0,0,0,0,0,1,0,0,0,0,060,2016-01-17 06:45:00+00:00,-16.029528313854414,-48.253355455172226
17/01/2016,05:11:00,347,sem vítima,29.0,BR-060/DF,Norte,Colisão Traseira,1,0,0,0,0,0,0,0,0,1,2,0,0,0,0,060,2016-01-17 07:11:00+00:00,-16.029528313854414,-48.253355455172226
18/01/2016,06:57:00,419,sem vítima,4.0,BR-060/DF,Sul,Colisão Lateral,1,0,0,0,1,0,0,0,0,0,2,0,0,0,0,060,2016-01-18 08:57:00+00:00,-15.893259852449107,-48.09598631327878
19/01/2016,09:57:00,186,sem vítima,2.3,BR-060/DF,Sul,Colisão Traseira,1,0,0,1,0,0,0,0,0,0,3,0,0,0,0,060,2016-01-19 11:57:00+00:00,-15.888696785264422,-48.080844561029515
20/01/2016,01:15:00,19,sem vítima,30.0,BR-060/DF,Sul,Saida de Pista,1,0,0,0,0,0,0,0,0,0,1,0,0,0,0,060,2016-01-20 03:15:00+00:00,-16.038044280533132,-48.255773204625484
20/01/2016,07:38:00,74,ac02 - Aci,29.7,BR-060/DF,Norte,Capotamento,1,0,0,0,0,0,0,0,0,0,0,1,0,0,0,060,2016-01-20 09:38:00+00:00,-16.035726446364553,-48.254333187961734
20/01/2016,10:19:00,173,sem vítima,26.0,BR-060/DF,Norte,Saida de Pista,1,0,0,0,0,0,0,0,0,0,2,0,0,0,0,060,2016-01-20 12:19:00+00:00,-16.00389849375887,-48.24523829325778
27/01/2016,09:57:00,152,sem vítima,27.8,BR-060/DF,Norte,Saida de Pista,1,0,0,0,0,0,0,0,0,0,1,0,0,0,0,060,2016-01-27 11:57:00+00:00,-16.01944393636853,-48.249910223372474
28/01/2016,10:21:00,481,sem vítima,2.6,BR-060/DF,Sul,Colisão Traseira,1,0,1,0,0,0,0,0,0,0,2,0,0,0,0,060,2016-01-28 12:21:00+00:00,-15.889501002569522,-48.083516968490166
28/01/2016,11:56:00,504,sem vítima,8.9,BR-060/DF,Norte,Outros - sequências,3,0,0,0,0,0,0,0,0,0,3,0,0,0,0,060,2016-01-28 13:56:00+00:00,-15.90646362114432,-48.13960901362208
01/02/2016,07:50:00,73,sem vítima,0.0,BR-060/DF,Norte,Outros - sequências,1,0,0,2,0,0,0,0,0,0,4,0,0,0,0,060,2016-02-01 09:50:00+00:00,-15.882538099999975,-48.060354719999964
02/02/2016,12:36:00,265,ac02 - Aci,11.0,BR-060/DF,Norte,Outros - sequências,1,0,0,0,0,1,0,0,0,0,1,1,0,0,0,060,2016-02-02 14:36:00+00:00,-15.91214363530004,-48.1582979635198
05/02/2016,03:39:00,349,sem vítima,18.0,BR-060/DF,Sul,Saida de Pista,1,0,0,0,0,0,0,0,0,0,1,0,0,0,0,060,2016-02-05 05:39:00+00:00,-15.968248777029663,-48.18352085268955
06/02/2016,09:47:00,545,ac02 - Aci,2.0,BR-060/DF,Sul,Colisão Lateral,2,0,0,0,0,0,0,0,0,0,1,1,0,0,0,060,2016-02-06 11:47:00+00:00,-15.887894398539888,-48.078171576973595
06/02/2016,11:20:00,569,ac02 - Aci,10.0,BR-060/DF,Sul,Outros - sequências,0,0,0,1,0,1,0,0,0,0,1,0,0,1,0,060,2016-02-06 13:20:00+00:00,-15.909433209563039,-48.149399239139086
07/02/2016,09:30:00,451,sem vítima,3.0,BR-060/DF,Norte,Colisão Traseira,1,0,0,0,0,0,0,0,0,1,2,0,0,0,0,060,2016-02-07 11:30:00+00:00,-15.890570424543295,-48.087081067044366
09/02/2016,06:16:00,400,sem vítima,13.0,BR-060/DF,Norte,Colisão Traseira,2,0,0,0,0,0,0,0,0,0,2,0,0,0,0,060,2016-02-09 08:16:00+00:00,-15.926640521124574,-48.167015383529694
10/02/2016,10:25:00,544,sem vítima,18.0,BR-060/DF,Sul,Colisão Traseira,1,0,1,0,0,0,0,0,0,0,2,0,0,0,0,060,2016-02-10 12:25:00+00:00,-15.968248777029663,-48.18352085268955
13/02/2016,05:57:00,391,ac02 - Aci,29.3,BR-060/DF,Sul,Capotamento,0,0,0,0,0,0,0,0,0,1,0,0,1,0,0,060,2016-02-13 07:57:00+00:00,-16.032230068847202,-48.253545988295606
13/02/2016,09:05:00,477,sem vítima,4.7,BR-060/DF,Sul,Colisão Traseira,2,0,0,0,0,0,0,0,0,0,2,0,0,0,0,060,2016-02-13 11:05:00+00:00,-15.89513844677703,-48.10222129187768
14/02/2016,11:24:00,486,sem vítima,25.0,BR-060/DF,Norte,Outros - sequências,0,0,2,0,0,0,0,0,0,0,2,0,0,0,0,060,2016-02-14 13:24:00+00:00,-15.996666900982364,-48.2401083109208
15/02/2016,02:12:00,17,sem vítima,6.3,BR-060/DF,Norte,Tombamento,0,0,2,0,0,0,0,0,0,0,2,0,0,0,0,060,2016-02-15 04:12:00+00:00,-15.899446553384713,-48.116468192008675
17/02/2016,11:52:00,208,sem vítima,1.0,BR-060/DF,Norte,Outros - sequências,1,0,0,0,0,0,0,0,0,0,1,0,0,0,0,060,2016-02-17 13:52:00+00:00,-15.885213402294612,-48.069263714026626
19/02/2016,02:00:00,306,sem vítima,7.6,BR-060/DF,Norte,Colisão Traseira,2,0,0,0,0,0,0,0,0,0,2,0,0,0,0,060,2016-02-19 04:00:00+00:00,-15.902950017610628,-48.128040578138396
20/02/2016,07:02:00,434,sem vítima,24.0,BR-060/DF,Norte,Outros - sequências,1,0,0,0,0,0,0,0,0,0,1,0,0,0,0,060,2016-02-20 09:02:00+00:00,-15.992144413890477,-48.23207994070532
21/02/2016,05:03:00,30,sem vítima,3.0,BR-060/DF,Norte,Saida de Pista,1,0,0,0,0,0,0,0,0,0,1,0,0,0,0,060,2016-02-21 08:03:00+00:00,-15.890570424543295,-48.087081067044366
21/02/2016,12:50:00,228,sem vítima,26.0,BR-060/DF,Norte,Queda de Ciclista,0,0,0,1,0,0,0,0,0,0,1,0,0,0,0,060,2016-02-21 15:50:00+00:00,-16.00389849375887,-48.24523829325778
25/02/2016,12:07:00,207,ac02 - Aci,10.5,BR-060/DF,Sul,Outros - sequências,0,0,1,0,0,0,0,0,0,1,2,1,0,0,0,060,2016-02-25 15:07:00+00:00,-15.910794751494217,-48.15384651881411
25/02/2016,02:07:00,273,sem vítima,3.0,BR-060/DF,Sul,Outros - sequências,1,0,1,0,0,0,0,0,0,0,2,0,0,0,0,060,2016-02-25 05:07:00+00:00,-15.890570424543295,-48.087081067044366
26/02/2016,01:34:00,307,sem vítima,9.2,BR-060/DF,Sul,Saida de Pista,1,0,0,0,0,0,0,0,0,0,1,0,0,0,0,060,2016-02-26 04:34:00+00:00,-15.907235820258222,-48.14229019320047
27/02/2016,03:05:00,306,ac02 - Aci,9.2,BR-060/DF,Sul,Outros - sequências,1,0,0,0,0,0,0,0,0,0,0,1,0,0,0,060,2016-02-27 06:05:00+00:00,-15.907235820258222,-48.14229019320047
28/02/2016,10:56:00,481,sem vítima,2.0,BR-060/DF,Sul,Outros - sequências,2,0,0,0,0,1,0,0,0,0,3,0,0,0,0,060,2016-02-28 13:56:00+00:00,-15.887894398539888,-48.078171576973595
29/02/2016,07:31:00,54,ac02 - Aci,0.4,BR-060/DF,Sul,Colisão Traseira,3,0,0,0,0,0,0,0,0,0,2,1,0,0,0,060,2016-02-29 10:31:00+00:00,-15.883611169623782,-48.06391702247983
29/02/2016,08:40:00,107,sem vítima,0.4,BR-060/DF,Sul,Engavetamento,3,0,0,0,0,0,0,0,0,0,3,0,0,0,0,060,2016-02-29 11:40:00+00:00,-15.883611169623782,-48.06391702247983
02/03/2016,08:17:00,491,ac01 - Aci,7.0,BR-060/DF,Sul,Atropelamento - Morador,0,0,0,0,0,1,0,0,0,0,1,0,0,0,1,060,2016-03-02 11:17:00+00:00,-15.90132891731299,-48.122699735434956
03/03/2016,04:13:00,294,sem vítima,7.0,BR-060/DF,Sul,Colisão Lateral,1,0,0,1,0,0,0,0,0,0,2,0,0,0,0,060,2016-03-03 07:13:00+00:00,-15.90132891731299,-48.122699735434956
04/03/2016,07:59:00,96,ac02 - Aci,9.0,BR-060/DF,Norte,Queda de Moto,0,0,0,1,0,0,0,0,0,0,0,1,0,0,0,060,2016-03-04 10:59:00+00:00,-15.906738448827172,-48.140497635744
04/03/2016,09:28:00,170,sem vítima,0.0,BR-060/DF,Sul,Colisão Traseira,1,0,0,0,0,0,0,0,0,0,1,0,0,0,0,060,2016-03-04 12:28:00+00:00,-15.882538099999975,-48.060354719999964
04/03/2016,04:18:00,395,sem vítima,29.0,BR-060/DF,Norte,Saida de Pista,1,0,0,0,0,0,0,0,0,0,1,0,0,0,0,060,2016-03-04 07:18:00+00:00,-16.029528313854414,-48.253355455172226
05/03/2016,05:35:00,53,sem vítima,24.0,BR-060/DF,Sul,Saida de Pista,1,0,0,0,0,0,0,0,0,0,1,0,0,0,0,060,2016-03-05 08:35:00+00:00,-15.992144413890477,-48.23207994070532
05/03/2016,02:21:00,325,sem vítima,29.5,BR-060/DF,Norte,Saida de Pista,1,0,0,0,0,0,0,0,0,0,2,0,0,0,0,060,2016-03-05 05:21:00+00:00,-16.034025073076602,-48.25372782020066
08/03/2016,06:45:00,42,sem vítima,29.0,BR-060/DF,Norte,Saida de Pista,1,0,0,0,0,0,0,0,0,0,1,0,0,0,0,060,2016-03-08 09:45:00+00:00,-16.029528313854414,-48.253355455172226
10/03/2016,08:03:00,87,sem vítima,0.0,BR-060/DF,Norte,Colisão Traseira,1,0,0,1,0,0,0,0,0,0,2,0,0,0,0,060,2016-03-10 11:03:00+00:00,-15.882538099999975,-48.060354719999964
11/03/2016,01:02:00,290,ac02 - Aci,30.5,BR-060/DF,Sul,Colisão Traseira,1,0,0,0,0,1,0,0,0,0,2,1,0,0,0,060,2016-03-11 04:02:00+00:00,-16.04249098492558,-48.256301479637
11/03/2016,03:01:00,348,sem vítima,30.0,BR-060/DF,Sul,Saida de Pista,1,0,0,0,0,0,0,0,0,0,1,0,0,0,0,060,2016-03-11 06:01:00+00:00,-16.038044280533132,-48.255773204625484
11/03/2016,04:53:00,408,sem vítima,3.0,BR-060/DF,Sul,Colisão Traseira,1,0,0,0,0,1,0,0,0,0,2,0,0,0,0,060,2016-03-11 07:53:00+00:00,-15.890570424543295,-48.087081067044366
12/03/2016,03:23:00,348,ac02 - Aci,18.0,BR-060/DF,Sul,Saida de Pista,1,0,0,0,0,0,0,0,0,0,0,1,0,0,0,060,2016-03-12 06:23:00+00:00,-15.968248777029663,-48.18352085268955
12/03/2016,08:19:00,495,ac01 - Aci,20.7,BR-060/DF,Norte,Atropelamento - Andarilho,0,0,0,0,0,1,0,0,0,0,1,0,0,0,1,060,2016-03-12 11:19:00+00:00,-15.979042637338356,-48.20474368713222
13/03/2016,02:06:00,18,sem vítima,12.0,BR-060/DF,Norte,Choque - Poste,1,0,0,0,0,0,0,0,0,0,1,0,0,0,0,060,2016-03-13 05:06:00+00:00,-15.917950731309672,-48.164541812566426
13/03/2016,07:45:00,414,sem vítima,9.0,BR-060/DF,Norte,Saida de Pista,1,0,0,0,0,0,0,0,0,0,1,0,0,0,0,060,2016-03-13 10:45:00+00:00,-15.906738448827172,-48.140497635744
25/03/2016,06:17:00,55,sem vítima,3.0,BR-060/DF,Sul,Colisão Lateral,2,0,0,0,0,0,0,0,0,0,2,0,0,0,0,060,2016-03-25 09:17:00+00:00,-15.890570424543295,-48.087081067044366
25/03/2016,02:11:00,363,sem vítima,0.0,BR-060/DF,Norte,Outros - sequências,3,0,0,0,0,0,0,0,0,0,3,0,0,0,0,060,2016-03-25 05:11:00+00:00,-15.882538099999975,-48.060354719999964
25/03/2016,04:24:00,445,sem vítima,29.5,BR-060/DF,Norte,"Choque - Defensa. barreira ou submarino""""",1,0,0,0,0,0,0,0,0,0,1,0,0,0,0,060,2016-03-25 07:24:00+00:00,-16.034025073076602,-48.25372782020066
26/03/2016,10:08:00,161,sem vítima,3.0,BR-060/DF,Sul,Atropelamento - Ciclista,1,1,0,0,0,0,0,0,0,0,2,0,0,0,0,060,2016-03-26 13:08:00+00:00,-15.890570424543295,-48.087081067044366
26/03/2016,02:42:00,302,ac02 - Aci,28.0,BR-060/DF,Norte,Saida de Pista,1,0,0,0,0,0,0,0,0,0,0,2,1,0,0,060,2016-03-26 05:42:00+00:00,-16.021021519767856,-48.25081787423561
27/03/2016,06:00:00,469,sem vítima,1.5,BR-060/DF,Norte,Colisão Traseira,2,0,0,0,0,0,0,0,0,0,2,0,0,0,0,060,2016-03-27 09:00:00+00:00,-15.886551587787343,-48.07371840795247
27/03/2016,08:05:00,545,ac02 - Aci,23.5,BR-060/DF,Norte,Outros - sequências,1,0,0,0,0,0,0,0,0,0,0,1,1,1,0,060,2016-03-27 11:05:00+00:00,-15.98939266803989,-48.22842929308335
01/04/2016,11:58:00,217,sem vítima,14.0,BR-060/DF,Norte,Queda de Moto,0,0,0,1,0,0,0,0,0,0,1,0,0,0,0,060,2016-04-01 14:58:00+00:00,-15.935302713590612,-48.169510831519545
02/04/2016,01:31:00,251,sem vítima,7.0,BR-060/DF,Norte,Queda de Moto,0,0,0,1,0,0,0,0,0,0,1,0,0,0,0,060,2016-04-02 04:31:00+00:00,-15.90132891731299,-48.122699735434956
02/04/2016,07:08:00,457,sem vítima,3.0,BR-060/DF,Norte,Saida de Pista,1,0,0,0,0,1,0,0,0,0,2,0,0,0,0,060,2016-04-02 10:08:00+00:00,-15.890570424543295,-48.087081067044366
06/04/2016,02:17:00,313,ac02 - Aci,0.0,BR-060/DF,Sul,Outros - sequências,2,0,1,0,0,0,0,0,0,1,1,3,0,0,0,060,2016-04-06 05:17:00+00:00,-15.882538099999975,-48.060354719999964
08/04/2016,01:25:00,24,sem vítima,14.0,BR-060/DF,Sul,Saida de Pista,1,0,0,0,0,0,0,0,0,0,1,0,0,0,0,060,2016-04-08 04:25:00+00:00,-15.935302713590612,-48.169510831519545
10/04/2016,03:44:00,285,ac02 - Aci,21.0,BR-060/DF,Sul,Saida de Pista,1,0,0,0,0,0,0,0,0,0,0,3,0,0,0,060,2016-04-10 06:44:00+00:00,-15.980282887787558,-48.20723244241915
11/04/2016,03:34:00,28,ac02 - Aci,30.0,BR-060/DF,Sul,Colisão Traseira,1,0,0,0,0,1,0,0,0,0,2,2,0,0,0,060,2016-04-11 06:34:00+00:00,-16.038044280533132,-48.255773204625484
11/04/2016,08:11:00,97,ac02 - Aci,28.0,BR-060/DF,Sul,Capotamento,1,0,0,0,0,0,0,0,0,0,0,1,0,0,0,060,2016-04-11 11:11:00+00:00,-16.021021519767856,-48.25081787423561
11/04/2016,09:24:00,146,ac02 - Aci,4.0,BR-060/DF,Sul,Colisão Traseira,0,0,0,1,0,1,0,0,0,0,1,1,0,0,0,060,2016-04-11 12:24:00+00:00,-15.893259852449107,-48.09598631327878
11/04/2016,05:25:00,416,sem vítima,3.0,BR-060/DF,Sul,Colisão Transversal,2,0,0,0,0,0,0,0,0,0,2,0,0,0,0,060,2016-04-11 08:25:00+00:00,-15.890570424543295,-48.087081067044366
14/04/2016,03:41:00,358,sem vítima,7.0,BR-060/DF,Sul,Outros - sequências,1,0,0,0,0,0,0,0,0,0,1,0,0,0,0,060,2016-04-14 06:41:00+00:00,-15.90132891731299,-48.122699735434956
16/04/2016,05:59:00,58,ac02 - Aci,26.0,BR-060/DF,Sul,Capotamento,2,0,0,0,0,0,0,0,0,0,1,3,0,0,0,060,2016-04-16 08:59:00+00:00,-16.00389849375887,-48.24523829325778
19/04/2016,08:47:00,118,sem vítima,2.5,BR-060/DF,Sul,Colisão Lateral,2,0,0,0,0,0,0,0,0,0,2,0,0,0,0,060,2016-04-19 11:47:00+00:00,-15.889231878258785,-48.08262650352442