data,horario,n_da_ocorrencia,tipo_de_ocorrencia,km,trecho,sentido,tipo_de_acidente,automovel,bicicleta,caminhao,moto,onibus,outros,tracao_animal,transporte_de_cargas_especiais,trator_maquinas,utilitarios,ilesos,levemente_feridos,moderadamente_feridos,gravemente_feridos,mortos,vl_br,timestamp_utc,latitude_acidente,longitude_acidente
21/04/2016,06:01:00,52,sem vítima,6.0,BR-060/DF,Norte,Saida de Pista,1,0,0,0,0,0,0,0,0,0,1,0,0,0,0,060,2016-04-21 09:01:00+00:00,-15.898636978479185,-48.11379745322939
21/04/2016,10:37:00,182,sem vítima,10.0,BR-060/DF,Sul,Capotamento,1,0,0,0,0,0,0,0,0,0,1,0,0,0,0,060,2016-04-21 13:37:00+00:00,-15.909433209563039,-48.149399239139086
24/04/2016,12:10:00,204,sem vítima,3.0,BR-060/DF,Sul,Colisão Traseira,2,0,0,0,0,0,0,0,0,0,2,0,0,0,0,060,2016-04-24 15:10:00+00:00,-15.890570424543295,-48.087081067044366
24/04/2016,04:23:00,372,sem vítima,13.4,BR-060/DF,Norte,Engavetamento,4,0,0,0,0,0,0,0,0,0,4,0,0,0,0,060,2016-04-24 07:23:00+00:00,-15.930156281747577,-48.167779205608134
29/04/2016,05:57:00,426,sem vítima,7.0,BR-060/DF,Norte,Outros - sequências,1,0,0,0,0,0,0,0,0,0,1,0,0,0,0,060,2016-04-29 08:57:00+00:00,-15.90132891731299,-48.122699735434956
01/05/2016,01:40:00,10,sem vítima,7.0,BR-060/DF,Norte,Colisão Transversal,2,0,0,0,0,0,0,0,0,0,2,0,0,0,0,060,2016-05-01 04:40:00+00:00,-15.90132891731299,-48.122699735434956
01/05/2016,06:33:00,45,sem vítima,25.0,BR-060/DF,Norte,Colisão Lateral,2,0,0,0,0,0,0,0,0,0,2,0,0,0,0,060,2016-05-01 09:33:00+00:00,-15.996666900982364,-48.2401083109208
02/05/2016,06:32:00,472,ac02 - Aci,11.0,BR-060/DF,Norte,Saida de Pista,1,0,0,0,0,0,0,0,0,0,0,1,0,0,0,060,2016-05-02 09:32:00+00:00,-15.91214363530004,-48.1582979635198
07/05/2016,12:31:00,254,ac02 - Aci,10.0,BR-060/DF,Norte,Capotamento,1,0,0,0,0,0,0,0,0,0,0,1,3,1,0,060,2016-05-07 15:31:00+00:00,-15.909433209563039,-48.149399239139086
07/05/2016,10:50:00,518,ac01 - Aci,8.0,BR-060/DF,Sul,Outros - sequências,1,0,0,0,0,0,0,0,0,0,0,0,0,0,1,060,2016-05-07 13:50:00+00:00,-15.904031616731608,-48.13159786817079
08/05/2016,03:13:00,254,ac02 - Aci,19.5,BR-060/DF,Norte,Capotamento,1,0,0,0,0,0,0,0,0,0,0,2,1,0,0,060,2016-05-08 06:13:00+00:00,-15.975738465352089,-48.1942060017083
08/05/2016,06:51:00,389,ac02 - Aci,5.0,BR-060/DF,Norte,Colisão Traseira,2,0,0,0,0,0,0,0,0,0,2,1,0,0,0,060,2016-05-08 09:51:00+00:00,-15.895941809050944,-48.10489399995692
14/05/2016,05:02:00,36,ac02 - Aci,31.3,BR-060/DF,Sul,Capotamento,1,0,0,0,0,0,0,0,0,0,0,0,1,0,0,060,2016-05-14 08:02:00+00:00,-16.04935917306185,-48.258469809442886
16/05/2016,06:08:00,402,ac02 - Aci,18.8,BR-060/DF,Sul,Saida de Pista,1,0,0,0,0,0,0,0,0,0,0,4,0,0,0,060,2016-05-16 09:08:00+00:00,-15.973994978013215,-48.188019408416444
20/05/2016,08:13:00,107,sem vítima,4.0,BR-060/DF,Sul,Colisão Lateral,1,0,0,0,0,1,0,0,0,0,2,0,0,0,0,060,2016-05-20 11:13:00+00:00,-15.893259852449107,-48.09598631327878
20/05/2016,02:18:00,342,sem vítima,4.0,BR-060/DF,Norte,Colisão Traseira,1,0,0,1,0,0,0,0,0,0,2,0,0,0,0,060,2016-05-20 05:18:00+00:00,-15.893259852449107,-48.09598631327878
21/05/2016,10:14:00,148,sem vítima,4.3,BR-060/DF,Sul,Colisão Lateral,2,0,0,0,0,0,0,0,0,0,2,0,0,0,0,060,2016-05-21 13:14:00+00:00,-15.894066198953405,-48.098658046035666
22/05/2016,10:05:00,196,sem vítima,8.0,BR-060/DF,Sul,,1,0,0,0,0,0,0,0,0,0,1,0,0,0,0,060,2016-05-22 13:05:00+00:00,-15.904031616731608,-48.13159786817079
24/05/2016,04:30:00,441,ac02 - Aci,8.0,BR-060/DF,Sul,Saida de Pista,1,0,0,0,0,0,0,0,0,0,0,3,0,0,0,060,2016-05-24 07:30:00+00:00,-15.904031616731608,-48.13159786817079
26/05/2016,07:59:00,509,ac02 - Aci,3.0,BR-060/DF,Norte,Outros - sequências,1,0,0,0,0,1,0,0,0,0,1,2,0,0,0,060,2016-05-26 10:59:00+00:00,-15.890570424543295,-48.087081067044366
28/05/2016,05:26:00,43,sem vítima,6.5,BR-060/DF,Sul,Capotamento,1,0,0,0,0,0,0,0,0,0,1,0,0,0,0,060,2016-05-28 08:26:00+00:00,-15.899984212662646,-48.11824935279593
28/05/2016,06:07:00,400,ac02 - Aci,28.0,BR-060/DF,Sul,Outros - sequências,1,0,0,0,0,0,0,0,0,0,0,1,0,0,0,060,2016-05-28 09:07:00+00:00,-16.021021519767856,-48.25081787423561
31/05/2016,06:21:00,483,sem vítima,7.0,BR-060/DF,Sul,Outros - sequências,1,0,0,0,0,0,0,0,0,0,1,0,0,0,0,060,2016-05-31 09:21:00+00:00,-15.90132891731299,-48.122699735434956
04/06/2016,11:41:00,208,ac02 - Aci,6.5,BR-060/DF,Sul,Colisão Lateral,0,0,0,2,0,0,0,0,0,0,1,1,0,0,0,060,2016-06-04 14:41:00+00:00,-15.899984212662646,-48.11824935279593
06/06/2016,09:51:00,151,ac02 - Aci,2.5,BR-060/DF,Norte,Queda de Moto,0,0,0,1,0,0,0,0,0,0,0,1,0,0,0,060,2016-06-06 12:51:00+00:00,-15.889231878258785,-48.08262650352442
10/06/2016,08:28:00,81,sem vítima,2.8,BR-060/DF,Norte,Colisão Traseira,1,0,0,0,0,1,0,0,0,0,2,0,0,0,0,060,2016-06-10 11:28:00+00:00,-15.890032766912675,-48.0852999731222
10/06/2016,02:13:00,248,ac02 - Aci,28.0,BR-060/DF,Sul,Outros - sequências,1,0,0,0,0,0,0,0,0,0,0,1,0,0,0,060,2016-06-10 05:13:00+00:00,-16.021021519767856,-48.25081787423561
17/06/2016,08:46:00,592,sem vítima,1.0,BR-060/DF,Sul,Colisão Traseira,1,0,0,1,0,0,0,0,0,0,2,0,0,0,0,060,2016-06-17 11:46:00+00:00,-15.885213402294612,-48.069263714026626
19/06/2016,06:11:00,46,ac01 - Aci,7.0,BR-060/DF,Sul,Atropelamento - Ciclista,1,1,0,0,0,0,0,0,0,0,1,0,0,0,1,060,2016-06-19 09:11:00+00:00,-15.90132891731299,-48.122699735434956
19/06/2016,07:20:00,62,ac02 - Aci,10.0,BR-060/DF,Sul,Queda de Ciclista,0,1,0,0,0,0,0,0,0,0,0,0,0,1,0,060,2016-06-19 10:20:00+00:00,-15.909433209563039,-48.149399239139086
20/06/2016,07:17:00,531,sem vítima,4.0,BR-060/DF,Sul,Choque - Outros,0,0,0,1,0,0,1,0,0,0,2,0,0,0,0,060,2016-06-20 10:17:00+00:00,-15.893259852449107,-48.09598631327878
22/06/2016,07:13:00,44,sem vítima,4.7,BR-060/DF,Sul,Colisão Lateral,1,0,0,1,1,1,0,0,0,0,4,0,0,0,0,060,2016-06-22 10:13:00+00:00,-15.89513844677703,-48.10222129187768
24/06/2016,02:52:00,346,sem vítima,4.5,BR-060/DF,Norte,Outros - sequências,2,0,0,0,0,0,0,0,0,0,2,0,0,0,0,060,2016-06-24 05:52:00+00:00,-15.894601941264158,-48.100439780793714
25/06/2016,05:02:00,378,sem vítima,11.2,BR-060/DF,Sul,Outros - sequências,3,0,0,0,0,0,0,0,0,0,3,0,0,0,0,060,2016-06-25 08:02:00+00:00,-15.9126880094574,-48.16007697673964
25/06/2016,07:33:00,451,sem vítima,2.7,BR-060/DF,Norte,Colisão Traseira,2,0,0,0,0,0,0,0,0,0,2,0,0,0,0,060,2016-06-25 10:33:00+00:00,-15.889766670314438,-48.08440853581659
29/06/2016,11:28:00,218,sem vítima,13.0,BR-060/DF,Norte,Capotamento,1,0,0,0,0,0,0,0,0,0,1,0,0,0,0,060,2016-06-29 14:28:00+00:00,-15.926640521124574,-48.167015383529694
29/06/2016,06:46:00,476,ac02 - Aci,12.05,BR-060/DF,Sul,Outros - sequências,1,0,1,1,0,0,0,0,0,0,2,1,0,0,0,060,2016-06-29 09:46:00+00:00,-15.91838592982777,-48.16466558253016
30/06/2016,07:25:00,70,ac02 - Aci,14.0,BR-060/DF,Norte,Choque - Poste,1,0,0,0,0,0,0,0,0,0,0,1,0,1,0,060,2016-06-30 10:25:00+00:00,-15.935302713590612,-48.169510831519545
30/06/2016,06:17:00,436,ac02 - Aci,3.0,BR-060/DF,Sul,Colisão Lateral,0,0,0,2,0,0,0,0,0,0,1,1,0,0,0,060,2016-06-30 09:17:00+00:00,-15.890570424543295,-48.087081067044366
01/07/2016,07:26:00,474,sem vítima,4.0,BR-060/DF,Sul,Engavetamento,2,0,0,0,0,1,0,0,0,0,3,0,0,0,0,060,2016-07-01 10:26:00+00:00,-15.893259852449107,-48.09598631327878
02/07/2016,04:50:00,351,ac02 - Aci,1.264,BR-060/DF,Sul,Atropelamento - Ciclista,2,1,0,0,0,0,0,0,0,0,1,2,0,0,0,060,2016-07-02 07:50:00+00:00,-15.885918295871798,-48.0716163337104
04/07/2016,01:46:00,286,ac02 - Aci,5.0,BR-060/DF,Norte,Choque - Poste,1,0,0,0,0,0,0,0,0,0,0,1,0,0,0,060,2016-07-04 04:46:00+00:00,-15.895941809050944,-48.10489399995692
05/07/2016,06:23:00,435,ac02 - Aci,2.7,BR-060/DF,Sul,Colisão Lateral,0,0,0,1,0,0,0,0,0,1,1,1,0,0,0,060,2016-07-05 09:23:00+00:00,-15.889766670314438,-48.08440853581659
09/07/2016,04:06:00,356,sem vítima,17.5,BR-060/DF,Norte,Colisão Traseira,1,0,1,0,0,0,0,0,0,0,2,0,0,0,0,060,2016-07-09 07:06:00+00:00,-15.964580426725794,-48.180802260952355
16/07/2016,02:33:00,354,sem vítima,4.4,BR-060/DF,Sul,Colisão Lateral,2,0,0,0,0,0,0,0,0,0,2,0,0,0,0,060,2016-07-16 05:33:00+00:00,-15.894336626583348,-48.099548091839104
17/07/2016,03:45:00,344,sem vítima,12.6,BR-060/DF,Norte,Colisão Traseira,1,0,0,0,0,1,0,0,0,0,2,0,0,0,0,060,2016-07-17 06:45:00+00:00,-15.92316634496535,-48.166034026865624
17/07/2016,06:28:00,432,sem vítima,12.6,BR-060/DF,Norte,Engavetamento,3,0,0,0,0,0,0,0,0,0,3,0,0,0,0,060,2016-07-17 09:28:00+00:00,-15.92316634496535,-48.166034026865624
18/07/2016,12:49:00,13,ac02 - Aci,16.0,BR-060/DF,Norte,Colisão Traseira,0,0,2,0,0,0,0,0,0,0,2,0,0,1,0,060,2016-07-18 15:49:00+00:00,-15.95270730521758,-48.174474751029436
18/07/2016,08:05:00,85,sem vítima,20.0,BR-060/DF,Norte,Saida de Pista,1,0,0,0,0,0,0,0,0,0,1,0,0,0,0,060,2016-07-18 11:05:00+00:00,-15.976474517957563,-48.19880946279917
20/07/2016,07:35:00,495,sem vítima,2.5,BR-060/DF,Sul,Colisão Traseira,2,0,0,0,0,0,0,0,0,0,2,0,0,0,0,060,2016-07-20 10:35:00+00:00,-15.889231878258785,-48.08262650352442
23/07/2016,01:43:00,290,ac02 - Aci,4.0,BR-060/DF,Norte,Outros - sequências,2,0,0,0,0,0,0,0,0,0,1,1,0,0,0,060,2016-07-23 04:43:00+00:00,-15.893259852449107,-48.09598631327878
23/07/2016,06:29:00,459,ac02 - Aci,17.0,BR-060/DF,Sul,Outros - sequências,2,0,0,0,0,0,0,0,0,0,1,4,0,0,0,060,2016-07-23 09:29:00+00:00,-15.960913976370524,-48.17808097568499
24/07/2016,05:10:00,41,sem vítima,11.5,BR-060/DF,Norte,Choque - Poste,1,0,0,0,0,0,0,0,0,0,1,0,0,0,0,060,2016-07-24 08:10:00+00:00,-15.913970260200244,-48.162512567963205
24/07/2016,08:01:00,504,sem vítima,3.0,BR-060/DF,Norte,Engavetamento,2,0,0,0,0,0,0,0,0,0,2,0,0,0,0,060,2016-07-24 11:01:00+00:00,-15.890570424543295,-48.087081067044366
26/07/2016,07:25:00,60,sem vítima,4.119,BR-060/DF,Norte,Colisão Traseira,1,0,0,1,0,0,0,0,0,0,2,0,0,0,0,060,2016-07-26 10:25:00+00:00,-15.893581081174244,-48.09704565646082
27/07/2016,07:25:00,572,sem vítima,10.0,BR-060/DF,Sul,Colisão Traseira,2,0,0,0,0,0,0,0,0,0,2,0,0,0,0,060,2016-07-27 10:25:00+00:00,-15.909433209563039,-48.149399239139086
01/08/2016,01:50:00,326,sem vítima,23.5,BR-060/DF,Norte,Capotamento,1,0,0,0,0,0,0,0,0,0,1,0,0,0,0,060,2016-08-01 04:50:00+00:00,-15.98939266803989,-48.22842929308335
07/08/2016,07:41:00,448,ac02 - Aci,3.0,BR-060/DF,Norte,Outros - sequências,1,0,0,1,0,1,0,0,0,0,2,1,0,0,0,060,2016-08-07 10:41:00+00:00,-15.890570424543295,-48.087081067044366
10/08/2016,10:19:00,210,sem vítima,11.0,BR-060/DF,Norte,Colisão Traseira,2,0,0,0,0,0,0,0,0,0,2,0,0,0,0,060,2016-08-10 13:19:00+00:00,-15.91214363530004,-48.1582979635198
10/08/2016,07:18:00,534,ac02 - Aci,7.0,BR-060/DF,Sul,Atropelamento - Andarilho,1,0,0,0,0,0,0,0,0,0,1,1,0,0,0,060,2016-08-10 10:18:00+00:00,-15.90132891731299,-48.122699735434956
15/08/2016,11:12:00,217,ac02 - Aci,4.0,BR-060/DF,Sul,Colisão Traseira,2,0,1,0,0,0,0,0,0,0,2,1,0,0,0,060,2016-08-15 14:12:00+00:00,-15.893259852449107,-48.09598631327878
20/08/2016,03:10:00,372,ac02 - Aci,11.432,BR-060/DF,Norte,Saida de Pista,1,0,0,0,0,0,0,0,0,0,0,0,1,0,0,060,2016-08-20 06:10:00+00:00,-15.913583244341808,-48.16202053122659
20/08/2016,07:57:00,548,ac02 - Aci,4.5,BR-060/DF,Norte,Colisão Traseira,0,0,0,1,0,0,0,0,0,1,1,1,0,0,0,060,2016-08-20 10:57:00+00:00,-15.894601941264158,-48.100439780793714
21/08/2016,06:19:00,414,sem vítima,2.6,BR-060/DF,Sul,Outros - sequências,1,0,0,1,0,0,0,0,0,0,2,0,0,0,0,060,2016-08-21 09:19:00+00:00,-15.889501002569522,-48.083516968490166
21/08/2016,07:36:00,451,ac02 - Aci,3.212,BR-060/DF,Norte,Colisão Traseira,1,0,0,0,0,0,0,0,0,1,1,3,0,0,0,060,2016-08-21 10:36:00+00:00,-15.891138730059064,-48.088969563097244
22/08/2016,04:09:00,341,ac02 - Aci,7.251,BR-060/DF,Sul,Colisão Traseira,3,0,0,0,0,0,0,0,0,0,2,2,0,0,0,060,2016-08-22 07:09:00+00:00,-15.902005792864474,-48.12493440056503
26/08/2016,08:08:00,110,sem vítima,4.0,BR-060/DF,Norte,Colisão Traseira,0,0,1,1,0,0,0,0,0,0,2,0,0,0,0,060,2016-08-26 11:08:00+00:00,-15.893259852449107,-48.09598631327878
26/08/2016,08:13:00,117,ac02 - Aci,0.3,BR-060/DF,Norte,Colisão Lateral,2,0,0,1,0,0,0,0,0,0,2,1,0,0,0,060,2016-08-26 11:13:00+00:00,-15.883343656716994,-48.063026051802055
27/08/2016,10:14:00,221,ac02 - Aci,7.0,BR-060/DF,Sul,Atropelamento - Sem Informação,0,0,0,0,1,0,0,0,0,0,1,0,0,1,0,060,2016-08-27 13:14:00+00:00,-15.90132891731299,-48.122699735434956
27/08/2016,06:21:00,526,sem vítima,8.0,BR-060/DF,Norte,Saida de Pista,1,0,0,0,0,0,0,0,0,0,1,0,0,0,0,060,2016-08-27 09:21:00+00:00,-15.904031616731608,-48.13159786817079
28/08/2016,10:10:00,179,sem vítima,0.0,BR-060/DF,Sul,Saida de Pista,1,0,0,0,0,0,0,0,0,1,2,0,0,0,0,060,2016-08-28 13:10:00+00:00,-15.882538099999975,-48.060354719999964
28/08/2016,07:35:00,496,sem vítima,16.0,BR-060/DF,Norte,Saida de Pista,1,0,0,0,0,0,0,0,0,0,1,0,0,0,0,060,2016-08-28 10:35:00+00:00,-15.95270730521758,-48.174474751029436
28/08/2016,09:20:00,549,sem vítima,3.5,BR-060/DF,Norte,Queda de Ciclista,0,0,0,1,0,0,0,0,0,0,1,0,0,0,0,060,2016-08-28 12:20:00+00:00,-15.89191561071502,-48.09153351881577
30/08/2016,10:08:00,581,sem vítima,27.0,BR-060/DF,Sul,Choque - Outros,1,0,0,0,0,0,0,0,0,0,1,0,0,0,0,060,2016-08-30 13:08:00+00:00,-16.012633635837343,-48.24755169324156
02/09/2016,02:16:00,344,sem vítima,21.1,BR-060/DF,Norte,Outros - sequências,1,0,0,0,0,0,0,0,0,0,5,0,0,0,0,060,2016-09-02 05:16:00+00:00,-15.980698345566829,-48.208060939288224
03/09/2016,06:27:00,85,sem vítima,4.0,BR-060/DF,Sul,Colisão Traseira,1,0,1,0,0,0,0,0,0,0,2,0,0,0,0,060,2016-09-03 09:27:00+00:00,-15.893259852449107,-48.09598631327878
07/09/2016,09:09:00,514,ac02 - Aci,28.0,BR-060/DF,Sul,Queda de Moto,0,0,0,1,0,0,0,0,0,0,0,1,0,0,0,060,2016-09-07 12:09:00+00:00,-16.021021519767856,-48.25081787423561
11/09/2016,09:05:00,117,sem vítima,31.0,BR-060/DF,Sul,Colisão Lateral,1,0,1,0,0,0,0,0,0,0,2,0,0,0,0,060,2016-09-11 12:05:00+00:00,-16.046840191480747,-48.25744222853095
11/09/2016,05:02:00,390,sem vítima,11.0,BR-060/DF,Sul,Queda de Moto,0,0,0,1,0,0,0,0,0,0,1,0,0,0,0,060,2016-09-11 08:02:00+00:00,-15.91214363530004,-48.1582979635198
16/09/2016,07:30:00,622,sem vítima,3.0,BR-060/DF,Norte,Colisão Traseira,2,0,0,0,0,0,0,0,0,0,2,0,0,0,0,060,2016-09-16 10:30:00+00:00,-15.890570424543295,-48.087081067044366
17/09/2016,06:23:00,479,sem vítima,3.0,BR-060/DF,Norte,Colisão Traseira,2,0,0,0,0,0,0,0,0,0,2,0,0,0,0,060,2016-09-17 09:23:00+00:00,-15.890570424543295,-48.087081067044366
20/09/2016,04:12:00,428,sem vítima,25.0,BR-060/DF,Norte,Outros - sequências,1,0,0,0,0,0,0,0,0,0,1,0,0,0,0,060,2016-09-20 07:12:00+00:00,-15.996666900982364,-48.2401083109208
22/09/2016,10:19:00,240,sem vítima,29.0,BR-060/DF,Norte,Tombamento,0,0,1,0,0,0,0,0,0,0,1,0,0,0,0,060,2016-09-22 13:19:00+00:00,-16.029528313854414,-48.253355455172226
22/09/2016,12:50:00,314,sem vítima,3.0,BR-060/DF,Sul,Colisão Traseira,1,0,0,0,0,0,0,0,0,1,2,0,0,0,0,060,2016-09-22 15:50:00+00:00,-15.890570424543295,-48.087081067044366
23/09/2016,11:14:00,655,ac01 - Aci,1.4,BR-060/DF,Norte,Choque - Poste,0,0,0,1,0,0,0,0,0,0,0,0,0,0,1,060,2016-09-23 14:14:00+00:00,-15.886284552904923,-48.07282728456082
24/09/2016,10:53:00,234,ac02 - Aci,4.252,BR-060/DF,Norte,Outros - sequências,1,0,0,0,0,0,0,0,0,0,0,1,0,0,0,060,2016-09-24 13:53:00+00:00,-15.893939607152285,-48.09822979285868
30/09/2016,10:33:00,665,sem vítima,3.0,BR-060/DF,Sul,Colisão Traseira,2,0,0,0,0,0,0,0,0,0,2,0,0,0,0,060,2016-09-30 13:33:00+00:00,-15.890570424543295,-48.087081067044366
02/10/2016,03:51:00,363,sem vítima,4.0,BR-060/DF,Norte,Colisão Lateral,1,0,0,1,0,0,0,0,0,0,2,0,0,0,0,060,2016-10-02 06:51:00+00:00,-15.893259852449107,-48.09598631327878
04/10/2016,12:10:00,283,sem vítima,29.7,BR-060/DF,Norte,Capotamento,0,0,0,0,0,0,0,0,0,1,1,0,0,0,0,060,2016-10-04 15:10:00+00:00,-16.035726446364553,-48.254333187961734
05/10/2016,03:31:00,381,sem vítima,11.029,BR-060/DF,Norte,Saida de Pista,1,0,0,0,0,0,0,0,0,0,1,0,0,0,0,060,2016-10-05 06:31:00+00:00,-15.912223126441045,-48.15855573862589
05/10/2016,05:24:00,433,ac01 - Aci,28.185,BR-060/DF,Norte,Atropelamento - Morador,0,0,0,0,0,0,0,0,0,1,1,0,0,1,1,060,2016-10-05 08:24:00+00:00,-16.022484926103242,-48.25164971115199
06/10/2016,10:00:00,190,sem vítima,30.483,BR-060/DF,Sul,Choque - Veiculo parado no acostamento,0,0,2,0,0,0,0,0,0,0,2,0,0,0,0,060,2016-10-06 13:00:00+00:00,-16.04233801091122,-48.25628908961792
07/10/2016,12:13:00,2,ac01 - Aci,7.834,BR-060/DF,Norte,Atropelamento - Andarilho,0,0,0,0,0,1,0,0,0,0,1,0,0,0,1,060,2016-10-07 15:13:00+00:00,-15.903582585259471,-48.13012338565873
08/10/2016,04:15:00,348,sem vítima,5.237,BR-060/DF,Norte,Queda de Moto,0,0,0,1,0,0,0,0,0,0,2,0,0,0,0,060,2016-10-08 07:15:00+00:00,-15.896578978932963,-48.10700459533341
10/10/2016,04:06:00,452,sem vítima,13.323,BR-060/DF,Norte,Saida de Pista,1,0,0,0,0,0,0,0,0,0,1,0,0,0,0,060,2016-10-10 07:06:00+00:00,-15.92949177880514,-48.167568723411485
11/10/2016,08:28:00,529,sem vítima,5.0,BR-060/DF,Sul,Colisão Traseira,0,0,0,1,0,1,0,0,0,0,2,0,0,0,0,060,2016-10-11 11:28:00+00:00,-15.895941809050944,-48.10489399995692
12/10/2016,05:12:00,418,ac02 - Aci,6.154,BR-060/DF,Sul,,1,0,0,1,0,0,0,0,0,0,5,0,1,0,0,060,2016-10-12 08:12:00+00:00,-15.89905300670185,-48.11516828483812
15/10/2016,05:30:00,114,ac02 - Aci,23.9,BR-060/DF,Norte,Queda de Moto,0,0,0,1,0,1,0,0,0,0,1,1,0,0,0,060,2016-10-15 08:30:00+00:00,-15.991523690642165,-48.23140237366403
16/10/2016,02:10:00,290,sem vítima,2.895,BR-060/DF,Norte,Saida de Pista,1,0,0,0,0,1,0,0,0,0,2,0,0,0,0,060,2016-10-16 04:10:00+00:00,-15.890291278779378,-48.08614499463609
21/10/2016,08:57:00,144,ac02 - Aci,0.4,BR-060/DF,Norte,Colisão Traseira,1,0,0,1,0,0,0,0,0,0,1,1,0,0,0,060,2016-10-21 10:57:00+00:00,-15.883611169623782,-48.06391702247983
24/10/2016,10:14:00,171,sem vítima,4.25,BR-060/DF,Norte,Colisão Traseira,0,1,1,0,0,0,0,0,0,0,2,0,0,0,0,060,2016-10-24 12:14:00+00:00,-15.893934343193557,-48.098211945494256
27/10/2016,09:28:00,179,sem vítima,16.325,BR-060/DF,Norte,Saida de Pista,1,0,0,0,0,0,0,0,0,0,2,0,0,0,0,060,2016-10-27 11:28:00+00:00,-15.955535955523608,-48.17527989467176
28/10/2016,05:36:00,539,sem vítima,18.0,BR-060/DF,Sul,Saida de Pista,1,0,0,0,0,0,0,0,0,0,1,0,0,0,0,060,2016-10-28 07:36:00+00:00,-15.968248777029663,-48.18352085268955
05/11/2016,12:35:00,235,ac02 - Aci,24.482,BR-060/DF,Norte,Atropelamento - Usuário,0,0,1,0,0,0,0,0,0,0,1,0,1,0,0,060,2016-11-05 14:35:00+00:00,-15.994524686589807,-48.235811299703826
05/11/2016,12:53:00,242,sem vítima,24.49,BR-060/DF,Norte,Saida de Pista,1,0,0,0,0,0,0,0,0,0,1,0,0,0,0,060,2016-11-05 14:53:00+00:00,-15.994557385947282,-48.23587786696242
07/11/2016,06:09:00,524,ac02 - Aci,4.4,BR-060/DF,Norte,Colisão Traseira,1,0,0,1,0,0,0,0,0,0,1,1,0,0,0,060,2016-11-07 08:09:00+00:00,-15.894336626583348,-48.099548091839104
08/11/2016,05:08:00,566,ac02 - Aci,1.8,BR-060/DF,Norte,Colisão Traseira,1,0,0,0,0,0,0,0,0,1,1,1,0,0,0,060,2016-11-08 07:08:00+00:00,-15.887358898237972,-48.07638976034672
09/11/2016,03:29:00,376,sem vítima,4.01,BR-060/DF,Sul,Saida de Pista,1,0,0,0,0,0,0,0,0,0,1,0,0,0,0,060,2016-11-09 05:29:00+00:00,-15.89328711484215,-48.0960752473258
10/11/2016,03:48:00,357,sem vítima,28.6,BR-060/DF,Sul,Choque - Talude,0,0,0,0,0,0,0,0,0,1,1,0,0,0,0,060,2016-11-10 05:48:00+00:00,-16.025926918903306,-48.25308821717928
10/11/2016,05:57:00,410,sem vítima,5.0,BR-060/DF,Sul,Outros - sequências,1,0,0,0,0,1,0,0,0,0,2,0,0,0,0,060,2016-11-10 07:57:00+00:00,-15.895941809050944,-48.10489399995692
11/11/2016,05:37:00,45,sem vítima,18.38,BR-060/DF,Norte,Atropelamento de Animal,0,0,0,1,0,0,0,0,0,0,1,0,0,0,0,060,2016-11-11 07:37:00+00:00,-15.971036488782723,-48.185587304405715
13/11/2016,03:46:00,29,ac02 - Aci,1.0,BR-060/DF,Norte,Choque - Outros,1,0,0,0,0,0,0,0,0,0,0,2,1,0,0,060,2016-11-13 05:46:00+00:00,-15.885213402294612,-48.069263714026626
13/11/2016,07:51:00,72,ac02 - Aci,2.0,BR-060/DF,Sul,Colisão Traseira,1,0,0,1,0,0,0,0,0,0,1,1,0,0,0,060,2016-11-13 09:51:00+00:00,-15.887894398539888,-48.078171576973595
13/11/2016,07:04:00,381,ac02 - Aci,8.0,BR-060/DF,Norte,Choque - Poste,1,0,0,0,0,0,0,0,0,0,0,2,0,0,0,060,2016-11-13 09:04:00+00:00,-15.904031616731608,-48.13159786817079
14/11/2016,12:25:00,268,sem vítima,25.0,BR-060/DF,Norte,Saida de Pista,1,0,0,0,0,0,0,0,0,0,1,0,0,0,0,060,2016-11-14 14:25:00+00:00,-15.996666900982364,-48.2401083109208
16/11/2016,10:56:00,345,ac02 - Aci,29.658,BR-060/DF,Norte,Saida de Pista,1,0,0,0,0,0,0,0,0,0,1,3,0,0,0,060,2016-11-16 12:56:00+00:00,-16.035384716451127,-48.25416355433041
16/11/2016,12:40:00,406,ac02 - Aci,28.305,BR-060/DF,Sul,Colisão Lateral,0,0,1,0,0,0,0,0,0,1,1,1,2,0,0,060,2016-11-16 14:40:00+00:00,-16.02343428817942,-48.252189044081156
18/11/2016,12:28:00,468,ac02 - Aci,28.5,BR-060/DF,Norte,Capotamento,1,0,0,0,0,0,0,0,0,0,0,1,0,0,0,060,2016-11-18 14:28:00+00:00,-16.025040296596266,-48.25291936067039
19/11/2016,02:16:00,475,sem vítima,27.5,BR-060/DF,Norte,Saida de Pista,1,0,0,0,0,0,0,0,0,0,1,0,0,0,0,060,2016-11-19 04:16:00+00:00,-16.017007088624922,-48.24869782235361