data,horario,n_da_ocorrencia,tipo_de_ocorrencia,km,trecho,sentido,tipo_de_acidente,automovel,bicicleta,caminhao,moto,onibus,outros,tracao_animal,transporte_de_cargas_especiais,trator_maquinas,utilitarios,ilesos,levemente_feridos,moderadamente_feridos,gravemente_feridos,mortos,vl_br,timestamp_utc,latitude_acidente,longitude_acidente
03/04/2017,07:06:00,72,ac02 - Aci,28.594,BR-060/DF,Sul,Outros - sequências,1,0,1,0,0,0,0,0,0,0,1,1,0,0,0,060,2017-04-03 10:06:00+00:00,-16.025873064979326,-48.25308226116312
05/04/2017,07:06:00,66,ac02 - Aci,18.4,BR-060/DF,Sul,Capotamento,0,0,0,0,0,0,0,0,0,1,0,1,0,0,0,060,2017-04-05 10:06:00+00:00,-15.971183047687145,-48.18569630176493
06/04/2017,01:50:00,269,sem vítima,30.0,BR-060/DF,Norte,Colisão Lateral,1,0,0,1,0,0,0,0,0,0,2,0,0,0,0,060,2017-04-06 04:50:00+00:00,-16.038044280533132,-48.255773204625484
10/04/2017,07:21:00,69,ac02 - Aci,8.694,BR-060/DF,Norte,Colisão Lateral,1,0,1,0,0,0,0,0,0,0,1,1,0,0,0,060,2017-04-10 10:21:00+00:00,-15.905908497318192,-48.13777483186954
10/04/2017,10:53:00,239,sem vítima,2.314,BR-060/DF,Norte,Choque - Poste,1,0,1,0,0,0,0,0,0,0,2,0,0,0,0,060,2017-04-10 13:53:00+00:00,-15.88873372872128,-48.08096946122355
10/04/2017,06:29:00,465,sem vítima,3.0,BR-060/DF,Sul,Queda de Moto,0,0,0,1,0,0,0,0,0,0,1,0,0,0,0,060,2017-04-10 09:29:00+00:00,-15.890570424543295,-48.087081067044366
11/04/2017,09:35:00,155,ac02 - Aci,22.314,BR-060/DF,Sul,Saida de Pista,0,0,1,0,0,0,0,0,0,0,0,0,1,0,0,060,2017-04-11 12:35:00+00:00,-15.985720972086208,-48.21813015183337
12/04/2017,07:57:00,552,sem vítima,7.0,BR-060/DF,Norte,Colisão Traseira,2,0,0,0,0,0,0,0,0,0,2,0,0,0,0,060,2017-04-12 10:57:00+00:00,-15.90132891731299,-48.122699735434956
14/04/2017,01:10:00,21,ac02 - Aci,3.1,BR-060/DF,Sul,Outros - sequências,1,0,0,1,0,0,0,0,0,0,1,0,0,1,0,060,2017-04-14 04:10:00+00:00,-15.890837816067066,-48.08797208800573
14/04/2017,07:40:00,539,sem vítima,2.0,BR-060/DF,Sul,Colisão Traseira,1,0,1,0,0,0,0,0,0,0,2,0,0,0,0,060,2017-04-14 10:40:00+00:00,-15.887894398539888,-48.078171576973595
14/04/2017,09:34:00,565,sem vítima,6.161,BR-060/DF,Norte,Colisão Traseira,1,0,1,0,0,0,0,0,0,0,2,0,0,0,0,060,2017-04-14 12:34:00+00:00,-15.8990720063657,-48.11523056671857
16/04/2017,08:04:00,496,ac02 - Aci,12.0,BR-060/DF,Norte,Outros - sequências,1,1,0,0,0,0,0,0,0,0,0,0,0,2,0,060,2017-04-16 11:04:00+00:00,-15.917950731309672,-48.164541812566426
16/04/2017,10:27:00,554,sem vítima,16.385,BR-060/DF,Norte,Colisão Lateral,1,0,0,0,0,1,0,0,0,0,6,0,0,0,0,060,2017-04-16 13:27:00+00:00,-15.956057621963161,-48.17543057231
17/04/2017,10:47:00,559,ac02 - Aci,3.0,BR-060/DF,Sul,Colisão Traseira,0,0,0,1,0,0,0,0,0,1,1,0,1,0,0,060,2017-04-17 13:47:00+00:00,-15.890570424543295,-48.087081067044366
18/04/2017,05:01:00,380,ac02 - Aci,4.4,BR-060/DF,Sul,Outros - sequências,0,0,0,1,0,1,0,0,0,0,1,0,0,1,0,060,2017-04-18 08:01:00+00:00,-15.894336626583348,-48.099548091839104
20/04/2017,04:58:00,418,ac02 - Aci,3.0,BR-060/DF,Sul,Outros - sequências,1,0,0,0,0,0,0,0,0,0,0,0,0,1,0,060,2017-04-20 07:58:00+00:00,-15.890570424543295,-48.087081067044366
21/04/2017,09:55:00,521,sem vítima,4.33,BR-060/DF,Norte,Capotamento,1,0,0,0,0,0,0,0,0,0,1,0,0,0,0,060,2017-04-21 12:55:00+00:00,-15.894147774529035,-48.09892491737481
23/04/2017,03:42:00,362,sem vítima,7.0,BR-060/DF,Sul,Capotamento,1,0,0,0,0,1,0,0,0,0,2,0,0,0,0,060,2017-04-23 06:42:00+00:00,-15.90132891731299,-48.122699735434956
25/04/2017,07:00:00,464,sem vítima,10.0,BR-060/DF,Sul,Outros - sequências,1,0,1,0,0,0,0,0,0,0,2,0,0,0,0,060,2017-04-25 10:00:00+00:00,-15.909433209563039,-48.149399239139086
26/04/2017,10:44:00,223,ac02 - Aci,3.476,BR-060/DF,Sul,Outros - sequências,1,0,1,0,0,0,0,0,0,0,1,2,0,0,0,060,2017-04-26 13:44:00+00:00,-15.891851799459236,-48.09131955550938
27/04/2017,05:53:00,429,sem vítima,4.0,BR-060/DF,Sul,Outros - sequências,3,0,0,0,0,0,0,0,0,0,5,0,0,0,0,060,2017-04-27 08:53:00+00:00,-15.893259852449107,-48.09598631327878
27/04/2017,09:30:00,531,ac02 - Aci,24.001,BR-060/DF,Sul,Tombamento,0,0,1,0,0,0,0,0,0,0,0,0,0,1,0,060,2017-04-27 12:30:00+00:00,-15.992150678609041,-48.23208665981157
28/04/2017,03:48:00,37,sem vítima,30.0,BR-060/DF,Sul,Capotamento,1,0,0,0,0,0,0,0,0,0,1,0,0,0,0,060,2017-04-28 06:48:00+00:00,-16.038044280533132,-48.255773204625484
29/04/2017,06:55:00,81,sem vítima,3.0,BR-060/DF,Norte,Choque - Suporte de Sinalização,1,0,0,0,0,0,0,0,0,0,1,0,0,0,0,060,2017-04-29 09:55:00+00:00,-15.890570424543295,-48.087081067044366
30/04/2017,10:39:00,159,sem vítima,4.3,BR-060/DF,Norte,Saida de Pista,1,0,0,0,0,1,0,0,0,0,2,0,0,0,0,060,2017-04-30 13:39:00+00:00,-15.894066198953405,-48.098658046035666
01/05/2017,09:34:00,164,sem vítima,30.0,BR-060/DF,Sul,Saida de Pista,0,0,0,0,0,1,0,0,0,1,2,0,0,0,0,060,2017-05-01 12:34:00+00:00,-16.038044280533132,-48.255773204625484
01/05/2017,10:35:00,520,ac02 - Aci,1.0,BR-060/DF,Sul,Colisão Traseira,2,0,0,0,0,0,0,0,0,0,1,1,0,0,0,060,2017-05-01 13:35:00+00:00,-15.885213402294612,-48.069263714026626
02/05/2017,01:08:00,297,sem vítima,10.779,BR-060/DF,Sul,Capotamento,1,0,0,0,0,0,0,0,0,0,2,0,0,0,0,060,2017-05-02 04:08:00+00:00,-15.911547470626434,-48.15633040478183
03/05/2017,12:57:00,27,sem vítima,1.0,BR-060/DF,Norte,Capotamento,1,0,0,0,0,0,0,0,0,0,1,0,0,0,0,060,2017-05-03 15:57:00+00:00,-15.885213402294612,-48.069263714026626
08/05/2017,08:44:00,123,ac02 - Aci,10.0,BR-060/DF,Norte,Queda de Moto,0,0,0,1,0,0,0,0,0,0,0,0,1,0,0,060,2017-05-08 11:44:00+00:00,-15.909433209563039,-48.149399239139086
10/05/2017,05:59:00,473,sem vítima,26.605,BR-060/DF,Norte,Queda de Moto,0,0,0,1,0,0,0,0,0,0,1,0,0,0,0,060,2017-05-10 08:59:00+00:00,-16.009164860709927,-48.24669834360903
14/05/2017,07:37:00,103,sem vítima,6.916,BR-060/DF,Norte,Atropelamento de Animal,1,0,0,0,0,0,0,0,0,0,1,0,0,0,0,060,2017-05-14 10:37:00+00:00,-15.901103308977788,-48.121951578849384
14/05/2017,06:32:00,425,sem vítima,17.028,BR-060/DF,Norte,Saida de Pista,0,0,0,0,0,1,0,0,0,1,2,0,0,0,0,060,2017-05-14 09:32:00+00:00,-15.961118913282263,-48.17823392099636
14/05/2017,07:58:00,470,sem vítima,6.4,BR-060/DF,Norte,Engavetamento,3,0,0,0,0,0,0,0,0,0,3,0,0,0,0,060,2017-05-14 10:58:00+00:00,-15.89971595001308,-48.11735858929161
14/05/2017,07:59:00,471,sem vítima,4.137,BR-060/DF,Sul,Colisão Traseira,1,0,0,1,0,0,0,0,0,0,2,0,0,0,0,060,2017-05-14 10:59:00+00:00,-15.893629284256559,-48.09720601956163
15/05/2017,01:07:00,275,sem vítima,18.446,BR-060/DF,Sul,Colisão Traseira,0,0,2,0,0,0,0,0,0,0,3,0,0,0,0,060,2017-05-15 04:07:00+00:00,-15.971520574195111,-48.185946363078536
15/05/2017,06:11:00,418,ac02 - Aci,17.535,BR-060/DF,Norte,Atropelamento de Animal,3,0,0,0,0,0,0,0,0,0,2,4,0,0,0,060,2017-05-15 09:11:00+00:00,-15.964837356550259,-48.1809923533411
17/05/2017,01:04:00,18,ac02 - Aci,9.001,BR-060/DF,Norte,Queda de Moto,0,0,0,1,0,0,0,0,0,0,0,0,1,0,0,060,2017-05-17 04:04:00+00:00,-15.906741130979785,-48.140506543659455
17/05/2017,08:35:00,140,sem vítima,26.19,BR-060/DF,Norte,Saida de Pista,1,0,0,0,0,0,0,0,0,0,1,0,0,0,0,060,2017-05-17 11:35:00+00:00,-16.005517031020386,-48.245817014674174
20/05/2017,01:21:00,238,sem vítima,1.908,BR-060/DF,Sul,,2,0,0,0,0,0,0,0,0,1,3,0,0,0,0,060,2017-05-20 04:21:00+00:00,-15.887647143153455,-48.07735223856171
21/05/2017,08:15:00,77,ac02 - Aci,2.968,BR-060/DF,Sul,Colisão Lateral,1,0,0,1,0,0,0,0,0,0,1,1,0,0,0,060,2017-05-21 11:15:00+00:00,-15.890484398844054,-48.086796092177224
21/05/2017,05:23:00,386,sem vítima,29.689,BR-060/DF,Sul,Saida de Pista,0,0,0,0,0,0,0,0,0,1,1,0,0,0,0,060,2017-05-21 08:23:00+00:00,-16.035637713715882,-48.25428711282447
23/05/2017,07:52:00,116,sem vítima,12.0,BR-060/DF,Norte,Colisão Transversal,0,0,1,1,0,0,0,0,0,0,2,0,0,0,0,060,2017-05-23 10:52:00+00:00,-15.917950731309672,-48.164541812566426
24/05/2017,05:06:00,403,sem vítima,19.063,BR-060/DF,Sul,Saida de Pista,1,0,0,0,0,0,0,0,0,0,1,0,0,0,0,060,2017-05-24 08:06:00+00:00,-15.975058702100537,-48.19018937226834
25/05/2017,07:30:00,463,sem vítima,2.609,BR-060/DF,Sul,Queda de Moto,0,0,0,1,0,1,0,0,0,0,2,0,0,0,0,060,2017-05-25 10:30:00+00:00,-15.889524342320968,-48.083597389612976
26/05/2017,10:11:00,218,ac02 - Aci,11.298,BR-060/DF,Sul,Capotamento,1,0,0,0,0,0,0,0,0,0,0,1,0,0,0,060,2017-05-26 13:11:00+00:00,-15.91298208790156,-48.160938914699265
27/05/2017,05:22:00,84,sem vítima,27.0,BR-060/DF,Norte,Saida de Pista,1,0,0,0,0,0,0,0,0,0,1,0,0,0,0,060,2017-05-27 08:22:00+00:00,-16.012633635837343,-48.24755169324156
02/06/2017,08:14:00,97,ac02 - Aci,24.066,BR-060/DF,Norte,Queda de Ciclista,0,1,0,0,0,0,0,0,0,0,0,0,1,0,0,060,2017-06-02 11:14:00+00:00,-15.99255513066158,-48.232526111528514
02/06/2017,10:44:00,196,sem vítima,3.0,BR-060/DF,Norte,Colisão Traseira,1,0,0,1,0,0,0,0,0,0,2,0,0,0,0,060,2017-06-02 13:44:00+00:00,-15.890570424543295,-48.087081067044366
03/06/2017,06:25:00,106,ac02 - Aci,2.307,BR-060/DF,Norte,Colisão Traseira,0,0,1,1,0,0,0,0,0,0,1,1,0,0,0,060,2017-06-03 09:25:00+00:00,-15.88871526194,-48.080907009558324
03/06/2017,03:49:00,398,ac02 - Aci,5.126,BR-060/DF,Norte,Choque - Poste,1,0,0,0,0,0,0,0,0,0,0,0,1,0,0,060,2017-06-03 06:49:00+00:00,-15.896281238692326,-48.10601584593998
03/06/2017,08:04:00,514,ac01 - Aci,19.379,BR-060/DF,Norte,Atropelamento - Andarilho,2,0,0,0,0,0,0,0,0,0,3,0,0,0,1,060,2017-06-03 11:04:00+00:00,-15.97554327660857,-48.193095081016686
04/06/2017,06:12:00,412,ac02 - Aci,30.169,BR-060/DF,Norte,Engavetamento,4,0,0,0,0,0,0,0,0,0,7,1,1,0,0,060,2017-06-04 09:12:00+00:00,-16.03950831350638,-48.25619761695387
05/06/2017,12:59:00,14,ac02 - Aci,8.255,BR-060/DF,Norte,Queda de Moto,0,0,0,1,0,0,0,0,0,0,0,1,0,0,0,060,2017-06-05 15:59:00+00:00,-15.904722122730867,-48.133867233733405
08/06/2017,10:05:00,635,ac02 - Aci,5.859,BR-060/DF,Norte,Colisão Traseira,1,0,0,0,0,0,1,0,0,0,1,1,0,0,0,060,2017-06-08 13:05:00+00:00,-15.898256756785496,-48.11254212101076
09/06/2017,06:38:00,478,ac02 - Aci,25.304,BR-060/DF,Norte,Queda de Moto,0,0,0,1,0,0,0,0,0,0,0,0,1,0,0,060,2017-06-09 09:38:00+00:00,-15.998277220018792,-48.24237624286656
11/06/2017,04:26:00,369,ac02 - Aci,0.624,BR-060/DF,Norte,Atropelamento - Sem Informação,1,0,0,0,0,0,0,0,0,0,0,1,1,0,0,060,2017-06-11 07:26:00+00:00,-15.88421146944503,-48.06591241156427
15/06/2017,04:43:00,421,ac02 - Aci,26.297,BR-060/DF,Sul,Tombamento,0,0,1,0,0,0,0,0,0,0,0,1,0,0,0,060,2017-06-15 07:43:00+00:00,-16.006458674765593,-48.246039184656915
17/06/2017,05:03:00,346,ac02 - Aci,15.061,BR-060/DF,Norte,Saida de Pista,1,0,0,0,0,0,0,0,0,0,0,4,0,0,0,060,2017-06-17 08:03:00+00:00,-15.94453593004011,-48.172143869880415
18/06/2017,08:39:00,100,ac02 - Aci,4.068,BR-060/DF,Sul,Capotamento,1,0,0,0,0,0,0,0,0,0,0,1,0,0,0,060,2017-06-18 11:39:00+00:00,-15.893445456233684,-48.09659099148823
19/06/2017,02:51:00,34,ac02 - Aci,1.136,BR-060/DF,Sul,Colisão Traseira,1,0,1,0,0,0,0,0,0,0,1,0,1,0,0,060,2017-06-19 05:51:00+00:00,-15.885577098886118,-48.07047548500696
19/06/2017,11:07:00,232,ac02 - Aci,8.05,BR-060/DF,Norte,Saida de Pista,1,0,0,0,0,0,0,0,0,0,0,1,0,0,0,060,2017-06-19 14:07:00+00:00,-15.904165422884835,-48.13204335784715
22/06/2017,06:40:00,420,sem vítima,4.478,BR-060/DF,Sul,Saida de Pista,1,0,0,0,0,0,0,0,0,0,1,0,0,0,0,060,2017-06-22 09:40:00+00:00,-15.894543482015067,-48.100243636218494
23/06/2017,05:34:00,67,sem vítima,2.481,BR-060/DF,Norte,Colisão Traseira,1,0,0,0,0,1,0,0,0,0,2,0,0,0,0,060,2017-06-23 08:34:00+00:00,-15.889180409765869,-48.08245742254691
24/06/2017,02:17:00,33,sem vítima,10.854,BR-060/DF,Norte,Saida de Pista,1,0,0,0,0,0,0,0,0,0,1,0,0,0,0,060,2017-06-24 05:17:00+00:00,-15.911749838370167,-48.1569981126387
25/06/2017,08:58:00,391,sem vítima,19.0,BR-060/DF,Norte,Saida de Pista,1,0,0,0,0,0,0,0,0,0,1,0,0,0,0,060,2017-06-25 11:58:00+00:00,-15.974895370007726,-48.189626613849754
30/06/2017,04:51:00,456,sem vítima,4.305,BR-060/DF,Sul,Colisão Traseira,2,0,0,0,0,0,0,0,0,0,2,0,0,0,0,060,2017-06-30 07:51:00+00:00,-15.894079796105528,-48.09870252424935
30/06/2017,07:38:00,545,ac02 - Aci,10.106,BR-060/DF,Sul,Colisão Lateral,1,0,0,1,0,0,0,0,0,0,1,1,0,0,0,060,2017-06-30 10:38:00+00:00,-15.909725165430842,-48.15034097612802
30/06/2017,07:44:00,549,sem vítima,3.169,BR-060/DF,Sul,Colisão Lateral,1,0,0,1,0,0,0,0,0,0,2,0,0,0,0,060,2017-06-30 10:44:00+00:00,-15.891024588720564,-48.08858616036668
01/07/2017,06:44:00,90,sem vítima,29.884,BR-060/DF,Sul,Saida de Pista,0,0,0,0,0,0,0,0,0,1,1,0,0,0,0,060,2017-07-01 09:44:00+00:00,-16.03712780312491,-48.255252824826044
03/07/2017,12:18:00,10,sem vítima,15.0,BR-060/DF,Sul,Saida de Pista,1,0,0,0,0,0,0,0,0,0,1,0,0,0,0,060,2017-07-03 15:18:00+00:00,-15.944004953122208,-48.17199298206615
05/07/2017,07:39:00,486,sem vítima,13.147,BR-060/DF,Sul,Colisão Transversal,2,0,0,0,0,0,0,0,0,0,2,0,0,0,0,060,2017-07-05 10:39:00+00:00,-15.927960604532387,-48.16714432185741
09/07/2017,08:50:00,466,sem vítima,4.357,BR-060/DF,Sul,Colisão Traseira,2,0,0,0,0,0,0,0,0,0,2,0,0,0,0,060,2017-07-09 11:50:00+00:00,-15.89421943759405,-48.09916566647269
14/07/2017,07:03:00,508,ac02 - Aci,4.313,BR-060/DF,Sul,Colisão Traseira,1,0,0,1,0,0,0,0,0,0,3,1,0,0,0,060,2017-07-14 10:03:00+00:00,-15.894101551761276,-48.098773689324055
16/07/2017,05:27:00,68,sem vítima,10.34,BR-060/DF,Norte,Saida de Pista,1,0,0,0,0,0,0,0,0,0,1,0,0,0,0,060,2017-07-16 08:27:00+00:00,-15.910364238954587,-48.15242169365647
17/07/2017,02:20:00,285,ac02 - Aci,24.8,BR-060/DF,Norte,Capotamento,1,0,0,0,0,0,0,0,0,0,0,1,0,0,0,060,2017-07-17 05:20:00+00:00,-15.995836142024176,-48.23845117361374
21/07/2017,08:58:00,613,ac02 - Aci,3.0,BR-060/DF,Sul,Saida de Pista,1,0,0,0,0,0,0,0,0,0,0,1,0,0,0,060,2017-07-21 11:58:00+00:00,-15.890570424543295,-48.087081067044366
22/07/2017,04:56:00,72,ac02 - Aci,4.633,BR-060/DF,Sul,Queda de Moto,0,0,0,1,1,0,0,0,0,0,1,1,0,0,0,060,2017-07-22 07:56:00+00:00,-15.89495736398384,-48.10162492471381
22/07/2017,03:47:00,388,ac01 - Aci,11.302,BR-060/DF,Norte,Capotamento,1,0,0,0,0,0,0,0,0,0,0,0,0,0,1,060,2017-07-22 06:47:00+00:00,-15.912996361023026,-48.16097319303374
24/07/2017,05:26:00,63,sem vítima,4.582,BR-060/DF,Norte,Colisão Traseira,1,0,0,0,1,0,0,0,0,0,2,0,0,0,0,060,2017-07-24 08:26:00+00:00,-15.894821385559231,-48.10117037126054
25/07/2017,06:21:00,500,sem vítima,12.807,BR-060/DF,Norte,Saida de Pista,1,0,0,0,0,0,0,0,0,0,1,0,0,0,0,060,2017-07-25 09:21:00+00:00,-15.924965656890034,-48.1665293953572
27/07/2017,12:28:00,6,sem vítima,6.602,BR-060/DF,Sul,Queda de Moto,0,0,0,1,0,0,0,0,0,1,2,0,0,0,0,060,2017-07-27 15:28:00+00:00,-15.900262018259102,-48.11915657814533
27/07/2017,06:12:00,51,sem vítima,5.649,BR-060/DF,Norte,Colisão Traseira,0,0,1,0,0,1,0,0,0,0,2,0,0,0,0,060,2017-07-27 09:12:00+00:00,-15.897687668241057,-48.11067339832277
27/07/2017,07:04:00,69,sem vítima,2.888,BR-060/DF,Norte,Engavetamento,3,0,0,0,0,0,0,0,0,0,6,0,0,0,0,060,2017-07-27 10:04:00+00:00,-15.890272595127618,-48.08608261170763
29/07/2017,05:56:00,432,ac02 - Aci,1.829,BR-060/DF,Sul,Tombamento,0,0,1,0,0,0,0,0,0,0,0,1,0,0,0,060,2017-07-29 08:56:00+00:00,-15.88743689179639,-48.07664801239844
29/07/2017,09:13:00,518,ac02 - Aci,8.159,BR-060/DF,Norte,Saida de Pista,1,0,0,0,0,0,0,0,0,0,1,1,0,0,0,060,2017-07-29 12:13:00+00:00,-15.90445926429389,-48.133013833903725
30/07/2017,09:46:00,156,sem vítima,30.383,BR-060/DF,Sul,Colisão Lateral,1,0,1,0,0,0,0,0,0,0,2,0,0,0,0,060,2017-07-30 12:46:00+00:00,-16.041437410848285,-48.25624015155696
30/07/2017,10:49:00,584,ac02 - Aci,6.729,BR-060/DF,Sul,Capotamento,1,0,0,0,0,0,0,0,0,0,1,1,0,0,0,060,2017-07-30 13:49:00+00:00,-15.900568404807684,-48.12029783360652
01/08/2017,02:09:00,300,sem vítima,11.15,BR-060/DF,Norte,Colisão Lateral,1,0,1,0,0,0,0,0,0,0,2,0,0,0,0,060,2017-08-01 05:09:00+00:00,-15.912552981749963,-48.15963187710445
03/08/2017,07:14:00,73,sem vítima,4.296,BR-060/DF,Norte,Colisão Traseira,2,0,0,0,0,0,0,0,0,0,2,0,0,0,0,060,2017-08-03 10:14:00+00:00,-15.894055437511442,-48.09862242588196
03/08/2017,09:31:00,169,ac02 - Aci,3.052,BR-060/DF,Sul,Colisão Lateral,2,0,0,0,0,0,0,0,0,0,1,1,0,0,0,060,2017-08-03 12:31:00+00:00,-15.89071111424556,-48.08754387052057
05/08/2017,11:10:00,246,sem vítima,3.548,BR-060/DF,Norte,Capotamento,2,0,0,0,0,0,0,0,0,0,2,0,0,0,0,060,2017-08-05 14:10:00+00:00,-15.892044059613943,-48.09196117924381
07/08/2017,06:47:00,81,ac02 - Aci,9.635,BR-060/DF,Sul,"Choque - Defensa. barreira ou submarino""""",1,0,0,0,0,0,0,0,0,0,1,0,0,1,0,060,2017-08-07 09:47:00+00:00,-15.908409897090571,-48.146162705094085
07/08/2017,07:17:00,511,sem vítima,4.11,BR-060/DF,Sul,Colisão Traseira,1,0,0,0,0,1,0,0,0,0,2,0,0,0,0,060,2017-08-07 10:17:00+00:00,-15.893557049770141,-48.096965452507746
09/08/2017,09:36:00,600,sem vítima,2.6,BR-060/DF,Norte,Colisão Lateral,0,0,0,1,0,1,0,0,0,0,2,0,0,0,0,060,2017-08-09 12:36:00+00:00,-15.889501002569522,-48.083516968490166
11/08/2017,07:04:00,592,ac02 - Aci,30.287,BR-060/DF,Norte,Colisão Lateral,0,0,0,2,0,0,0,0,0,0,1,1,0,0,0,060,2017-08-11 10:04:00+00:00,-16.040571250935148,-48.256246955476975
12/08/2017,11:59:00,257,sem vítima,0.8,BR-060/DF,Sul,Colisão Traseira,1,0,0,0,0,0,0,0,0,1,3,0,0,0,0,060,2017-08-12 14:59:00+00:00,-15.884674016108828,-48.067483157785965
13/08/2017,01:36:00,15,ac02 - Aci,4.303,BR-060/DF,Sul,Colisão Transversal,2,0,0,0,0,0,0,0,0,0,2,2,0,0,0,060,2017-08-13 04:36:00+00:00,-15.89407435724591,-48.09868473296335
13/08/2017,03:14:00,316,sem vítima,20.678,BR-060/DF,Sul,Capotamento,1,0,0,0,0,0,0,0,0,0,4,0,0,0,0,060,2017-08-13 06:14:00+00:00,-15.978952096622823,-48.20456096030377
13/08/2017,03:42:00,338,sem vítima,2.392,BR-060/DF,Sul,Colisão Lateral,1,0,0,1,0,0,0,0,0,0,2,0,0,0,0,060,2017-08-13 06:42:00+00:00,-15.888941441776545,-48.08166473091528
13/08/2017,05:26:00,411,sem vítima,3.0,BR-060/DF,Norte,Colisão Traseira,2,0,0,0,0,0,0,0,0,0,2,0,0,0,0,060,2017-08-13 08:26:00+00:00,-15.890570424543295,-48.087081067044366
13/08/2017,05:52:00,426,sem vítima,3.0,BR-060/DF,Sul,Engavetamento,4,0,0,0,0,0,0,0,0,0,4,0,0,0,0,060,2017-08-13 08:52:00+00:00,-15.890570424543295,-48.087081067044366
14/08/2017,09:16:00,609,sem vítima,29.048,BR-060/DF,Norte,Capotamento,2,0,0,0,0,0,0,0,0,0,3,0,0,0,0,060,2017-08-14 12:16:00+00:00,-16.029960522197452,-48.25338705768847
17/08/2017,08:41:00,737,sem vítima,23.782,BR-060/DF,Norte,Saida de Pista,1,0,0,0,0,0,0,0,0,0,1,0,0,0,0,060,2017-08-17 11:41:00+00:00,-15.990785664354759,-48.23060831974263
19/08/2017,07:17:00,597,ac02 - Aci,4.338,BR-060/DF,Sul,Colisão Traseira,2,0,0,0,0,0,0,0,0,0,0,2,0,0,0,060,2017-08-19 10:17:00+00:00,-15.894169184214782,-48.098996194400804
19/08/2017,07:35:00,604,ac02 - Aci,0.551,BR-060/DF,Sul,Colisão Lateral,2,0,0,0,0,0,0,0,0,0,1,3,0,0,0,060,2017-08-19 10:35:00+00:00,-15.884015522370795,-48.06526221494266
26/08/2017,11:06:00,193,ac02 - Aci,22.6,BR-060/DF,Sul,Choque - Elemento de Drenagem,1,0,0,0,0,0,0,0,0,0,0,0,1,1,0,060,2017-08-26 14:06:00+00:00,-15.986901361023273,-48.22050385861526
30/08/2017,07:55:00,130,ac02 - Aci,0.1,BR-060/DF,Norte,Colisão Traseira,1,0,0,1,0,0,0,0,0,0,1,1,1,0,0,060,2017-08-30 10:55:00+00:00,-15.882815458182089,-48.06124193278919
02/09/2017,06:41:00,94,ac02 - Aci,2.0,BR-060/DF,Sul,Colisão Transversal,2,0,0,0,0,0,0,0,0,0,0,2,0,0,0,060,2017-09-02 09:41:00+00:00,-15.887894398539888,-48.078171576973595
03/09/2017,08:49:00,525,ac02 - Aci,0.2,BR-060/DF,Sul,Colisão Lateral,2,0,0,0,0,0,0,0,0,0,1,1,0,0,0,060,2017-09-03 11:49:00+00:00,-15.883079789718268,-48.06213392407057
03/09/2017,08:52:00,527,ac02 - Aci,4.001,BR-060/DF,Norte,Colisão Traseira,1,1,0,0,0,0,0,0,0,0,1,1,0,0,0,060,2017-09-03 11:52:00+00:00,-15.893262577377701,-48.0959952071123
05/09/2017,07:59:00,125,sem vítima,4.775,BR-060/DF,Sul,Colisão Lateral,1,0,0,1,0,0,0,0,0,0,2,0,0,0,0,060,2017-09-05 10:59:00+00:00,-15.895336381327702,-48.1028903964403
10/09/2017,12:53:00,226,sem vítima,0.9,BR-060/DF,Norte,Colisão Lateral,2,0,0,0,0,0,0,0,0,0,5,0,0,0,0,060,2017-09-10 15:53:00+00:00,-15.884942230109251,-48.0683739138099
13/09/2017,10:24:00,211,sem vítima,9.253,BR-060/DF,Norte,Colisão Lateral,1,0,1,0,0,0,0,0,0,0,2,0,0,0,0,060,2017-09-13 13:24:00+00:00,-15.90737672641591,-48.14276270632773
18/09/2017,06:01:00,89,sem vítima,23.989,BR-060/DF,Norte,Capotamento,1,0,0,0,0,0,0,0,0,0,2,0,0,0,0,060,2017-09-18 09:01:00+00:00,-15.992075501967047,-48.232006030564094
19/09/2017,11:34:00,693,sem vítima,6.799,BR-060/DF,Norte,Saida de Pista,1,0,0,0,0,0,0,0,0,0,1,0,0,0,0,060,2017-09-19 14:34:00+00:00,-15.900788305597384,-48.12090975599491
20/09/2017,06:57:00,605,sem vítima,0.1,BR-060/DF,Norte,Colisão Traseira,2,0,0,0,0,0,0,0,0,0,2,0,0,0,0,060,2017-09-20 09:57:00+00:00,-15.882815458182089,-48.06124193278919
23/09/2017,07:47:00,163,sem vítima,4.282,BR-060/DF,Sul,Colisão Traseira,2,0,0,0,0,1,0,0,0,0,6,0,0,0,0,060,2017-09-23 10:47:00+00:00,-15.894018133429089,-48.09849763926625
24/09/2017,10:25:00,228,ac02 - Aci,4.0,BR-060/DF,Sul,Queda de Moto,0,0,0,1,0,0,0,0,0,0,0,1,0,0,0,060,2017-09-24 13:25:00+00:00,-15.893259852449107,-48.09598631327878