data,horario,n_da_ocorrencia,tipo_de_ocorrencia,km,trecho,sentido,tipo_de_acidente,automovel,bicicleta,caminhao,moto,onibus,outros,tracao_animal,transporte_de_cargas_especiais,trator_maquinas,utilitarios,ilesos,levemente_feridos,moderadamente_feridos,gravemente_feridos,mortos,vl_br,timestamp_utc,latitude_acidente,longitude_acidente
24/09/2017,06:52:00,570,sem vítima,4.1,BR-060/DF,Sul,Colisão Traseira,3,0,0,0,0,0,0,0,0,0,7,0,0,0,0,060,2017-09-24 09:52:00+00:00,-15.893530634954413,-48.096876245730805
24/09/2017,07:41:00,610,sem vítima,29.5,BR-060/DF,Norte,Colisão Lateral,1,0,0,0,0,1,0,0,0,0,2,0,0,0,0,060,2017-09-24 10:41:00+00:00,-16.034025073076602,-48.25372782020066
26/09/2017,09:16:00,544,ac02 - Aci,26.0,BR-060/DF,Sul,Choque - Objeto não identificado,0,1,0,0,0,0,0,0,0,0,0,1,0,0,0,060,2017-09-26 12:16:00+00:00,-16.00389849375887,-48.24523829325778
28/09/2017,10:54:00,298,sem vítima,2.529,BR-060/DF,Norte,Choque - Poste,1,0,0,0,0,0,0,0,0,0,1,0,0,0,0,060,2017-09-28 13:54:00+00:00,-15.88931050674165,-48.082884551453915
29/09/2017,01:31:00,20,ac02 - Aci,5.0,BR-060/DF,Sul,Saida de Pista,0,0,1,0,0,0,0,0,0,0,0,1,0,0,0,060,2017-09-29 04:31:00+00:00,-15.895941809050944,-48.10489399995692
29/09/2017,09:59:00,192,ac02 - Aci,4.3,BR-060/DF,Sul,Colisão Traseira,1,0,0,1,0,0,0,0,0,0,1,1,0,0,0,060,2017-09-29 12:59:00+00:00,-15.894066198953405,-48.098658046035666
29/09/2017,08:52:00,558,ac02 - Aci,11.4,BR-060/DF,Sul,Colisão Traseira,1,0,0,1,0,0,0,0,0,0,1,0,1,0,0,060,2017-09-29 11:52:00+00:00,-15.913417572508799,-48.16177601590106
30/09/2017,04:20:00,72,ac02 - Aci,2.7,BR-060/DF,Sul,Capotamento,1,0,0,0,0,0,0,0,0,0,1,1,0,0,0,060,2017-09-30 07:20:00+00:00,-15.889766670314438,-48.08440853581659
03/10/2017,07:45:00,100,sem vítima,4.3,BR-060/DF,Norte,Colisão Lateral,2,0,0,0,0,0,0,0,0,0,2,0,0,0,0,060,2017-10-03 10:45:00+00:00,-15.894066198953405,-48.098658046035666
05/10/2017,08:33:00,182,sem vítima,2.321,BR-060/DF,Sul,Colisão Transversal,2,0,0,0,0,0,0,0,0,0,3,0,0,0,0,060,2017-10-05 11:33:00+00:00,-15.888752437125152,-48.08103183591415
05/10/2017,11:32:00,366,sem vítima,4.7,BR-060/DF,Sul,Colisão Traseira,1,0,1,0,0,0,0,0,0,0,4,0,0,0,0,060,2017-10-05 14:32:00+00:00,-15.89513844677703,-48.10222129187768
05/10/2017,12:23:00,397,sem vítima,5.05,BR-060/DF,Sul,Colisão Lateral,1,0,1,0,0,0,0,0,0,0,2,0,0,0,0,060,2017-10-05 15:23:00+00:00,-15.89607363768566,-48.10534011182108
05/10/2017,08:36:00,752,ac02 - Aci,4.529,BR-060/DF,Norte,Colisão Lateral,1,0,0,1,0,0,0,0,0,0,1,0,1,0,0,060,2017-10-05 11:36:00+00:00,-15.894680075806578,-48.10069799113248
06/10/2017,01:55:00,25,ac02 - Aci,30.0,BR-060/DF,Sul,Atropelamento - Ciclista,0,1,0,1,0,0,0,0,0,0,0,0,2,0,0,060,2017-10-06 04:55:00+00:00,-16.038044280533132,-48.255773204625484
07/10/2017,02:50:00,53,sem vítima,9.281,BR-060/DF,Sul,Choque - Outros,1,0,0,0,0,0,0,0,0,0,1,0,0,0,0,060,2017-10-07 05:50:00+00:00,-15.907450794338661,-48.14301245696984
07/10/2017,10:43:00,221,sem vítima,4.4,BR-060/DF,Sul,Colisão Transversal,2,0,0,0,0,0,0,0,0,0,2,0,0,0,0,060,2017-10-07 13:43:00+00:00,-15.894336626583348,-48.099548091839104
09/10/2017,10:48:00,298,sem vítima,4.658,BR-060/DF,Norte,Colisão Traseira,2,0,0,0,0,0,0,0,0,0,2,0,0,0,0,060,2017-10-09 13:48:00+00:00,-15.895025142578936,-48.101847383578495
11/10/2017,10:32:00,272,ac02 - Aci,4.478,BR-060/DF,Sul,Colisão Traseira,0,0,0,1,1,0,0,0,0,0,1,1,0,0,0,060,2017-10-11 13:32:00+00:00,-15.894543482015067,-48.100243636218494
14/10/2017,03:10:00,423,sem vítima,4.328,BR-060/DF,Norte,Colisão Traseira,2,0,0,0,0,0,0,0,0,0,2,0,0,0,0,060,2017-10-14 06:10:00+00:00,-15.894142422103494,-48.098907098120044
15/10/2017,04:17:00,418,sem vítima,31.0,BR-060/DF,Norte,Engavetamento,4,0,0,0,0,0,0,0,0,0,4,0,0,0,0,060,2017-10-15 06:17:00+00:00,-16.046840191480747,-48.25744222853095
15/10/2017,07:40:00,596,ac02 - Aci,6.9,BR-060/DF,Norte,Queda de Moto,1,0,0,1,0,0,0,0,0,0,1,1,0,0,0,060,2017-10-15 09:40:00+00:00,-15.901060170173839,-48.12180912606906
16/10/2017,07:56:00,139,ac02 - Aci,8.416,BR-060/DF,Norte,Queda de Moto,0,0,0,1,0,0,0,0,0,0,0,1,0,0,0,060,2017-10-16 09:56:00+00:00,-15.905154471516466,-48.13530122010562
20/10/2017,02:09:00,377,sem vítima,8.691,BR-060/DF,Sul,Capotamento,1,0,0,0,0,0,0,0,0,0,1,0,0,0,0,060,2017-10-20 04:09:00+00:00,-15.905900503636158,-48.137748091346694
21/10/2017,11:40:00,348,sem vítima,3.0,BR-060/DF,Sul,Capotamento,1,0,0,0,0,0,0,0,0,0,1,0,0,0,0,060,2017-10-21 13:40:00+00:00,-15.890570424543295,-48.087081067044366
21/10/2017,05:26:00,579,sem vítima,12.489,BR-060/DF,Sul,Capotamento,1,0,0,0,0,0,0,0,0,0,1,0,0,0,0,060,2017-10-21 07:26:00+00:00,-15.92220060423669,-48.16575778406345
22/10/2017,03:07:00,359,sem vítima,4.232,BR-060/DF,Norte,Colisão Lateral,1,0,0,0,0,0,0,0,0,1,5,0,0,0,0,060,2017-10-22 05:07:00+00:00,-15.893886649122456,-48.098051420363866
23/10/2017,06:56:00,444,sem vítima,4.309,BR-060/DF,Sul,Colisão Traseira,2,0,0,0,0,0,0,0,0,0,2,0,0,0,0,060,2017-10-23 08:56:00+00:00,-15.894090673819841,-48.098738106823475
25/10/2017,09:25:00,259,ac02 - Aci,23.51,BR-060/DF,Norte,Capotamento,2,0,0,0,0,0,0,0,0,0,2,2,0,0,0,060,2017-10-25 11:25:00+00:00,-15.989427173112782,-48.22851552894285
29/10/2017,05:26:00,75,sem vítima,1.0,BR-060/DF,Sul,Choque - Arvore,1,0,0,0,0,0,0,0,0,0,1,0,0,0,0,060,2017-10-29 07:26:00+00:00,-15.885213402294612,-48.069263714026626
29/10/2017,07:22:00,121,sem vítima,30.0,BR-060/DF,Sul,Choque - Suporte de Sinalização,1,0,0,0,0,0,0,0,0,0,2,0,0,0,0,060,2017-10-29 09:22:00+00:00,-16.038044280533132,-48.255773204625484
29/10/2017,11:14:00,703,sem vítima,20.1,BR-060/DF,Norte,Capotamento,1,0,1,0,0,0,0,0,0,0,2,0,0,0,0,060,2017-10-29 13:14:00+00:00,-15.976660851746416,-48.19972217111396
30/10/2017,06:12:00,84,sem vítima,3.4,BR-060/DF,Norte,Queda de Moto,0,0,0,1,0,0,0,0,0,0,1,0,0,0,0,060,2017-10-30 08:12:00+00:00,-15.891646363737602,-48.09064308740863
30/10/2017,10:19:00,766,sem vítima,7.675,BR-060/DF,Sul,Saida de Pista,1,0,0,0,0,0,0,0,0,0,1,0,0,0,0,060,2017-10-30 12:19:00+00:00,-15.903155740753983,-48.12870716774439
02/11/2017,10:01:00,302,ac02 - Aci,26.834,BR-060/DF,Sul,Capotamento,1,0,0,0,0,0,0,0,0,0,1,2,0,0,0,060,2017-11-02 12:01:00+00:00,-16.011176091295003,-48.24719212311581
02/11/2017,02:36:00,468,sem vítima,29.147,BR-060/DF,Norte,Choque - Elemento de Drenagem,1,0,0,0,0,0,0,0,0,0,3,0,0,0,0,060,2017-11-02 04:36:00+00:00,-16.0308523091564,-48.25344679059253
02/11/2017,06:11:00,603,sem vítima,14.557,BR-060/DF,Norte,Capotamento,1,0,0,0,0,0,0,0,0,0,1,0,0,0,0,060,2017-11-02 08:11:00+00:00,-15.940150269612872,-48.170891875864235
03/11/2017,11:31:00,308,sem vítima,4.35,BR-060/DF,Norte,Capotamento,1,0,0,0,0,0,0,0,0,0,2,0,0,0,0,060,2017-11-03 13:31:00+00:00,-15.894200971511733,-48.09910321402093
04/11/2017,05:25:00,97,sem vítima,13.0,BR-060/DF,Sul,Choque - Poste,1,0,0,0,0,0,0,0,0,0,3,0,0,0,0,060,2017-11-04 07:25:00+00:00,-15.926640521124574,-48.167015383529694
04/11/2017,08:10:00,508,sem vítima,29.055,BR-060/DF,Norte,Choque - Poste,1,0,0,0,0,0,0,0,0,0,1,0,0,0,0,060,2017-11-04 10:10:00+00:00,-16.03002356877057,-48.253391425366004
05/11/2017,03:10:00,338,ac02 - Aci,4.0,BR-060/DF,Norte,Colisão Transversal,2,0,0,0,0,0,0,0,0,0,2,2,0,0,0,060,2017-11-05 05:10:00+00:00,-15.893259852449107,-48.09598631327878
07/11/2017,08:05:00,284,sem vítima,2.929,BR-060/DF,Norte,Choque - Veiculo parado no acostamento,1,0,1,0,0,0,0,0,0,0,2,0,0,0,0,060,2017-11-07 10:05:00+00:00,-15.890382969656047,-48.08644769352646
07/11/2017,09:46:00,391,sem vítima,0.313,BR-060/DF,Norte,Colisão Traseira,0,1,0,1,0,0,0,0,0,0,2,0,0,0,0,060,2017-11-07 11:46:00+00:00,-15.883378664527067,-48.06314180492022
10/11/2017,11:50:00,712,sem vítima,9.352,BR-060/DF,Norte,Saida de Pista,0,0,1,0,0,0,0,0,0,0,1,0,0,0,0,060,2017-11-10 13:50:00+00:00,-15.907642826611697,-48.14364440040817
11/11/2017,06:38:00,94,sem vítima,27.593,BR-060/DF,Norte,Capotamento,1,0,0,0,0,0,0,0,0,0,3,0,0,0,0,060,2017-11-11 08:38:00+00:00,-16.01778608536567,-48.249020596167796
11/11/2017,04:56:00,461,ac02 - Aci,26.739,BR-060/DF,Norte,Choque - Arvore,0,0,0,0,1,0,0,0,0,0,1,1,0,0,0,060,2017-11-11 06:56:00+00:00,-16.01034172392871,-48.24698733336579
14/11/2017,07:02:00,656,sem vítima,2.4,BR-060/DF,Sul,Colisão Lateral,0,0,1,1,0,0,0,0,0,0,2,0,0,0,0,060,2017-11-14 09:02:00+00:00,-15.888963405390266,-48.081735827117534
17/11/2017,03:28:00,387,ac02 - Aci,24.3,BR-060/DF,Norte,Saida de Pista,1,0,0,0,0,0,0,0,0,0,0,1,0,0,0,060,2017-11-17 05:28:00+00:00,-15.993772254411843,-48.234301432985376
17/11/2017,03:40:00,396,sem vítima,18.699,BR-060/DF,Norte,Choque - Outros,0,0,0,0,0,1,0,0,0,0,1,0,0,0,0,060,2017-11-17 05:40:00+00:00,-15.973359822196583,-48.18734471579606
19/11/2017,05:06:00,477,ac01 - Aci,8.641,BR-060/DF,Norte,Capotamento,1,0,0,0,0,0,0,0,0,0,0,0,0,0,1,060,2017-11-19 07:06:00+00:00,-15.9057671051613,-48.137302469737755
19/11/2017,05:28:00,486,sem vítima,11.1,BR-060/DF,Norte,Capotamento,0,0,0,0,0,0,0,0,0,1,1,0,0,0,0,060,2017-11-19 07:28:00+00:00,-15.912416428831161,-48.159187274550845
20/11/2017,08:37:00,532,ac02 - Aci,9.99,BR-060/DF,Sul,Choque - Objeto sobre a pista,0,0,0,1,0,0,0,0,0,0,1,1,0,0,0,060,2017-11-20 10:37:00+00:00,-15.909406016648004,-48.14931027989827
21/11/2017,03:04:00,324,ac02 - Aci,4.3,BR-060/DF,Norte,Atropelamento de Animal,0,0,0,1,0,0,0,0,0,0,0,1,0,0,0,060,2017-11-21 05:04:00+00:00,-15.894066198953405,-48.098658046035666
23/11/2017,08:44:00,193,sem vítima,28.947,BR-060/DF,Norte,Choque - Talude,1,0,0,0,0,0,0,0,0,0,1,0,0,0,0,060,2017-11-23 10:44:00+00:00,-16.02905114610135,-48.25331968315041
23/11/2017,10:32:00,293,ac02 - Aci,14.577,BR-060/DF,Sul,Capotamento,1,0,0,0,0,0,0,0,0,0,0,1,0,0,0,060,2017-11-23 12:32:00+00:00,-15.940324115052482,-48.17094226268614
24/11/2017,05:20:00,506,sem vítima,30.0,BR-060/DF,Norte,Tombamento,0,0,1,0,0,0,0,0,0,0,1,0,0,0,0,060,2017-11-24 07:20:00+00:00,-16.038044280533132,-48.255773204625484
26/11/2017,07:16:00,125,ac02 - Aci,27.311,BR-060/DF,Norte,Capotamento,0,0,0,0,0,0,0,0,0,1,0,0,2,0,0,060,2017-11-26 09:16:00+00:00,-16.015364367759943,-48.24822520218788
26/11/2017,11:22:00,277,sem vítima,9.698,BR-060/DF,Norte,Choque - Suporte de Sinalização,1,0,0,0,0,0,0,0,0,0,1,0,0,0,0,060,2017-11-26 13:22:00+00:00,-15.908583958243058,-48.14672222511565
29/11/2017,07:10:00,128,sem vítima,28.848,BR-060/DF,Norte,Saida de Pista,1,0,0,0,0,0,0,0,0,0,1,0,0,0,0,060,2017-11-29 09:10:00+00:00,-16.028159452659427,-48.25325845452088
01/12/2017,07:29:00,81,sem vítima,28.383,BR-060/DF,Sul,Capotamento,0,0,0,0,0,0,0,0,0,1,1,0,0,0,0,060,2017-12-01 09:29:00+00:00,-16.0240529991724,-48.25253634031815
02/12/2017,02:41:00,317,sem vítima,13.0,BR-060/DF,Norte,Colisão Traseira,0,0,1,0,0,0,0,0,0,1,2,0,0,0,0,060,2017-12-02 04:41:00+00:00,-15.926640521124574,-48.167015383529694
06/12/2017,12:53:00,17,ac01 - Aci,5.809,BR-060/DF,Sul,Choque - Arvore,1,0,0,0,0,0,0,0,0,0,0,0,0,0,1,060,2017-12-06 14:53:00+00:00,-15.898123200974396,-48.11209655566102
06/12/2017,06:41:00,470,sem vítima,2.228,BR-060/DF,Sul,Colisão Lateral,0,0,2,0,0,0,0,0,0,0,2,0,0,0,0,060,2017-12-06 08:41:00+00:00,-15.88850178987376,-48.08020382361141
06/12/2017,09:09:00,555,sem vítima,27.153,BR-060/DF,Norte,Tombamento,1,0,0,0,0,0,0,0,0,0,1,0,0,0,0,060,2017-12-06 11:09:00+00:00,-16.013976846578288,-48.247883922964725
07/12/2017,09:04:00,205,ac02 - Aci,24.0,BR-060/DF,Sul,Capotamento,0,0,0,0,0,0,0,0,0,1,0,3,0,0,0,060,2017-12-07 11:04:00+00:00,-15.992144413890477,-48.23207994070532
08/12/2017,04:16:00,534,sem vítima,28.0,BR-060/DF,Norte,Capotamento,0,0,0,0,0,0,0,0,0,1,1,0,0,0,0,060,2017-12-08 06:16:00+00:00,-16.021021519767856,-48.25081787423561
08/12/2017,05:12:00,564,sem vítima,30.2,BR-060/DF,Norte,Colisão Transversal,2,0,0,0,0,0,0,0,0,0,2,0,0,0,0,060,2017-12-08 07:12:00+00:00,-16.039786267483784,-48.25623055632084
09/12/2017,05:04:00,477,sem vítima,27.8,BR-060/DF,Norte,Capotamento,0,0,0,0,0,0,0,0,0,1,3,0,0,0,0,060,2017-12-09 07:04:00+00:00,-16.01944393636853,-48.249910223372474
10/12/2017,09:18:00,592,sem vítima,30.0,BR-060/DF,Norte,Colisão Lateral,1,0,0,0,0,1,0,0,0,0,2,0,0,0,0,060,2017-12-10 11:18:00+00:00,-16.038044280533132,-48.255773204625484
10/12/2017,10:09:00,606,ac02 - Aci,28.399,BR-060/DF,Norte,Capotamento,1,0,0,0,0,0,0,0,0,0,1,0,1,0,0,060,2017-12-10 12:09:00+00:00,-16.024183479645636,-48.25260037063584
11/12/2017,12:31:00,14,sem vítima,21.678,BR-060/DF,Norte,Colisão Traseira,1,0,1,0,0,0,0,0,0,0,2,0,0,0,0,060,2017-12-11 14:31:00+00:00,-15.983089170200518,-48.21285527932994
11/12/2017,10:23:00,223,ac02 - Aci,28.4,BR-060/DF,Norte,Capotamento,1,0,0,0,0,0,0,0,0,0,0,3,0,0,0,060,2017-12-11 12:23:00+00:00,-16.024191634674025,-48.252604372533895
11/12/2017,10:27:00,226,sem vítima,28.6,BR-060/DF,Norte,Tombamento,0,0,1,0,0,0,0,0,0,0,2,0,0,0,0,060,2017-12-11 12:27:00+00:00,-16.025926918903306,-48.25308821717928
11/12/2017,05:36:00,536,ac02 - Aci,8.7,BR-060/DF,Norte,Capotamento,1,0,0,0,0,1,0,0,0,0,2,0,1,0,0,060,2017-12-11 07:36:00+00:00,-15.905924746450424,-48.13782822878981
13/12/2017,01:42:00,338,sem vítima,26.3,BR-060/DF,Sul,Choque - Elemento de Drenagem,0,0,0,0,0,0,0,0,0,1,1,0,0,0,0,060,2017-12-13 03:42:00+00:00,-16.006485051878524,-48.24604552571887
14/12/2017,02:34:00,314,ac02 - Aci,27.8,BR-060/DF,Sul,Capotamento,0,0,0,0,0,0,0,0,0,1,1,1,0,0,0,060,2017-12-14 04:34:00+00:00,-16.01944393636853,-48.249910223372474
14/12/2017,04:26:00,372,ac02 - Aci,19.7,BR-060/DF,Sul,Capotamento,1,0,0,0,0,0,0,0,0,0,1,2,0,0,0,060,2017-12-14 06:26:00+00:00,-15.97603457323349,-48.19604709265165
14/12/2017,04:33:00,375,ac02 - Aci,29.0,BR-060/DF,Sul,"Choque - Defensa. barreira ou submarino""""",1,0,0,0,0,0,0,0,0,0,0,1,0,0,0,060,2017-12-14 06:33:00+00:00,-16.029528313854414,-48.253355455172226
15/12/2017,07:36:00,128,ac02 - Aci,20.0,BR-060/DF,Norte,Capotamento,1,0,0,0,0,0,0,0,0,0,0,1,0,0,0,060,2017-12-15 09:36:00+00:00,-15.976474517957563,-48.19880946279917
15/12/2017,04:31:00,423,sem vítima,8.4,BR-060/DF,Sul,Choque - Talude,1,0,0,0,0,0,0,0,0,0,1,0,0,0,0,060,2017-12-15 06:31:00+00:00,-15.90511052212352,-48.135159031210726
15/12/2017,04:53:00,438,ac02 - Aci,2.0,BR-060/DF,Norte,Choque - Arvore,1,0,0,0,0,0,0,0,0,0,0,1,0,0,0,060,2017-12-15 06:53:00+00:00,-15.887894398539888,-48.078171576973595
16/12/2017,12:10:00,387,sem vítima,28.0,BR-060/DF,Norte,Choque - Talude,1,0,0,0,0,0,0,0,0,0,1,0,0,0,0,060,2017-12-16 14:10:00+00:00,-16.021021519767856,-48.25081787423561
16/12/2017,04:13:00,515,sem vítima,10.0,BR-060/DF,Norte,Colisão Traseira,3,0,0,0,0,0,0,0,0,0,3,0,0,0,0,060,2017-12-16 06:13:00+00:00,-15.909433209563039,-48.149399239139086
18/12/2017,07:37:00,529,sem vítima,29.312,BR-060/DF,Norte,Tombamento,0,0,0,0,0,1,0,0,0,1,2,0,0,0,0,060,2017-12-18 09:37:00+00:00,-16.03233811076303,-48.25355403928666
20/12/2017,10:29:00,798,sem vítima,3.001,BR-060/DF,Sul,Colisão Traseira,1,0,0,0,0,0,0,0,0,0,1,0,0,0,0,060,2017-12-20 12:29:00+00:00,-15.890573159475103,-48.08708995755717
21/12/2017,08:41:00,224,sem vítima,0.8,BR-060/DF,Norte,Colisão Traseira,0,0,0,1,0,0,0,0,0,0,1,0,0,0,0,060,2017-12-21 10:41:00+00:00,-15.884674016108828,-48.067483157785965
23/12/2017,05:17:00,72,sem vítima,29.199,BR-060/DF,Sul,Capotamento,1,0,0,0,0,0,0,0,0,0,2,0,0,0,0,060,2017-12-23 07:17:00+00:00,-16.03132068678727,-48.25347872967824
23/12/2017,01:26:00,346,ac02 - Aci,21.61,BR-060/DF,Norte,Queda de Moto,0,0,0,1,0,0,0,0,0,0,0,1,0,0,0,060,2017-12-23 03:26:00+00:00,-15.982807485206775,-48.21229145606348
24/12/2017,04:11:00,57,ac02 - Aci,4.561,BR-060/DF,Sul,Choque - Poste,1,0,0,0,0,0,0,0,0,0,0,1,0,0,0,060,2017-12-24 06:11:00+00:00,-15.894765487270394,-48.10098317227329
24/12/2017,02:32:00,334,sem vítima,19.095,BR-060/DF,Norte,Choque - Elemento de Drenagem,1,0,0,0,0,0,0,0,0,0,1,0,0,0,0,060,2017-12-24 04:32:00+00:00,-15.975117140925324,-48.190481751384695
25/12/2017,02:33:00,303,sem vítima,23.541,BR-060/DF,Norte,Choque - Arvore,1,0,0,0,0,0,0,0,0,0,4,0,0,0,0,060,2017-12-25 04:33:00+00:00,-15.989542388752971,-48.22877916175728
26/12/2017,07:34:00,102,sem vítima,5.9,BR-060/DF,Sul,Colisão Traseira,2,0,0,0,0,0,0,0,0,0,2,0,0,0,0,060,2017-12-26 09:34:00+00:00,-15.898367843825653,-48.11290697764609
26/12/2017,07:51:00,118,ac02 - Aci,11.2,BR-060/DF,Norte,Colisão Transversal,2,0,0,0,0,0,0,0,0,0,1,3,1,0,0,060,2017-12-26 09:51:00+00:00,-15.9126880094574,-48.16007697673964
26/12/2017,02:16:00,338,ac02 - Aci,10.9,BR-060/DF,Norte,Colisão Traseira,0,0,0,1,0,0,0,0,0,1,1,1,0,0,0,060,2017-12-26 04:16:00+00:00,-15.911873685999076,-48.157407728855745
27/12/2017,04:02:00,384,sem vítima,11.9,BR-060/DF,Norte,Choque - Poste,1,0,0,0,0,0,0,0,0,0,1,0,0,0,0,060,2017-12-27 06:02:00+00:00,-15.917082367422498,-48.164286724554216
27/12/2017,11:30:00,598,sem vítima,12.939,BR-060/DF,Sul,Choque - Talude,1,0,0,0,0,0,0,0,0,0,1,0,0,0,0,060,2017-12-27 13:30:00+00:00,-15.926105769246119,-48.1668801700463
28/12/2017,12:23:00,8,ac02 - Aci,4.196,BR-060/DF,Norte,Capotamento,1,0,0,0,0,0,0,0,0,0,0,1,0,0,0,060,2017-12-28 14:23:00+00:00,-15.893788428518315,-48.09773128462174
31/12/2017,03:50:00,49,sem vítima,16.854,BR-060/DF,Sul,Choque - Talude,1,0,0,0,0,0,0,0,0,0,1,0,0,0,0,060,2017-12-31 05:50:00+00:00,-15.959840924925087,-48.17728993758271
01/01/2018,05:57:00,66,ac01 - Aci,6.261,BR-060/DF,Sul,Choque - Arvore,1,0,0,0,0,0,0,0,0,0,0,0,1,1,2,060,2018-01-01 07:57:00+00:00,-15.899341007120247,-48.11612109313073
02/01/2018,07:37:00,552,ac02 - Aci,4.001,BR-060/DF,Norte,Capotamento,1,0,0,0,0,0,0,0,0,0,0,0,1,0,0,060,2018-01-02 09:37:00+00:00,-15.893262577377701,-48.0959952071123
05/01/2018,09:06:00,154,sem vítima,26.85,BR-060/DF,Norte,Capotamento,1,0,0,0,0,0,0,0,0,0,1,0,0,0,0,060,2018-01-05 11:06:00+00:00,-16.01131664467568,-48.24722649059034
06/01/2018,07:31:00,92,sem vítima,9.879,BR-060/DF,Norte,Colisão Traseira,1,0,0,1,0,0,0,0,0,0,2,0,0,0,0,060,2018-01-06 09:31:00+00:00,-15.909101587097314,-48.14832368887414
06/01/2018,10:55:00,233,ac02 - Aci,19.64,BR-060/DF,Norte,Capotamento,1,0,0,0,0,0,0,0,0,0,0,0,1,0,0,060,2018-01-06 12:55:00+00:00,-15.975944023187951,-48.195495059494206
06/01/2018,06:03:00,472,sem vítima,28.3,BR-060/DF,Sul,Tombamento,0,0,0,0,0,0,0,0,0,1,2,0,0,0,0,060,2018-01-06 08:03:00+00:00,-16.023394787987854,-48.25216646532807
07/01/2018,12:48:00,300,ac02 - Aci,23.9,BR-060/DF,Sul,Capotamento,1,0,0,0,0,0,0,0,0,0,0,1,1,0,0,060,2018-01-07 14:48:00+00:00,-15.991523690642165,-48.23140237366403
08/01/2018,07:55:00,517,ac02 - Aci,27.5,BR-060/DF,Sul,Capotamento,1,0,0,0,0,0,0,0,0,0,1,1,0,0,0,060,2018-01-08 09:55:00+00:00,-16.017007088624922,-48.24869782235361
09/01/2018,02:28:00,41,sem vítima,10.846,BR-060/DF,Norte,Capotamento,1,0,0,0,0,0,0,0,0,0,1,0,0,0,0,060,2018-01-09 04:28:00+00:00,-15.911728265653311,-48.15692688594745
13/01/2018,06:53:00,102,sem vítima,9.5,BR-060/DF,Norte,Colisão Traseira,1,0,0,0,1,0,0,0,0,0,2,0,0,0,0,060,2018-01-13 08:53:00+00:00,-15.908044652537315,-48.14496117600436
13/01/2018,06:48:00,552,sem vítima,4.266,BR-060/DF,Norte,Saida de Pista,1,0,0,0,0,0,0,0,0,0,1,0,0,0,0,060,2018-01-13 08:48:00+00:00,-15.893976235937398,-48.098354793083665
20/01/2018,02:27:00,59,sem vítima,1.211,BR-060/DF,Sul,Choque - Poste,1,0,0,0,0,0,0,0,0,0,2,0,0,0,0,060,2018-01-20 04:27:00+00:00,-15.885776752681828,-48.071144035997634
21/01/2018,08:13:00,106,sem vítima,21.0,BR-060/DF,Sul,Capotamento,1,0,0,0,0,0,0,0,0,0,2,0,0,0,0,060,2018-01-21 10:13:00+00:00,-15.980282887787558,-48.20723244241915
21/01/2018,09:17:00,140,ac02 - Aci,3.0,BR-060/DF,Sul,Colisão Traseira,1,0,0,1,0,0,0,0,0,0,1,1,0,0,0,060,2018-01-21 11:17:00+00:00,-15.890570424543295,-48.087081067044366
22/01/2018,04:42:00,48,ac02 - Aci,6.7,BR-060/DF,Sul,Capotamento,1,0,0,0,0,0,0,0,0,0,1,1,0,0,0,060,2018-01-22 06:42:00+00:00,-15.90049512986743,-48.120038182365114
24/01/2018,07:38:00,540,sem vítima,4.6,BR-060/DF,Sul,Colisão Traseira,0,0,1,1,0,0,0,0,0,0,2,0,0,0,0,060,2018-01-24 09:38:00+00:00,-15.894869312642035,-48.101330822990235
25/01/2018,02:14:00,320,ac02 - Aci,0.625,BR-060/DF,Norte,Colisão Lateral,2,0,0,0,0,0,0,0,0,0,1,2,0,0,0,060,2018-01-25 04:14:00+00:00,-15.88421406082376,-48.06592134777027
26/01/2018,06:48:00,491,ac02 - Aci,27.4,BR-060/DF,Sul,Capotamento,1,0,0,0,0,0,0,0,0,0,0,1,0,0,0,060,2018-01-26 08:48:00+00:00,-16.016144509409994,-48.248423486135366
26/01/2018,06:48:00,505,ac02 - Aci,27.5,BR-060/DF,Sul,Capotamento,1,0,0,0,0,0,0,0,0,0,0,1,0,0,0,060,2018-01-26 08:48:00+00:00,-16.017007088624922,-48.24869782235361
01/02/2018,10:20:00,218,sem vítima,25.8,BR-060/DF,Norte,Saida de Pista,0,0,0,0,0,0,0,0,0,1,1,0,0,0,0,060,2018-02-01 12:20:00+00:00,-16.00226183250307,-48.24445118543278
16/02/2018,08:59:00,145,ac02 - Aci,30.383,BR-060/DF,Norte,Colisão Transversal,1,0,0,1,0,0,0,0,0,0,1,1,0,0,0,060,2018-02-16 10:59:00+00:00,-16.041437410848285,-48.25624015155696
16/02/2018,07:28:00,512,ac02 - Aci,27.0,BR-060/DF,Sul,Choque - Talude,1,0,0,0,0,0,0,0,0,0,0,1,0,0,0,060,2018-02-16 09:28:00+00:00,-16.012633635837343,-48.24755169324156