data,horario,n_da_ocorrencia,tipo_de_ocorrencia,km,trecho,sentido,tipo_de_acidente,automovel,bicicleta,caminhao,moto,onibus,outros,tracao_animal,transporte_de_cargas_especiais,trator_maquinas,utilitarios,ilesos,levemente_feridos,moderadamente_feridos,gravemente_feridos,mortos,vl_br,timestamp_utc,latitude_acidente,longitude_acidente
16/02/2018,08:13:00,534,sem vítima,29.899,BR-060/DF,Norte,Tombamento,0,0,1,0,0,0,0,0,0,0,1,0,0,0,0,060,2018-02-16 10:13:00+00:00,-16.03724134998814,-48.25532907901555
18/02/2018,12:34:00,273,sem vítima,16.07,BR-060/DF,Norte,Choque - Poste,1,0,0,0,0,0,0,0,0,0,2,0,0,0,0,060,2018-02-18 15:34:00+00:00,-15.9533168647585,-48.174646991327116
18/02/2018,10:51:00,515,ac01 - Aci,2.1,BR-060/DF,Norte,Atropelamento - Morador,1,0,0,0,0,1,0,0,0,0,2,0,0,0,1,060,2018-02-18 13:51:00+00:00,-15.888161990258,-48.079062537438205
19/02/2018,04:11:00,419,ac02 - Aci,11.3,BR-060/DF,Norte,Capotamento,0,0,0,0,0,0,0,0,0,1,0,0,1,0,0,060,2018-02-19 07:11:00+00:00,-15.912989224463082,-48.160956053866
21/02/2018,02:34:00,335,ac02 - Aci,30.0,BR-060/DF,Norte,Colisão Transversal,1,0,0,1,0,1,0,0,0,0,2,1,0,0,0,060,2018-02-21 05:34:00+00:00,-16.038044280533132,-48.255773204625484
24/02/2018,02:05:00,349,ac02 - Aci,29.22,BR-060/DF,Sul,Capotamento,1,0,0,0,0,0,0,0,0,0,0,1,0,0,0,060,2018-02-24 05:05:00+00:00,-16.031509838170106,-48.25349165091344
24/02/2018,02:20:00,362,ac02 - Aci,5.2,BR-060/DF,Sul,Queda de Moto,0,0,0,1,0,0,0,0,0,0,0,1,0,0,0,060,2018-02-24 05:20:00+00:00,-15.896480030376651,-48.106674914913384
25/02/2018,09:38:00,166,sem vítima,21.5,BR-060/DF,Norte,Capotamento,1,0,0,0,0,0,0,0,0,0,1,0,0,0,0,060,2018-02-25 12:38:00+00:00,-15.982351057791197,-48.211379801911406
25/02/2018,06:16:00,414,sem vítima,24.1,BR-060/DF,Norte,Choque - Elemento de Drenagem,1,0,0,0,0,0,0,0,0,0,1,0,0,0,0,060,2018-02-25 09:16:00+00:00,-15.992761388969239,-48.23276106021788
26/02/2018,03:17:00,43,sem vítima,2.0,BR-060/DF,Sul,Choque - Talude,1,0,0,0,0,0,0,0,0,0,1,0,0,0,0,060,2018-02-26 06:17:00+00:00,-15.887894398539888,-48.078171576973595
28/02/2018,07:58:00,490,sem vítima,6.5,BR-060/DF,Sul,Saida de Pista,0,0,1,0,0,0,0,0,0,0,1,0,0,0,0,060,2018-02-28 10:58:00+00:00,-15.899984212662646,-48.11824935279593
02/03/2018,06:14:00,488,sem vítima,25.199,BR-060/DF,Sul,Capotamento,1,0,0,0,0,0,0,0,0,0,1,0,0,0,0,060,2018-03-02 09:14:00+00:00,-15.997609267361454,-48.24168290210957
02/03/2018,07:22:00,522,sem vítima,2.2,BR-060/DF,Norte,Tombamento,0,0,1,0,0,0,0,0,0,0,1,0,0,0,0,060,2018-03-02 10:22:00+00:00,-15.888426562295006,-48.07995445169966
03/03/2018,07:10:00,497,ac02 - Aci,4.3,BR-060/DF,Sul,Colisão Lateral,1,0,0,1,0,0,0,0,0,0,1,1,0,0,0,060,2018-03-03 10:10:00+00:00,-15.894066198953405,-48.098658046035666
06/03/2018,12:55:00,339,ac02 - Aci,8.5,BR-060/DF,Sul,Colisão Traseira,1,0,0,1,0,0,0,0,0,0,1,0,1,0,0,060,2018-03-06 15:55:00+00:00,-15.905378278368525,-48.1360499469228
07/03/2018,03:16:00,368,sem vítima,24.216,BR-060/DF,Norte,Saida de Pista,1,0,0,0,0,0,0,0,0,0,1,0,0,0,0,060,2018-03-07 06:16:00+00:00,-15.993394374601799,-48.23362206555722
07/03/2018,03:24:00,371,sem vítima,23.376,BR-060/DF,Norte,Capotamento,1,0,0,0,0,0,0,0,0,0,4,0,0,0,0,060,2018-03-07 06:24:00+00:00,-15.989091320158623,-48.227317226944486
08/03/2018,05:53:00,489,sem vítima,28.6,BR-060/DF,Sul,Choque - Talude,0,0,0,0,0,0,0,0,0,1,2,0,0,0,0,060,2018-03-08 08:53:00+00:00,-16.025926918903306,-48.25308821717928
08/03/2018,08:58:00,585,ac02 - Aci,16.0,BR-060/DF,Norte,Queda de Moto,0,0,0,1,0,0,0,0,0,0,0,1,0,0,0,060,2018-03-08 11:58:00+00:00,-15.95270730521758,-48.174474751029436
09/03/2018,07:12:00,108,sem vítima,0.2,BR-060/DF,Norte,Colisão Lateral,2,0,0,1,0,0,0,0,0,0,3,0,0,0,0,060,2018-03-09 10:12:00+00:00,-15.883079789718268,-48.06213392407057
09/03/2018,07:53:00,136,sem vítima,28.0,BR-060/DF,Norte,Carreta deu L,0,0,1,0,0,0,0,0,0,0,1,0,0,0,0,060,2018-03-09 10:53:00+00:00,-16.021021519767856,-48.25081787423561
10/03/2018,09:51:00,680,ac02 - Aci,7.4,BR-060/DF,Sul,Colisão Traseira,2,0,0,0,0,0,0,0,0,0,1,1,0,0,0,060,2018-03-10 12:51:00+00:00,-15.902411183816676,-48.12625980029487
11/03/2018,12:03:00,234,sem vítima,29.796,BR-060/DF,Norte,Capotamento,1,0,0,0,0,0,0,0,0,0,1,0,0,0,0,060,2018-03-11 15:03:00+00:00,-16.036469641048576,-48.254792927593755
14/03/2018,04:21:00,558,sem vítima,27.562,BR-060/DF,Sul,Capotamento,0,0,0,0,0,0,0,0,0,1,2,0,0,0,0,060,2018-03-14 07:21:00+00:00,-16.017529316300646,-48.24890558538029
16/03/2018,07:55:00,140,sem vítima,23.3,BR-060/DF,Sul,Capotamento,1,0,0,0,0,0,0,0,0,0,2,0,0,0,0,060,2018-03-16 10:55:00+00:00,-15.988965664232952,-48.22662000021874
16/03/2018,02:38:00,411,ac02 - Aci,1.8,BR-060/DF,Sul,Colisão Traseira,2,0,0,0,0,0,0,0,0,0,1,1,0,0,0,060,2018-03-16 05:38:00+00:00,-15.887358898237972,-48.07638976034672
16/03/2018,02:38:00,413,sem vítima,0.8,BR-060/DF,Sul,Colisão Traseira,3,0,0,0,0,0,0,0,0,0,3,0,0,0,0,060,2018-03-16 05:38:00+00:00,-15.884674016108828,-48.067483157785965
16/03/2018,06:16:00,544,ac02 - Aci,4.0,BR-060/DF,Sul,Colisão Traseira,1,0,0,1,0,0,0,0,0,0,2,1,0,0,0,060,2018-03-16 09:16:00+00:00,-15.893259852449107,-48.09598631327878
17/03/2018,02:51:00,351,sem vítima,10.0,BR-060/DF,Sul,Saida de Pista,1,0,0,0,0,0,0,0,0,0,1,0,0,0,0,060,2018-03-17 05:51:00+00:00,-15.909433209563039,-48.149399239139086
17/03/2018,03:23:00,364,ac02 - Aci,4.6,BR-060/DF,Norte,Colisão Traseira,2,0,0,0,0,0,0,0,0,0,5,1,0,0,0,060,2018-03-17 06:23:00+00:00,-15.894869312642035,-48.101330822990235
18/03/2018,08:04:00,159,ac02 - Aci,2.36,BR-060/DF,Sul,Colisão Traseira,1,0,0,1,0,0,0,0,0,0,1,1,0,0,0,060,2018-03-18 11:04:00+00:00,-15.888855702639912,-48.08137965995008
19/03/2018,09:09:00,549,sem vítima,27.1,BR-060/DF,Norte,Choque - Talude,0,0,0,0,0,0,0,0,0,1,1,0,0,0,0,060,2018-03-19 12:09:00+00:00,-16.013511912226246,-48.247767285362315
22/03/2018,12:03:00,305,sem vítima,28.267,BR-060/DF,Sul,Capotamento,0,0,0,0,0,0,0,0,0,1,1,0,0,0,0,060,2018-03-22 15:03:00+00:00,-16.0231336604647,-48.25201824591913
23/03/2018,02:50:00,361,ac02 - Aci,27.699,BR-060/DF,Sul,Colisão Traseira,1,0,1,0,0,0,0,0,0,0,3,1,0,0,0,060,2018-03-23 05:50:00+00:00,-16.01864472178407,-48.24945660589983
23/03/2018,04:57:00,448,sem vítima,8.154,BR-060/DF,Norte,Colisão Traseira,2,0,0,0,0,0,0,0,0,0,2,0,0,0,0,060,2018-03-23 07:57:00+00:00,-15.904445932805084,-48.13296926913536
24/03/2018,08:58:00,572,ac02 - Aci,18.699,BR-060/DF,Norte,Choque - Talude,1,0,0,0,0,0,0,0,0,0,0,1,0,0,0,060,2018-03-24 11:58:00+00:00,-15.973359822196583,-48.18734471579606
24/03/2018,10:47:00,599,sem vítima,4.0,BR-060/DF,Norte,Colisão Traseira,2,0,0,0,0,0,0,0,0,0,2,0,0,0,0,060,2018-03-24 13:47:00+00:00,-15.893259852449107,-48.09598631327878
25/03/2018,11:01:00,207,sem vítima,30.4,BR-060/DF,Sul,Colisão Traseira,2,0,0,0,0,1,0,0,0,0,3,0,0,0,0,060,2018-03-25 14:01:00+00:00,-16.041590483488672,-48.256242951674786
25/03/2018,12:31:00,241,sem vítima,0.8,BR-060/DF,Norte,Colisão Traseira,2,0,0,0,0,0,0,0,0,0,2,0,0,0,0,060,2018-03-25 15:31:00+00:00,-15.884674016108828,-48.067483157785965
26/03/2018,12:47:00,315,sem vítima,11.87,BR-060/DF,Norte,Choque - Suporte de Sinalização,1,0,0,0,0,0,0,0,0,0,1,0,0,0,0,060,2018-03-26 15:47:00+00:00,-15.916821854062652,-48.16421021853518
29/03/2018,07:53:00,129,sem vítima,2.27,BR-060/DF,Norte,Choque - Arvore,1,0,0,0,0,0,0,0,0,0,1,0,0,0,0,060,2018-03-29 10:53:00+00:00,-15.888616316563784,-48.08057733473146
31/03/2018,08:14:00,107,sem vítima,6.194,BR-060/DF,Sul,Colisão Transversal,1,0,0,0,0,0,0,0,0,1,2,0,0,0,0,060,2018-03-31 11:14:00+00:00,-15.899161028963022,-48.1155243589672
31/03/2018,08:22:00,110,ac02 - Aci,22.161,BR-060/DF,Sul,Objeto lançado contra veículo,1,0,0,1,0,1,0,0,0,0,3,0,0,1,0,060,2018-03-31 11:22:00+00:00,-15.985085367004707,-48.21686251507559
31/03/2018,10:01:00,459,sem vítima,19.899,BR-060/DF,Norte,Capotamento,1,0,0,0,0,0,0,0,0,0,1,0,0,0,0,060,2018-03-31 13:01:00+00:00,-15.97632496367205,-48.197879708665155
01/04/2018,02:39:00,279,sem vítima,4.4,BR-060/DF,Norte,Atropelamento - Usuário,0,0,0,1,0,0,0,0,0,0,2,0,0,0,0,060,2018-04-01 05:39:00+00:00,-15.894336626583348,-48.099548091839104
05/04/2018,10:47:00,525,sem vítima,5.46,BR-060/DF,Norte,Colisão Traseira,2,0,0,0,0,0,0,0,0,0,2,0,0,0,0,060,2018-04-05 13:47:00+00:00,-15.897177334628418,-48.10899093170824
06/04/2018,04:46:00,410,sem vítima,19.0,BR-060/DF,Sul,Saida de Pista,0,0,0,0,0,0,0,0,0,1,1,0,0,0,0,060,2018-04-06 07:46:00+00:00,-15.974895370007726,-48.189626613849754
07/04/2018,03:36:00,373,sem vítima,1.93,BR-060/DF,Sul,Choque - Elemento de Drenagem,1,0,0,0,0,0,0,0,0,0,1,0,0,0,0,060,2018-04-07 06:36:00+00:00,-15.887706097968538,-48.07754822268898
08/04/2018,01:03:00,12,ac02 - Aci,27.5,BR-060/DF,Sul,Capotamento,1,0,0,0,0,0,0,0,0,0,1,1,0,0,0,060,2018-04-08 04:03:00+00:00,-16.017007088624922,-48.24869782235361
08/04/2018,06:21:00,66,sem vítima,4.5,BR-060/DF,Sul,Capotamento,1,0,0,0,0,0,0,0,0,0,1,0,0,0,0,060,2018-04-08 09:21:00+00:00,-15.894601941264158,-48.100439780793714
08/04/2018,09:20:00,507,sem vítima,10.4,BR-060/DF,Sul,Saida de Pista,1,0,0,0,0,0,0,0,0,0,4,0,0,0,0,060,2018-04-08 12:20:00+00:00,-15.910524554383613,-48.15295636678985
09/04/2018,03:14:00,356,sem vítima,25.9,BR-060/DF,Norte,Choque - Elemento de Drenagem,1,0,0,0,0,0,0,0,0,0,1,0,0,0,0,060,2018-04-09 06:14:00+00:00,-16.003085014163666,-48.24483416685039
15/04/2018,10:09:00,509,ac02 - Aci,29.5,BR-060/DF,Norte,Choque - Elemento de Drenagem,1,0,0,0,0,0,0,0,0,0,1,1,1,0,0,060,2018-04-15 13:09:00+00:00,-16.034025073076602,-48.25372782020066
16/04/2018,07:31:00,108,ac02 - Aci,7.375,BR-060/DF,Norte,Colisão Lateral,1,0,0,1,0,0,0,0,0,0,1,1,0,0,0,060,2018-04-16 10:31:00+00:00,-15.902343427568189,-48.126037331960966
19/04/2018,05:15:00,492,ac02 - Aci,8.0,BR-060/DF,Norte,Choque - Poste,1,0,0,0,0,0,0,0,0,0,0,3,0,0,0,060,2018-04-19 08:15:00+00:00,-15.904031616731608,-48.13159786817079
19/04/2018,07:45:00,549,ac02 - Aci,4.25,BR-060/DF,Norte,Colisão Lateral,1,0,0,1,0,0,0,0,0,0,1,2,0,0,0,060,2018-04-19 10:45:00+00:00,-15.893934343193557,-48.098211945494256
21/04/2018,07:03:00,91,sem vítima,11.7,BR-060/DF,Sul,Colisão Traseira,2,0,0,0,0,0,0,0,0,0,2,0,0,0,0,060,2018-04-21 10:03:00+00:00,-15.915390701039065,-48.16365046911967
23/04/2018,06:50:00,108,ac02 - Aci,0.1,BR-060/DF,Norte,Colisão Traseira,1,0,0,1,0,0,0,0,0,0,1,1,0,0,0,060,2018-04-23 09:50:00+00:00,-15.882815458182089,-48.06124193278919
28/04/2018,11:15:00,591,ac02 - Aci,9.986,BR-060/DF,Norte,Choque - Objeto sobre a pista,0,0,0,1,0,0,0,0,0,1,1,1,1,0,0,060,2018-04-28 14:15:00+00:00,-15.909395079833175,-48.14927471583623
04/05/2018,03:53:00,42,ac02 - Aci,29.557,BR-060/DF,Sul,Capotamento,1,0,0,0,0,0,0,0,0,0,0,1,0,0,0,060,2018-05-04 06:53:00+00:00,-16.034525376630867,-48.25385198860584
04/05/2018,07:46:00,491,sem vítima,4.5,BR-060/DF,Norte,Engavetamento,4,0,0,0,0,0,0,0,0,0,4,0,0,0,0,060,2018-05-04 10:46:00+00:00,-15.894601941264158,-48.100439780793714
04/05/2018,09:44:00,530,sem vítima,8.099,BR-060/DF,Sul,Colisão Traseira,2,0,0,0,0,0,0,0,0,0,2,0,0,0,0,060,2018-05-04 12:44:00+00:00,-15.90429801738448,-48.13247946518044
07/05/2018,08:14:00,108,sem vítima,3.044,BR-060/DF,Sul,Colisão Traseira,2,0,0,0,0,1,0,0,0,0,3,0,0,0,0,060,2018-05-07 11:14:00+00:00,-15.890689757824905,-48.08747257687686
07/05/2018,07:17:00,483,sem vítima,19.0,BR-060/DF,Norte,Queda de Ciclista,0,1,0,0,0,0,0,0,0,0,1,0,0,0,0,060,2018-05-07 10:17:00+00:00,-15.974895370007726,-48.189626613849754
08/05/2018,07:56:00,121,sem vítima,2.4,BR-060/DF,Norte,Colisão Traseira,2,0,0,0,0,0,0,0,0,0,2,0,0,0,0,060,2018-05-08 10:56:00+00:00,-15.888963405390266,-48.081735827117534
08/05/2018,08:17:00,137,sem vítima,2.413,BR-060/DF,Norte,Colisão Traseira,2,0,0,0,0,0,0,0,0,0,2,0,0,0,0,060,2018-05-08 11:17:00+00:00,-15.888998748784795,-48.08185147233966
09/05/2018,07:57:00,118,sem vítima,30.3,BR-060/DF,Norte,Choque - Suporte de Sinalização,1,0,0,0,0,0,0,0,0,0,1,0,0,0,0,060,2018-05-09 10:57:00+00:00,-16.040688594115203,-48.256246176493484
09/05/2018,06:39:00,474,ac02 - Aci,0.446,BR-060/DF,Norte,Colisão Lateral,1,0,1,0,0,0,0,0,0,0,1,1,0,0,0,060,2018-05-09 09:39:00+00:00,-15.883733049316705,-48.06432724036028
09/05/2018,07:37:00,504,sem vítima,3.01,BR-060/DF,Sul,Colisão Traseira,1,0,0,0,1,0,0,0,0,0,2,0,0,0,0,060,2018-05-09 10:37:00+00:00,-15.890597760901333,-48.08716997641883
10/05/2018,05:37:00,484,sem vítima,9.001,BR-060/DF,Norte,Colisão Lateral,1,0,0,1,0,0,0,0,0,0,4,0,0,0,0,060,2018-05-10 08:37:00+00:00,-15.906741130979785,-48.140506543659455
12/05/2018,07:34:00,494,sem vítima,25.142,BR-060/DF,Norte,Saida de Pista,1,0,0,0,0,0,0,0,0,0,1,0,0,0,0,060,2018-05-12 10:34:00+00:00,-15.997294521363466,-48.2412623108156
14/05/2018,01:41:00,20,ac01 - Aci,7.001,BR-060/DF,Sul,Atropelamento - Andarilho,0,0,0,0,1,0,0,0,0,0,1,0,0,0,1,060,2018-05-14 04:41:00+00:00,-15.901331642825248,-48.12270862920184
14/05/2018,06:10:00,517,sem vítima,26.118,BR-060/DF,Sul,Tombamento,1,0,0,0,0,0,0,0,0,0,1,0,0,0,0,060,2018-05-14 09:10:00+00:00,-16.004891896210278,-48.24563512215675
15/05/2018,11:51:00,223,ac02 - Aci,4.4,BR-060/DF,Sul,Colisão Traseira,1,0,1,0,0,0,0,0,0,0,1,1,0,0,0,060,2018-05-15 14:51:00+00:00,-15.894336626583348,-48.099548091839104
15/05/2018,12:33:00,253,ac02 - Aci,5.502,BR-060/DF,Norte,Colisão Traseira,0,0,0,1,0,0,0,0,0,1,1,1,0,0,0,060,2018-05-15 15:33:00+00:00,-15.897291287172106,-48.10936463596179
17/05/2018,09:21:00,165,sem vítima,2.7,BR-060/DF,Sul,Colisão Transversal,2,0,0,0,0,0,0,0,0,0,2,0,0,0,0,060,2018-05-17 12:21:00+00:00,-15.889766670314438,-48.08440853581659
18/05/2018,11:55:00,248,sem vítima,2.5,BR-060/DF,Sul,Colisão Lateral,0,0,1,1,0,0,0,0,0,0,2,0,0,0,0,060,2018-05-18 14:55:00+00:00,-15.889231878258785,-48.08262650352442
19/05/2018,07:46:00,81,ac02 - Aci,4.595,BR-060/DF,Norte,Capotamento,2,0,0,0,0,0,0,0,0,0,1,2,0,0,0,060,2018-05-19 10:46:00+00:00,-15.894856027332997,-48.101286244208076
22/05/2018,10:29:00,440,sem vítima,30.399,BR-060/DF,Sul,Colisão Lateral,1,0,1,0,0,0,0,0,0,0,2,0,0,0,0,060,2018-05-22 13:29:00+00:00,-16.04158147503139,-48.256243546650815
23/05/2018,11:52:00,209,sem vítima,2.4,BR-060/DF,Norte,Colisão Traseira,1,0,0,0,0,0,0,0,0,1,2,0,0,0,0,060,2018-05-23 14:52:00+00:00,-15.888963405390266,-48.081735827117534
24/05/2018,10:54:00,172,sem vítima,1.2,BR-060/DF,Norte,Queda de Moto,0,0,0,1,0,0,0,0,0,0,1,0,0,0,0,060,2018-05-24 13:54:00+00:00,-15.885747466223776,-48.07104598297108
24/05/2018,09:04:00,291,sem vítima,13.402,BR-060/DF,Norte,Colisão Traseira,2,0,0,0,0,0,0,0,0,0,3,0,0,0,0,060,2018-05-24 12:04:00+00:00,-15.930173375010217,-48.16778521518766
28/05/2018,12:28:00,12,sem vítima,25.3,BR-060/DF,Norte,Choque - Elemento de Drenagem,1,0,0,0,0,0,0,0,0,0,1,0,0,0,0,060,2018-05-28 15:28:00+00:00,-15.998249519374378,-48.242352297415664
03/06/2018,03:04:00,281,sem vítima,31.2,BR-060/DF,Norte,Engavetamento,3,0,0,0,0,0,0,0,0,0,3,0,0,0,0,060,2018-06-03 06:04:00+00:00,-16.048520109175914,-48.258125837028345
05/06/2018,07:47:00,504,ac01 - Aci,4.415,BR-060/DF,Norte,Atropelamento - Morador,1,0,0,0,0,0,0,0,0,0,3,0,0,0,2,060,2018-06-05 10:47:00+00:00,-15.894377619124775,-48.099681460694256
06/06/2018,06:24:00,67,sem vítima,8.5,BR-060/DF,Norte,Colisão Traseira,2,0,0,0,0,0,0,0,0,0,2,0,0,0,0,060,2018-06-06 09:24:00+00:00,-15.905378278368525,-48.1360499469228
11/06/2018,05:14:00,61,ac01 - Aci,0.953,BR-060/DF,Norte,Atropelamento - Andarilho,1,0,0,0,0,0,0,0,0,0,1,0,0,0,1,060,2018-06-11 08:14:00+00:00,-15.885086077969273,-48.068845467251826
12/06/2018,03:30:00,355,ac02 - Aci,24.865,BR-060/DF,Sul,Capotamento,1,0,0,0,0,0,0,0,0,0,0,1,0,0,0,060,2018-06-12 06:30:00+00:00,-15.99610615432161,-48.238989737100496
12/06/2018,06:34:00,459,sem vítima,10.94,BR-060/DF,Sul,Colisão Traseira,2,0,0,0,0,0,0,0,0,0,3,0,0,0,0,060,2018-06-12 09:34:00+00:00,-15.911980912434764,-48.15776406752006
15/06/2018,06:26:00,77,sem vítima,2.0,BR-060/DF,Norte,Capotamento,2,0,0,0,0,0,0,0,0,0,2,0,0,0,0,060,2018-06-15 09:26:00+00:00,-15.887894398539888,-48.078171576973595
15/06/2018,07:08:00,96,ac02 - Aci,4.3,BR-060/DF,Sul,Atropelamento - Ciclista,1,1,0,0,0,0,0,0,0,0,1,1,0,0,0,060,2018-06-15 10:08:00+00:00,-15.894066198953405,-48.098658046035666
17/06/2018,05:54:00,74,sem vítima,7.0,BR-060/DF,Norte,Choque - Poste,1,0,0,0,0,0,0,0,0,0,1,0,0,0,0,060,2018-06-17 08:54:00+00:00,-15.90132891731299,-48.122699735434956
17/06/2018,09:44:00,460,sem vítima,4.0,BR-060/DF,Sul,Saida de Pista,1,0,0,0,0,0,0,0,0,0,1,0,0,0,0,060,2018-06-17 12:44:00+00:00,-15.893259852449107,-48.09598631327878
18/06/2018,01:27:00,14,ac02 - Aci,20.2,BR-060/DF,Sul,Queda de Moto,0,0,0,1,0,0,0,0,0,0,0,1,0,0,0,060,2018-06-18 04:27:00+00:00,-15.976978192304067,-48.200594462399295
22/06/2018,07:13:00,436,sem vítima,4.0,BR-060/DF,Sul,Colisão Traseira,2,0,0,0,0,0,0,0,0,0,2,0,0,0,0,060,2018-06-22 10:13:00+00:00,-15.893259852449107,-48.09598631327878
23/06/2018,11:56:00,477,ac02 - Aci,7.599,BR-060/DF,Sul,Queda de Moto,1,0,0,1,0,0,0,0,0,0,2,1,0,0,0,060,2018-06-23 14:56:00+00:00,-15.90294727174521,-48.12803169103422
26/06/2018,10:25:00,566,ac02 - Aci,24.0,BR-060/DF,Sul,Capotamento,1,0,0,0,0,0,0,0,0,0,0,1,0,0,0,060,2018-06-26 13:25:00+00:00,-15.992144413890477,-48.23207994070532
27/06/2018,07:23:00,82,sem vítima,4.5,BR-060/DF,Norte,Colisão Lateral,1,0,0,0,0,1,0,0,0,0,2,0,0,0,0,060,2018-06-27 10:23:00+00:00,-15.894601941264158,-48.100439780793714
28/06/2018,11:52:00,220,sem vítima,5.0,BR-060/DF,Sul,Capotamento,1,0,0,0,0,0,0,0,0,0,1,0,0,0,0,060,2018-06-28 14:52:00+00:00,-15.895941809050944,-48.10489399995692
30/06/2018,07:40:00,428,sem vítima,3.0,BR-060/DF,Sul,Colisão Lateral,2,0,0,0,0,0,0,0,0,0,3,0,0,0,0,060,2018-06-30 10:40:00+00:00,-15.890570424543295,-48.087081067044366
30/06/2018,09:28:00,458,ac02 - Aci,5.0,BR-060/DF,Sul,Capotamento,1,0,0,0,0,0,0,0,0,0,0,0,1,0,0,060,2018-06-30 12:28:00+00:00,-15.895941809050944,-48.10489399995692
30/06/2018,11:33:00,490,ac01 - Aci,23.898,BR-060/DF,Sul,Capotamento,1,0,0,0,0,0,0,0,0,0,0,1,0,0,1,060,2018-06-30 14:33:00+00:00,-15.991511190770158,-48.23138890608204
01/07/2018,04:23:00,284,sem vítima,0.4,BR-060/DF,Sul,Colisão Lateral,1,0,1,0,0,0,0,0,0,0,3,0,0,0,0,060,2018-07-01 07:23:00+00:00,-15.883611169623782,-48.06391702247983
03/07/2018,10:30:00,187,sem vítima,25.0,BR-060/DF,Sul,Colisão Lateral,1,0,1,0,0,0,0,0,0,0,2,0,0,0,0,060,2018-07-03 13:30:00+00:00,-15.996666900982364,-48.2401083109208
03/07/2018,06:41:00,431,ac02 - Aci,2.623,BR-060/DF,Sul,Queda de Moto,0,0,0,1,0,0,0,0,0,0,0,1,0,0,0,060,2018-07-03 09:41:00+00:00,-15.889560688088439,-48.083722477036886
04/07/2018,08:44:00,640,ac02 - Aci,6.0,BR-060/DF,Sul,Colisão Traseira,1,0,0,1,0,0,0,0,0,0,1,1,0,0,0,060,2018-07-04 11:44:00+00:00,-15.898636978479185,-48.11379745322939
05/07/2018,04:15:00,431,ac02 - Aci,17.5,BR-060/DF,Sul,Saida de Pista,1,0,0,0,0,0,0,0,0,0,1,2,0,0,0,060,2018-07-05 07:15:00+00:00,-15.964580426725794,-48.180802260952355
06/07/2018,07:15:00,532,ac02 - Aci,25.093,BR-060/DF,Sul,Queda de Ciclista,0,1,0,0,0,0,0,0,0,0,0,1,0,0,0,060,2018-07-06 10:15:00+00:00,-15.997057021953568,-48.24087670151569
09/07/2018,06:22:00,454,sem vítima,30.1,BR-060/DF,Sul,Saida de Pista,1,0,0,0,0,0,0,0,0,0,1,0,0,0,0,060,2018-07-09 09:22:00+00:00,-16.03889685384635,-48.25607733335711
09/07/2018,07:56:00,493,sem vítima,6.0,BR-060/DF,Sul,Choque - Poste,1,0,0,0,0,0,0,0,0,0,1,0,0,0,0,060,2018-07-09 10:56:00+00:00,-15.898636978479185,-48.11379745322939
15/07/2018,09:42:00,172,ac02 - Aci,18.899,BR-060/DF,Norte,Colisão Traseira,1,0,0,1,0,0,0,0,0,0,1,0,1,0,0,060,2018-07-15 12:42:00+00:00,-15.97450633724166,-48.18877574065756
15/07/2018,07:19:00,516,sem vítima,5.099,BR-060/DF,Sul,Choque - Elemento de Drenagem,1,0,0,0,0,0,0,0,0,0,1,0,0,0,0,060,2018-07-15 10:19:00+00:00,-15.896205548932171,-48.10577641589873
17/07/2018,08:26:00,573,sem vítima,3.0,BR-060/DF,Sul,Saida de Pista,1,0,0,0,0,0,0,0,0,0,1,0,0,0,0,060,2018-07-17 11:26:00+00:00,-15.890570424543295,-48.087081067044366
22/07/2018,07:53:00,534,sem vítima,5.0,BR-060/DF,Sul,Choque - Suporte de Sinalização,1,0,0,0,0,0,0,0,0,0,1,0,0,0,0,060,2018-07-22 10:53:00+00:00,-15.895941809050944,-48.10489399995692
22/07/2018,11:59:00,643,sem vítima,6.6,BR-060/DF,Norte,Choque - Poste,1,0,0,0,0,0,0,0,0,0,1,0,0,0,0,060,2018-07-22 14:59:00+00:00,-15.900256620687816,-48.119138773247066
23/07/2018,01:07:00,351,ac02 - Aci,9.9,BR-060/DF,Norte,Capotamento,2,0,0,0,0,0,0,0,0,0,1,1,0,0,0,060,2018-07-23 04:07:00+00:00,-15.90915970800423,-48.14851016816754
29/07/2018,02:03:00,24,ac01 - Aci,12.099,BR-060/DF,Norte,Queda de Moto,0,0,0,1,0,0,0,0,0,0,0,0,0,0,1,060,2018-07-29 05:03:00+00:00,-15.918812012182027,-48.16478842061172
29/07/2018,05:35:00,59,sem vítima,22.468,BR-060/DF,Sul,Capotamento,1,0,0,0,0,0,0,0,0,0,1,0,0,0,0,060,2018-07-29 08:35:00+00:00,-15.986357637886247,-48.21940773106649