data,horario,n_da_ocorrencia,tipo_de_ocorrencia,km,trecho,sentido,tipo_de_acidente,automovel,bicicleta,caminhao,moto,onibus,outros,tracao_animal,transporte_de_cargas_especiais,trator_maquinas,utilitarios,ilesos,levemente_feridos,moderadamente_feridos,gravemente_feridos,mortos,vl_br,timestamp_utc,latitude_acidente,longitude_acidente
29/07/2018,05:20:00,426,ac02 - Aci,4.0,BR-060/DF,Norte,Colisão Traseira,2,0,0,0,0,0,0,0,0,0,1,3,0,0,0,060,2018-07-29 08:20:00+00:00,-15.893259852449107,-48.09598631327878
30/07/2018,11:09:00,641,sem vítima,4.0,BR-060/DF,Sul,Colisão Traseira,2,0,0,0,0,0,0,0,0,0,2,0,0,0,0,060,2018-07-30 14:09:00+00:00,-15.893259852449107,-48.09598631327878
03/08/2018,03:03:00,330,sem vítima,8.2,BR-060/DF,Norte,Colisão Frontal,1,0,0,0,1,0,0,0,0,0,2,0,0,0,0,060,2018-08-03 06:03:00+00:00,-15.904569893585725,-48.13337884307358
04/08/2018,01:31:00,281,ac02 - Aci,0.0,BR-060/DF,Norte,Colisão Lateral,1,0,0,1,0,0,0,0,0,0,1,0,2,0,0,060,2018-08-04 04:31:00+00:00,-15.882538099999975,-48.060354719999964
05/08/2018,06:20:00,471,ac02 - Aci,22.441,BR-060/DF,Sul,Queda de Ciclista,0,0,0,1,0,0,0,0,0,0,1,1,0,0,0,060,2018-08-05 09:20:00+00:00,-15.986246097364365,-48.21918369541453
10/08/2018,09:23:00,199,ac02 - Aci,17.4,BR-060/DF,Norte,Capotamento,1,0,0,0,0,0,0,0,0,0,4,1,0,0,0,060,2018-08-10 12:23:00+00:00,-15.963847038882053,-48.18025813515386
10/08/2018,10:05:00,645,sem vítima,19.185,BR-060/DF,Sul,Saida de Pista,1,0,0,0,0,0,0,0,0,0,1,0,0,0,0,060,2018-08-10 13:05:00+00:00,-15.975247652413174,-48.19131070384821
12/08/2018,01:29:00,33,ac02 - Aci,2.958,BR-060/DF,Norte,Capotamento,1,0,0,0,0,0,0,0,0,0,0,0,2,0,0,060,2018-08-12 04:29:00+00:00,-15.890458630273333,-48.08670668462422
13/08/2018,07:34:00,105,sem vítima,9.68,BR-060/DF,Norte,Atropelamento - Outros,0,0,0,1,0,0,0,0,0,0,2,0,0,0,0,060,2018-08-13 10:34:00+00:00,-15.90853282288525,-48.146562833968055
14/08/2018,06:44:00,676,sem vítima,30.199,BR-060/DF,Sul,Colisão Traseira,2,0,0,0,0,0,0,0,0,0,3,0,0,0,0,060,2018-08-14 09:44:00+00:00,-16.03977726944613,-48.256229811579566
23/08/2018,08:34:00,509,sem vítima,19.899,BR-060/DF,Norte,Capotamento,1,0,0,0,0,0,0,0,0,0,2,0,0,0,0,060,2018-08-23 11:34:00+00:00,-15.97632496367205,-48.197879708665155
29/08/2018,10:05:00,252,ac02 - Aci,4.7,BR-060/DF,Sul,Capotamento,1,0,1,0,0,0,0,0,0,0,2,1,0,0,0,060,2018-08-29 13:05:00+00:00,-15.89513844677703,-48.10222129187768
29/08/2018,11:13:00,713,sem vítima,3.1,BR-060/DF,Sul,Colisão Traseira,2,0,0,0,0,0,0,0,0,0,2,0,0,0,0,060,2018-08-29 14:13:00+00:00,-15.890837816067066,-48.08797208800573
01/09/2018,08:34:00,169,ac02 - Aci,14.6,BR-060/DF,Norte,Choque - Poste,1,0,0,0,0,0,0,0,0,0,1,1,0,0,0,060,2018-09-01 11:34:00+00:00,-15.940523986515306,-48.171000394376996
01/09/2018,12:29:00,284,sem vítima,8.8,BR-060/DF,Sul,Colisão Lateral,2,0,0,0,0,0,0,0,0,0,2,0,0,0,0,060,2018-09-01 15:29:00+00:00,-15.906194351540822,-48.138718565366574
01/09/2018,08:07:00,534,ac02 - Aci,2.0,BR-060/DF,Sul,Capotamento,2,0,0,0,0,0,0,0,0,0,2,2,0,0,0,060,2018-09-01 11:07:00+00:00,-15.887894398539888,-48.078171576973595
06/09/2018,02:20:00,379,sem vítima,23.4,BR-060/DF,Norte,Tombamento,0,0,0,0,0,0,0,0,0,1,1,0,0,0,0,060,2018-09-06 05:20:00+00:00,-15.989133988542795,-48.22753680913194
08/09/2018,05:55:00,398,sem vítima,4.0,BR-060/DF,Norte,Colisão Lateral,2,0,0,0,0,0,0,0,0,0,4,0,0,0,0,060,2018-09-08 08:55:00+00:00,-15.893259852449107,-48.09598631327878
09/09/2018,12:25:00,232,ac02 - Aci,16.7,BR-060/DF,Sul,Capotamento,1,0,0,0,0,0,0,0,0,0,0,1,0,0,0,060,2018-09-09 15:25:00+00:00,-15.958705601402462,-48.17646077831191
11/09/2018,09:09:00,154,ac02 - Aci,25.7,BR-060/DF,Sul,Capotamento,1,0,0,0,0,0,0,0,0,0,4,1,0,0,0,060,2018-09-11 12:09:00+00:00,-16.001435979993925,-48.24407439449794
11/09/2018,09:42:00,185,ac02 - Aci,9.006,BR-060/DF,Norte,Colisão Traseira,1,0,0,0,0,1,0,0,0,0,1,0,1,0,0,060,2018-09-11 12:42:00+00:00,-15.906754525492785,-48.14055108843286
11/09/2018,04:17:00,415,sem vítima,14.1,BR-060/DF,Sul,Colisão Traseira,2,0,0,0,0,0,0,0,0,0,2,0,0,0,0,060,2018-09-11 07:17:00+00:00,-15.936172960458558,-48.16975894644873
14/09/2018,01:46:00,395,sem vítima,7.5,BR-060/DF,Norte,Capotamento,1,0,0,0,0,0,0,0,0,0,1,0,0,0,0,060,2018-09-14 04:46:00+00:00,-15.902678003020497,-48.12715102585907
16/09/2018,10:14:00,231,ac02 - Aci,12.0,BR-060/DF,Sul,Choque - Arvore,1,0,0,0,0,0,0,0,0,0,0,1,0,0,0,060,2018-09-16 13:14:00+00:00,-15.917950731309672,-48.164541812566426
18/09/2018,02:23:00,391,sem vítima,14.07,BR-060/DF,Norte,Colisão Traseira,1,0,0,0,0,0,0,0,0,1,2,0,0,0,0,060,2018-09-18 05:23:00+00:00,-15.935912287816663,-48.16968301523305
19/09/2018,02:21:00,393,sem vítima,8.0,BR-060/DF,Norte,Colisão Traseira,1,0,0,0,0,0,0,0,0,0,1,0,0,0,0,060,2018-09-19 05:21:00+00:00,-15.904031616731608,-48.13159786817079
19/09/2018,04:25:00,458,sem vítima,28.4,BR-060/DF,Norte,Choque - Talude,1,0,0,0,0,0,0,0,0,0,1,0,0,0,0,060,2018-09-19 07:25:00+00:00,-16.024191634674025,-48.252604372533895
20/09/2018,09:57:00,559,sem vítima,26.0,BR-060/DF,Norte,Saida de Pista,0,0,0,0,0,0,0,0,0,1,1,0,0,0,0,060,2018-09-20 12:57:00+00:00,-16.00389849375887,-48.24523829325778
21/09/2018,11:31:00,255,ac02 - Aci,15.3,BR-060/DF,Sul,Colisão Traseira,2,0,0,0,0,0,0,0,0,0,2,1,0,0,0,060,2018-09-21 14:31:00+00:00,-15.9466158660225,-48.17273673178043
22/09/2018,08:44:00,538,sem vítima,6.253,BR-060/DF,Sul,Colisão Traseira,2,0,0,0,0,0,0,0,0,0,2,0,0,0,0,060,2018-09-22 11:44:00+00:00,-15.899319545190405,-48.11604983224045
23/09/2018,04:39:00,441,sem vítima,4.2,BR-060/DF,Norte,Colisão Traseira,2,0,0,0,0,0,0,0,0,0,2,0,0,0,0,060,2018-09-23 07:39:00+00:00,-15.893799337599853,-48.09776685692331
24/09/2018,07:25:00,483,sem vítima,3.0,BR-060/DF,Sul,Colisão Lateral,2,0,0,0,0,0,0,0,0,0,2,0,0,0,0,060,2018-09-24 10:25:00+00:00,-15.890570424543295,-48.087081067044366
24/09/2018,08:51:00,519,sem vítima,7.0,BR-060/DF,Sul,Colisão Lateral,2,0,0,0,0,0,0,0,0,0,2,0,0,0,0,060,2018-09-24 11:51:00+00:00,-15.90132891731299,-48.122699735434956
25/09/2018,10:57:00,224,sem vítima,29.0,BR-060/DF,Sul,Saida de Pista,1,0,0,0,0,0,0,0,0,0,1,0,0,0,0,060,2018-09-25 13:57:00+00:00,-16.029528313854414,-48.253355455172226
26/09/2018,08:01:00,556,sem vítima,22.8,BR-060/DF,Norte,Colisão Lateral,1,0,0,0,1,0,0,0,0,0,2,0,0,0,0,060,2018-09-26 11:01:00+00:00,-15.987728483615411,-48.22216290306832
28/09/2018,09:06:00,549,ac02 - Aci,18.4,BR-060/DF,Sul,Capotamento,1,0,0,0,0,0,0,0,0,0,1,0,1,0,0,060,2018-09-28 12:06:00+00:00,-15.971183047687145,-48.18569630176493
01/10/2018,09:24:00,143,sem vítima,4.6,BR-060/DF,Norte,Colisão Traseira,2,0,0,0,0,0,0,0,0,0,2,0,0,0,0,060,2018-10-01 12:24:00+00:00,-15.894869312642035,-48.101330822990235
02/10/2018,07:51:00,109,sem vítima,4.6,BR-060/DF,Norte,Colisão Traseira,1,0,0,0,1,0,0,0,0,0,2,0,0,0,0,060,2018-10-02 10:51:00+00:00,-15.894869312642035,-48.101330822990235
06/10/2018,03:16:00,345,sem vítima,18.0,BR-060/DF,Norte,Choque - Outros,0,0,0,0,0,0,0,0,0,1,1,0,0,0,0,060,2018-10-06 06:16:00+00:00,-15.968248777029663,-48.18352085268955
06/10/2018,08:55:00,529,ac01 - Aci,14.0,BR-060/DF,Norte,Atropelamento - Andarilho,1,0,0,0,0,0,0,0,0,0,1,0,0,0,1,060,2018-10-06 11:55:00+00:00,-15.935302713590612,-48.169510831519545
07/10/2018,11:21:00,197,sem vítima,23.0,BR-060/DF,Sul,Saida de Pista,1,0,0,0,0,0,0,0,0,0,1,0,0,0,0,060,2018-10-07 14:21:00+00:00,-15.988437429591501,-48.223876027201335
12/10/2018,04:18:00,501,ac02 - Aci,30.0,BR-060/DF,Norte,Queda de Moto,0,0,0,1,0,0,0,0,0,0,0,1,0,0,0,060,2018-10-12 07:18:00+00:00,-16.038044280533132,-48.255773204625484
13/10/2018,01:48:00,340,sem vítima,28.9,BR-060/DF,Sul,Choque - Objeto sobre a pista,1,0,1,0,0,0,0,0,0,0,2,0,0,0,0,060,2018-10-13 04:48:00+00:00,-16.028627792761622,-48.253290990684945
19/10/2018,09:45:00,215,sem vítima,0.0,BR-060/DF,Sul,Capotamento,0,0,0,0,0,0,0,0,0,1,1,0,0,0,0,060,2018-10-19 12:45:00+00:00,-15.882538099999975,-48.060354719999964
19/10/2018,09:55:00,226,sem vítima,28.6,BR-060/DF,Norte,"Choque - Defensa. barreira ou submarino""""",0,0,0,0,0,0,0,0,0,1,1,0,0,0,0,060,2018-10-19 12:55:00+00:00,-16.025926918903306,-48.25308821717928
19/10/2018,06:46:00,619,ac02 - Aci,10.0,BR-060/DF,Sul,Atropelamento de Animal,0,0,1,1,0,0,0,0,0,0,1,0,0,1,0,060,2018-10-19 09:46:00+00:00,-15.909433209563039,-48.149399239139086
20/10/2018,01:17:00,34,ac02 - Aci,4.0,BR-060/DF,Sul,Choque - Outros,1,0,0,0,0,0,0,0,0,0,0,0,1,0,0,060,2018-10-20 04:17:00+00:00,-15.893259852449107,-48.09598631327878
20/10/2018,09:24:00,527,sem vítima,4.659,BR-060/DF,Sul,Colisão Traseira,2,0,0,0,0,0,0,0,0,0,2,0,0,0,0,060,2018-10-20 12:24:00+00:00,-15.895027858440956,-48.1018562803998
21/10/2018,05:38:00,81,ac02 - Aci,4.0,BR-060/DF,Sul,Colisão Transversal,1,0,0,1,0,0,0,0,0,0,1,1,0,0,0,060,2018-10-21 08:38:00+00:00,-15.893259852449107,-48.09598631327878
22/10/2018,07:35:00,507,sem vítima,25.9,BR-060/DF,Sul,Capotamento,1,0,0,0,0,0,0,0,0,0,1,0,0,0,0,060,2018-10-22 10:35:00+00:00,-16.003085014163666,-48.24483416685039
25/10/2018,12:44:00,361,sem vítima,29.0,BR-060/DF,Norte,Colisão Lateral,1,0,0,0,0,0,0,0,0,1,3,0,0,0,0,060,2018-10-25 15:44:00+00:00,-16.029528313854414,-48.253355455172226
26/10/2018,10:35:00,627,sem vítima,3.5,BR-060/DF,Sul,Saida de Pista,1,0,0,0,0,0,0,0,0,0,1,0,0,0,0,060,2018-10-26 13:35:00+00:00,-15.89191561071502,-48.09153351881577
27/10/2018,03:42:00,69,sem vítima,9.4,BR-060/DF,Norte,Capotamento,1,0,0,0,0,0,0,0,0,0,1,0,0,0,0,060,2018-10-27 06:42:00+00:00,-15.907774288776453,-48.14407108625797
28/10/2018,12:35:00,13,ac02 - Aci,0.05,BR-060/DF,Sul,Colisão Transversal,1,0,0,1,0,0,0,0,0,0,1,0,0,1,0,060,2018-10-28 15:35:00+00:00,-15.882684619466799,-48.06079552019909
28/10/2018,05:28:00,387,sem vítima,13.601,BR-060/DF,Norte,Capotamento,1,0,0,0,0,0,0,0,0,0,3,0,0,0,0,060,2018-10-28 08:28:00+00:00,-15.931857034632761,-48.16843273308663
29/10/2018,12:18:00,399,ac02 - Aci,8.1,BR-060/DF,Sul,Capotamento,1,0,0,0,0,0,0,0,0,0,2,1,2,0,0,060,2018-10-29 15:18:00+00:00,-15.904300706837875,-48.13248837070713
31/10/2018,01:21:00,33,sem vítima,25.7,BR-060/DF,Sul,Colisão Traseira,1,0,1,0,0,0,0,0,0,0,2,0,0,0,0,060,2018-10-31 04:21:00+00:00,-16.001435979993925,-48.24407439449794
03/11/2018,04:23:00,44,sem vítima,21.8,BR-060/DF,Sul,Tombamento,0,0,1,0,0,0,0,0,0,0,1,0,0,0,0,060,2018-11-03 07:23:00+00:00,-15.983594526912439,-48.213866853437366
03/11/2018,12:36:00,221,sem vítima,7.5,BR-060/DF,Sul,Colisão Traseira,1,0,1,0,0,0,0,0,0,0,2,0,0,0,0,060,2018-11-03 15:36:00+00:00,-15.902678003020497,-48.12715102585907
04/11/2018,04:43:00,349,sem vítima,30.0,BR-060/DF,Norte,Saida de Pista,1,0,0,0,0,0,0,0,0,0,1,0,0,0,0,060,2018-11-04 06:43:00+00:00,-16.038044280533132,-48.255773204625484
04/11/2018,06:18:00,385,ac02 - Aci,4.0,BR-060/DF,Norte,Colisão Lateral,0,0,0,1,0,0,0,0,0,1,1,0,1,0,0,060,2018-11-04 08:18:00+00:00,-15.893259852449107,-48.09598631327878
05/11/2018,07:52:00,113,sem vítima,20.1,BR-060/DF,Sul,Capotamento,1,0,0,0,0,0,0,0,0,0,1,0,0,0,0,060,2018-11-05 09:52:00+00:00,-15.976660851746416,-48.19972217111396
09/11/2018,03:36:00,28,sem vítima,5.001,BR-060/DF,Sul,Tombamento,1,0,0,0,0,0,0,0,0,0,1,0,0,0,0,060,2018-11-09 05:36:00+00:00,-15.895944481290982,-48.1049029108852
09/11/2018,12:05:00,272,ac02 - Aci,27.0,BR-060/DF,Norte,Saida de Pista,1,0,0,0,0,0,0,0,0,0,0,1,0,0,0,060,2018-11-09 14:05:00+00:00,-16.012633635837343,-48.24755169324156
10/11/2018,07:48:00,105,ac02 - Aci,1.0,BR-060/DF,Norte,Capotamento,1,0,0,0,0,0,0,0,0,0,0,1,0,0,0,060,2018-11-10 09:48:00+00:00,-15.885213402294612,-48.069263714026626
11/11/2018,12:23:00,5,sem vítima,6.599,BR-060/DF,Sul,"Choque - Defensa. barreira ou submarino""""",2,0,0,0,0,0,0,0,0,0,2,0,0,0,0,060,2018-11-11 14:23:00+00:00,-15.900253921901552,-48.119129870798204
11/11/2018,09:51:00,209,sem vítima,31.0,BR-060/DF,Norte,Colisão Lateral,0,0,0,1,0,0,0,0,0,0,1,0,0,0,0,060,2018-11-11 11:51:00+00:00,-16.046840191480747,-48.25744222853095
12/11/2018,05:01:00,71,sem vítima,14.1,BR-060/DF,Norte,Colisão Traseira,1,0,1,0,0,0,0,0,0,0,2,0,0,0,0,060,2018-11-12 07:01:00+00:00,-15.936172960458558,-48.16975894644873
12/11/2018,09:21:00,179,sem vítima,1.0,BR-060/DF,Sul,Colisão Lateral,2,0,0,0,0,0,0,0,0,0,2,0,0,0,0,060,2018-11-12 11:21:00+00:00,-15.885213402294612,-48.069263714026626
12/11/2018,11:47:00,297,ac02 - Aci,10.0,BR-060/DF,Norte,Queda de Moto,0,0,0,1,0,0,0,0,0,0,0,1,0,0,0,060,2018-11-12 13:47:00+00:00,-15.909433209563039,-48.149399239139086
15/11/2018,04:03:00,65,sem vítima,9.3,BR-060/DF,Sul,Choque - Talude,0,0,1,0,0,0,0,0,0,0,1,0,0,0,0,060,2018-11-15 06:03:00+00:00,-15.907501647392431,-48.14318174198814
15/11/2018,09:12:00,201,ac02 - Aci,2.0,BR-060/DF,Norte,Queda de Ciclista,0,0,0,1,0,0,0,0,0,0,0,1,0,0,0,060,2018-11-15 11:12:00+00:00,-15.887894398539888,-48.078171576973595
15/11/2018,07:27:00,558,sem vítima,25.984,BR-060/DF,Norte,Queda de Moto,0,0,0,1,0,0,0,0,0,0,1,0,0,0,0,060,2018-11-15 09:27:00+00:00,-16.003766306146023,-48.24517813405462
15/11/2018,09:16:00,620,sem vítima,11.5,BR-060/DF,Sul,Choque - Veiculo parado no acostamento,2,0,0,0,0,0,0,0,0,0,4,0,0,0,0,060,2018-11-15 11:16:00+00:00,-15.913970260200244,-48.162512567963205
17/11/2018,04:01:00,36,sem vítima,2.0,BR-060/DF,Sul,,1,0,0,0,0,0,0,0,0,0,1,0,0,0,0,060,2018-11-17 06:01:00+00:00,-15.887894398539888,-48.078171576973595
17/11/2018,12:25:00,230,sem vítima,4.0,BR-060/DF,Norte,Choque - Elemento de Drenagem,1,0,0,0,0,0,0,0,0,0,1,0,0,0,0,060,2018-11-17 14:25:00+00:00,-15.893259852449107,-48.09598631327878
19/11/2018,12:12:00,3,sem vítima,25.319,BR-060/DF,Norte,Saida de Pista,1,0,0,0,0,0,0,0,0,0,1,0,0,0,0,060,2018-11-19 14:12:00+00:00,-15.99838181139836,-48.24246512375807
19/11/2018,09:28:00,129,sem vítima,15.0,BR-060/DF,Norte,Capotamento,1,0,0,0,0,0,0,0,0,0,1,0,0,0,0,060,2018-11-19 11:28:00+00:00,-15.944004953122208,-48.17199298206615
19/11/2018,11:55:00,203,ac02 - Aci,10.0,BR-060/DF,Sul,Capotamento,1,0,0,0,0,0,0,0,0,0,0,1,0,0,0,060,2018-11-19 13:55:00+00:00,-15.909433209563039,-48.149399239139086
19/11/2018,02:17:00,259,sem vítima,6.7,BR-060/DF,Norte,Saida de Pista,1,0,0,0,0,0,0,0,0,0,1,0,0,0,0,060,2018-11-19 04:17:00+00:00,-15.90049512986743,-48.120038182365114
22/11/2018,06:54:00,88,sem vítima,3.0,BR-060/DF,Norte,Colisão Traseira,1,0,0,1,0,0,0,0,0,0,2,0,0,0,0,060,2018-11-22 08:54:00+00:00,-15.890570424543295,-48.087081067044366
23/11/2018,05:43:00,500,sem vítima,2.4,BR-060/DF,Sul,Colisão Lateral,2,0,0,0,0,0,0,0,0,0,3,0,0,0,0,060,2018-11-23 07:43:00+00:00,-15.888963405390266,-48.081735827117534
24/11/2018,11:12:00,224,ac02 - Aci,22.0,BR-060/DF,Norte,Capotamento,1,0,0,0,0,0,0,0,0,0,1,1,0,0,0,060,2018-11-24 13:12:00+00:00,-15.984421419053252,-48.215525994734165
27/11/2018,09:58:00,261,ac02 - Aci,2.9,BR-060/DF,Sul,Colisão Lateral,1,0,0,1,0,0,0,0,0,0,1,1,0,0,0,060,2018-11-27 11:58:00+00:00,-15.890304623136768,-48.0861895542263
28/11/2018,12:53:00,315,sem vítima,0.8,BR-060/DF,Sul,Saida de Pista,0,0,1,0,0,0,0,0,0,0,1,0,0,0,0,060,2018-11-28 14:53:00+00:00,-15.884674016108828,-48.067483157785965
30/11/2018,06:34:00,70,sem vítima,24.35,BR-060/DF,Sul,"Choque - Defensa. barreira ou submarino""""",1,0,0,0,0,0,0,0,0,0,1,0,0,0,0,060,2018-11-30 08:34:00+00:00,-15.993981410355039,-48.23471492059197
03/12/2018,09:01:00,119,sem vítima,14.0,BR-060/DF,Norte,Capotamento,1,0,0,0,0,0,0,0,0,0,1,0,0,0,0,060,2018-12-03 11:01:00+00:00,-15.935302713590612,-48.169510831519545
06/12/2018,06:31:00,583,sem vítima,4.001,BR-060/DF,Sul,Colisão Traseira,1,0,0,0,0,0,1,0,0,0,3,0,0,0,0,060,2018-12-06 08:31:00+00:00,-15.893262577377701,-48.0959952071123
08/12/2018,06:03:00,424,sem vítima,4.0,BR-060/DF,Sul,Colisão Transversal,1,0,0,1,0,0,0,0,0,0,2,0,0,0,0,060,2018-12-08 08:03:00+00:00,-15.893259852449107,-48.09598631327878
09/12/2018,11:24:00,231,ac02 - Aci,22.3,BR-060/DF,Sul,Capotamento,1,0,0,0,0,0,0,0,0,0,2,2,0,1,0,060,2018-12-09 13:24:00+00:00,-15.98566271306053,-48.21801421158576
13/12/2018,07:17:00,533,sem vítima,8.0,BR-060/DF,Sul,,1,0,0,0,0,0,0,0,0,0,1,0,0,0,0,060,2018-12-13 09:17:00+00:00,-15.904031616731608,-48.13159786817079
13/12/2018,07:51:00,547,sem vítima,4.001,BR-060/DF,Norte,Colisão Traseira,2,0,0,0,0,0,0,0,0,0,4,0,0,0,0,060,2018-12-13 09:51:00+00:00,-15.893262577377701,-48.0959952071123
14/12/2018,11:14:00,302,sem vítima,17.0,BR-060/DF,Norte,Capotamento,1,0,0,0,0,0,0,0,0,0,1,0,0,0,0,060,2018-12-14 13:14:00+00:00,-15.960913976370524,-48.17808097568499
15/12/2018,08:12:00,118,sem vítima,6.0,BR-060/DF,Norte,Capotamento,1,0,0,0,0,0,0,0,0,0,1,0,0,0,0,060,2018-12-15 10:12:00+00:00,-15.898636978479185,-48.11379745322939
15/12/2018,01:56:00,288,sem vítima,8.0,BR-060/DF,Norte,Capotamento,1,0,0,0,0,0,0,0,0,0,1,0,0,0,0,060,2018-12-15 03:56:00+00:00,-15.904031616731608,-48.13159786817079
16/12/2018,04:52:00,436,sem vítima,18.0,BR-060/DF,Norte,,2,0,0,0,0,0,0,0,0,0,2,0,0,0,0,060,2018-12-16 06:52:00+00:00,-15.968248777029663,-48.18352085268955
16/12/2018,09:16:00,608,sem vítima,16.0,BR-060/DF,Sul,Colisão Lateral,2,0,0,0,0,0,0,0,0,0,4,0,0,0,0,060,2018-12-16 11:16:00+00:00,-15.95270730521758,-48.174474751029436
17/12/2018,06:28:00,60,ac02 - Aci,22.9,BR-060/DF,Norte,Colisão Lateral,1,0,0,1,0,0,0,0,0,0,3,2,0,0,0,060,2018-12-17 08:28:00+00:00,-15.988125037800588,-48.2230010866408
20/12/2018,01:14:00,318,sem vítima,25.0,BR-060/DF,Sul,Capotamento,0,0,0,0,0,0,0,0,0,1,1,0,0,0,0,060,2018-12-20 03:14:00+00:00,-15.996666900982364,-48.2401083109208
22/12/2018,06:04:00,581,sem vítima,4.0,BR-060/DF,Sul,Engavetamento,3,0,0,0,0,0,0,0,0,0,3,0,0,0,0,060,2018-12-22 08:04:00+00:00,-15.893259852449107,-48.09598631327878
22/12/2018,08:58:00,693,sem vítima,3.001,BR-060/DF,Sul,Queda de Moto,0,0,0,1,0,0,0,0,0,0,1,0,0,0,0,060,2018-12-22 10:58:00+00:00,-15.890573159475103,-48.08708995755717
23/12/2018,06:50:00,110,sem vítima,22.0,BR-060/DF,Norte,Choque - Outros,1,0,0,0,0,0,0,0,0,0,1,0,0,0,0,060,2018-12-23 08:50:00+00:00,-15.984421419053252,-48.215525994734165
23/12/2018,12:05:00,288,ac02 - Aci,2.6,BR-060/DF,Norte,Colisão Traseira,1,0,0,1,0,0,0,0,0,0,1,1,0,0,0,060,2018-12-23 14:05:00+00:00,-15.889501002569522,-48.083516968490166
24/12/2018,03:01:00,317,sem vítima,28.5,BR-060/DF,Norte,Saida de Pista,1,0,0,0,0,0,0,0,0,0,2,0,0,0,0,060,2018-12-24 05:01:00+00:00,-16.025040296596266,-48.25291936067039
26/12/2018,04:06:00,355,sem vítima,31.0,BR-060/DF,Norte,Colisão Traseira,1,0,1,0,0,0,0,0,0,0,2,0,0,0,0,060,2018-12-26 06:06:00+00:00,-16.046840191480747,-48.25744222853095
28/12/2018,07:30:00,67,sem vítima,29.199,BR-060/DF,Norte,Choque - Talude,1,0,0,0,0,0,0,0,0,0,1,0,0,0,0,060,2018-12-28 09:30:00+00:00,-16.03132068678727,-48.25347872967824
04/01/2019,12:26:00,13,ac02 - Aci,4.5,BR-060/DF,Norte,Queda de Moto,0,0,0,1,0,0,0,0,0,0,0,1,0,0,0,060,2019-01-04 14:26:00+00:00,-15.894601941264158,-48.100439780793714
05/01/2019,11:01:00,184,sem vítima,23.0,BR-060/DF,Norte,Colisão Traseira,1,0,0,0,0,0,0,0,0,1,4,0,0,0,0,060,2019-01-05 13:01:00+00:00,-15.988437429591501,-48.223876027201335
09/01/2019,02:24:00,328,sem vítima,29.6,BR-060/DF,Sul,Choque - Elemento de Drenagem,1,0,0,0,0,0,0,0,0,0,1,0,0,0,0,060,2019-01-09 04:24:00+00:00,-16.034897166650264,-48.25396665183983
09/01/2019,03:52:00,366,ac02 - Aci,29.5,BR-060/DF,Norte,Capotamento,1,0,0,0,0,0,0,0,0,0,1,0,1,0,0,060,2019-01-09 05:52:00+00:00,-16.034025073076602,-48.25372782020066
13/01/2019,03:20:00,288,ac02 - Aci,3.8,BR-060/DF,Sul,Colisão Lateral,1,0,0,1,0,0,0,0,0,0,1,1,0,0,0,060,2019-01-13 05:20:00+00:00,-15.89272398890472,-48.09420460503494
16/01/2019,10:26:00,191,sem vítima,2.0,BR-060/DF,Norte,Colisão Traseira,0,0,2,0,0,0,0,0,0,0,2,0,0,0,0,060,2019-01-16 12:26:00+00:00,-15.887894398539888,-48.078171576973595
17/01/2019,07:17:00,493,ac02 - Aci,25.899,BR-060/DF,Sul,Capotamento,1,0,0,0,0,0,0,0,0,0,1,1,0,0,0,060,2019-01-17 09:17:00+00:00,-16.003076804147945,-48.244830287234485
19/01/2019,04:38:00,59,sem vítima,24.0,BR-060/DF,Sul,Saida de Pista,1,0,0,0,0,0,0,0,0,0,1,0,0,0,0,060,2019-01-19 06:38:00+00:00,-15.992144413890477,-48.23207994070532
19/01/2019,03:35:00,314,sem vítima,2.0,BR-060/DF,Sul,Engavetamento,3,0,0,0,0,0,0,0,0,0,4,0,0,0,0,060,2019-01-19 05:35:00+00:00,-15.887894398539888,-48.078171576973595
19/01/2019,09:21:00,508,sem vítima,0.0,BR-060/DF,Sul,,1,0,0,0,0,0,0,0,0,0,1,0,0,0,0,060,2019-01-19 11:21:00+00:00,-15.882538099999975,-48.060354719999964
19/01/2019,09:47:00,518,sem vítima,1.001,BR-060/DF,Sul,Colisão Lateral,2,0,0,0,0,0,0,0,0,0,2,0,0,0,0,060,2019-01-19 11:47:00+00:00,-15.88521607981121,-48.06927262309588
20/01/2019,04:51:00,337,ac02 - Aci,2.258,BR-060/DF,Norte,Capotamento,3,0,0,0,0,0,0,0,0,0,3,1,0,0,0,060,2019-01-20 06:51:00+00:00,-15.888583854487209,-48.080470532357
20/01/2019,05:50:00,369,sem vítima,4.8,BR-060/DF,Norte,Engavetamento,3,0,0,0,0,0,0,0,0,0,3,0,0,0,0,060,2019-01-20 07:50:00+00:00,-15.895403917794027,-48.10311293398399
22/01/2019,08:23:00,93,ac02 - Aci,7.0,BR-060/DF,Sul,Capotamento,1,0,0,0,0,0,0,0,0,0,3,1,0,0,0,060,2019-01-22 10:23:00+00:00,-15.90132891731299,-48.122699735434956