data,horario,n_da_ocorrencia,tipo_de_ocorrencia,km,trecho,sentido,tipo_de_acidente,automovel,bicicleta,caminhao,moto,onibus,outros,tracao_animal,transporte_de_cargas_especiais,trator_maquinas,utilitarios,ilesos,levemente_feridos,moderadamente_feridos,gravemente_feridos,mortos,vl_br,timestamp_utc,latitude_acidente,longitude_acidente
26/01/2019,12:59:00,253,sem vítima,28.0,BR-060/DF,Norte,Capotamento,1,0,0,0,0,0,0,0,0,0,3,0,0,0,0,060,2019-01-26 14:59:00+00:00,-16.021021519767856,-48.25081787423561
26/01/2019,01:49:00,278,ac02 - Aci,3.0,BR-060/DF,Norte,Colisão Traseira,0,0,0,1,0,0,0,0,0,1,1,1,0,0,0,060,2019-01-26 03:49:00+00:00,-15.890570424543295,-48.087081067044366
27/01/2019,06:09:00,322,sem vítima,26.001,BR-060/DF,Sul,Capotamento,1,0,0,0,0,0,0,0,0,0,1,0,0,0,0,060,2019-01-27 08:09:00+00:00,-16.003906794082173,-48.24524196173333
27/01/2019,06:19:00,326,sem vítima,5.0,BR-060/DF,Norte,,1,0,0,0,0,0,0,0,0,0,1,0,0,0,0,060,2019-01-27 08:19:00+00:00,-15.895941809050944,-48.10489399995692
29/01/2019,02:42:00,323,sem vítima,2.0,BR-060/DF,Norte,Colisão Lateral,1,0,0,1,0,0,0,0,0,0,2,0,0,0,0,060,2019-01-29 04:42:00+00:00,-15.887894398539888,-48.078171576973595
29/01/2019,08:46:00,516,ac01 - Aci,1.1,BR-060/DF,Norte,Atropelamento - Andarilho,0,0,0,1,0,0,0,0,0,0,0,1,1,0,1,060,2019-01-29 10:46:00+00:00,-15.885479549307025,-48.0701551330102
29/01/2019,09:54:00,538,sem vítima,4.0,BR-060/DF,Sul,Colisão Lateral,2,0,0,0,0,0,0,0,0,0,2,0,0,0,0,060,2019-01-29 11:54:00+00:00,-15.893259852449107,-48.09598631327878
31/01/2019,04:43:00,377,sem vítima,12.6,BR-060/DF,Sul,Capotamento,1,0,0,0,0,0,0,0,0,0,1,0,0,0,0,060,2019-01-31 06:43:00+00:00,-15.92316634496535,-48.166034026865624
31/01/2019,07:18:00,471,sem vítima,1.0,BR-060/DF,Sul,Colisão Traseira,2,0,0,0,0,0,0,0,0,0,2,0,0,0,0,060,2019-01-31 09:18:00+00:00,-15.885213402294612,-48.069263714026626
02/02/2019,05:51:00,403,sem vítima,4.0,BR-060/DF,Sul,Capotamento,1,0,0,0,0,0,0,0,0,0,1,0,0,0,0,060,2019-02-02 07:51:00+00:00,-15.893259852449107,-48.09598631327878
02/02/2019,09:34:00,506,sem vítima,4.3,BR-060/DF,Sul,Colisão Traseira,2,0,0,0,0,0,0,0,0,0,2,0,0,0,0,060,2019-02-02 11:34:00+00:00,-15.894066198953405,-48.098658046035666
03/02/2019,10:11:00,526,ac01 - Aci,30.199,BR-060/DF,Sul,Atropelamento - Morador,0,0,0,1,0,0,0,0,0,0,1,0,0,1,1,060,2019-02-03 12:11:00+00:00,-16.03977726944613,-48.256229811579566
05/02/2019,03:44:00,330,sem vítima,14.0,BR-060/DF,Norte,Saida de Pista,0,0,0,0,0,0,0,0,0,1,1,0,0,0,0,060,2019-02-05 05:44:00+00:00,-15.935302713590612,-48.169510831519545
10/02/2019,01:05:00,230,ac01 - Aci,15.599,BR-060/DF,Sul,Capotamento,1,0,0,0,0,0,0,0,0,0,0,0,1,0,1,060,2019-02-10 03:05:00+00:00,-15.949217156440094,-48.17348143688044
10/02/2019,05:31:00,344,sem vítima,3.0,BR-060/DF,Sul,Choque - Arvore,1,0,0,0,0,0,0,0,0,0,4,0,0,0,0,060,2019-02-10 07:31:00+00:00,-15.890570424543295,-48.087081067044366
11/02/2019,04:35:00,29,sem vítima,4.0,BR-060/DF,Sul,Saida de Pista,1,0,0,0,0,0,0,0,0,0,1,0,0,0,0,060,2019-02-11 06:35:00+00:00,-15.893259852449107,-48.09598631327878
15/02/2019,03:18:00,293,sem vítima,31.3,BR-060/DF,Norte,Colisão Traseira,1,0,1,0,0,0,0,0,0,0,2,0,0,0,0,060,2019-02-15 05:18:00+00:00,-16.04935917306185,-48.258469809442886
16/02/2019,02:09:00,29,ac02 - Aci,5.2,BR-060/DF,Sul,Choque - Poste,1,0,0,0,0,0,0,0,0,0,0,0,1,0,0,060,2019-02-16 04:09:00+00:00,-15.896480030376651,-48.106674914913384
17/02/2019,10:27:00,147,ac02 - Aci,28.5,BR-060/DF,Norte,Capotamento,1,0,0,0,0,0,0,0,0,0,0,2,0,0,0,060,2019-02-17 13:27:00+00:00,-16.025040296596266,-48.25291936067039
18/02/2019,06:57:00,74,sem vítima,5.0,BR-060/DF,Sul,Tombamento,1,0,0,0,0,0,0,0,0,0,1,0,0,0,0,060,2019-02-18 09:57:00+00:00,-15.895941809050944,-48.10489399995692
19/02/2019,02:09:00,21,ac01 - Aci,8.3,BR-060/DF,Norte,Colisão Traseira,0,0,2,0,0,0,0,0,0,0,1,0,0,0,1,060,2019-02-19 05:09:00+00:00,-15.904843317756542,-48.134267921067824
25/02/2019,03:09:00,305,sem vítima,1.0,BR-060/DF,Norte,Choque - Elemento de Drenagem,1,0,0,0,0,0,0,0,0,0,1,0,0,0,0,060,2019-02-25 06:09:00+00:00,-15.885213402294612,-48.069263714026626
28/02/2019,07:07:00,69,sem vítima,2.0,BR-060/DF,Norte,Colisão Traseira,2,0,0,0,0,0,0,0,0,0,3,0,0,0,0,060,2019-02-28 10:07:00+00:00,-15.887894398539888,-48.078171576973595
28/02/2019,02:12:00,295,sem vítima,9.0,BR-060/DF,Sul,Colisão Traseira,2,0,0,0,0,0,0,0,0,0,2,0,0,0,0,060,2019-02-28 05:12:00+00:00,-15.906738448827172,-48.140497635744
28/02/2019,07:00:00,445,sem vítima,19.2,BR-060/DF,Sul,Saida de Pista,1,0,0,0,0,0,0,0,0,0,1,0,0,0,0,060,2019-02-28 10:00:00+00:00,-15.97526924199714,-48.191448891782585
02/03/2019,06:07:00,63,ac02 - Aci,16.0,BR-060/DF,Sul,Queda de Ciclista,0,2,0,0,0,0,0,0,0,0,1,0,1,0,0,060,2019-03-02 09:07:00+00:00,-15.95270730521758,-48.174474751029436
02/03/2019,07:30:00,92,sem vítima,4.0,BR-060/DF,Sul,Colisão Lateral,1,0,0,0,1,0,0,0,0,0,2,0,0,0,0,060,2019-03-02 10:30:00+00:00,-15.893259852449107,-48.09598631327878
03/03/2019,05:52:00,42,ac02 - Aci,5.0,BR-060/DF,Norte,Choque - Talude,1,0,0,0,0,0,0,0,0,0,0,1,0,0,0,060,2019-03-03 08:52:00+00:00,-15.895941809050944,-48.10489399995692
03/03/2019,11:09:00,400,sem vítima,30.699,BR-060/DF,Sul,Colisão Traseira,1,0,0,1,0,0,0,0,0,0,2,0,0,0,0,060,2019-03-03 14:09:00+00:00,-16.044268948758003,-48.256562405836334
05/03/2019,02:17:00,24,sem vítima,4.8,BR-060/DF,Norte,Capotamento,1,0,0,0,0,0,0,0,0,0,3,0,0,0,0,060,2019-03-05 05:17:00+00:00,-15.895403917794027,-48.10311293398399
05/03/2019,11:09:00,614,ac02 - Aci,28.0,BR-060/DF,Norte,Colisão Traseira,2,0,0,0,0,0,0,0,0,0,3,2,0,0,0,060,2019-03-05 14:09:00+00:00,-16.021021519767856,-48.25081787423561
07/03/2019,06:55:00,61,sem vítima,2.9,BR-060/DF,Norte,Engavetamento,1,0,0,0,0,0,0,0,0,0,1,0,0,0,0,060,2019-03-07 09:55:00+00:00,-15.890304623136768,-48.0861895542263
10/03/2019,01:48:00,423,sem vítima,13.0,BR-060/DF,Sul,Choque - Suporte de Sinalização,1,0,0,0,0,0,0,0,0,0,1,0,0,0,0,060,2019-03-10 04:48:00+00:00,-15.926640521124574,-48.167015383529694
11/03/2019,06:06:00,60,ac01 - Aci,9.7,BR-060/DF,Norte,Atropelamento - Usuário,2,0,0,1,0,0,0,0,0,0,2,1,0,0,1,060,2019-03-11 09:06:00+00:00,-15.908589743091843,-48.14673989992209
11/03/2019,07:16:00,80,sem vítima,2.95,BR-060/DF,Sul,Colisão Transversal,1,0,0,1,0,0,0,0,0,0,2,0,0,0,0,060,2019-03-11 10:16:00+00:00,-15.890438123868044,-48.08663512516603
12/03/2019,05:06:00,366,sem vítima,27.5,BR-060/DF,Sul,Capotamento,0,0,0,0,0,0,0,0,0,1,1,0,0,0,0,060,2019-03-12 08:06:00+00:00,-16.017007088624922,-48.24869782235361
14/03/2019,11:11:00,190,sem vítima,15.0,BR-060/DF,Sul,Capotamento,0,0,0,0,0,0,0,0,0,1,1,0,0,0,0,060,2019-03-14 14:11:00+00:00,-15.944004953122208,-48.17199298206615
15/03/2019,05:16:00,400,sem vítima,27.5,BR-060/DF,Norte,Tombamento,1,0,0,0,0,0,0,0,0,0,3,0,0,0,0,060,2019-03-15 08:16:00+00:00,-16.017007088624922,-48.24869782235361
16/03/2019,12:51:00,275,ac02 - Aci,2.85,BR-060/DF,Sul,Colisão Traseira,1,0,0,0,0,0,0,0,0,1,1,2,0,0,0,060,2019-03-16 15:51:00+00:00,-15.890169127278261,-48.08574462399684
16/03/2019,12:59:00,280,ac02 - Aci,1.9,BR-060/DF,Sul,Colisão Lateral,1,0,0,1,0,0,0,0,0,0,1,2,0,0,0,060,2019-03-16 15:59:00+00:00,-15.887625863312326,-48.07728092085935
16/03/2019,07:42:00,506,sem vítima,4.5,BR-060/DF,Sul,Queda de Moto,0,0,0,1,0,0,0,0,0,0,1,0,0,0,0,060,2019-03-16 10:42:00+00:00,-15.894601941264158,-48.100439780793714
20/03/2019,05:29:00,420,ac02 - Aci,24.1,BR-060/DF,Norte,Capotamento,1,0,0,0,0,0,0,0,0,0,0,2,0,0,0,060,2019-03-20 08:29:00+00:00,-15.992761388969239,-48.23276106021788
23/03/2019,06:45:00,471,sem vítima,8.4,BR-060/DF,Norte,Capotamento,1,0,0,0,0,0,0,0,0,0,1,0,0,0,0,060,2019-03-23 09:45:00+00:00,-15.90511052212352,-48.135159031210726
24/03/2019,07:07:00,383,sem vítima,4.7,BR-060/DF,Sul,Engavetamento,4,0,0,0,0,0,0,0,0,0,5,0,0,0,0,060,2019-03-24 10:07:00+00:00,-15.89513844677703,-48.10222129187768
27/03/2019,01:59:00,346,ac02 - Aci,28.0,BR-060/DF,Norte,Choque - Talude,1,0,0,0,0,0,0,0,0,0,2,2,0,0,0,060,2019-03-27 04:59:00+00:00,-16.021021519767856,-48.25081787423561
31/03/2019,07:13:00,419,sem vítima,5.0,BR-060/DF,Sul,Engavetamento,3,0,0,0,0,0,0,0,0,0,3,0,0,0,0,060,2019-03-31 10:13:00+00:00,-15.895941809050944,-48.10489399995692
31/03/2019,07:51:00,434,ac02 - Aci,5.599,BR-060/DF,Sul,Colisão Transversal,1,0,0,1,0,0,0,0,0,0,1,1,0,0,0,060,2019-03-31 10:51:00+00:00,-15.897553001394858,-48.11022819024678
31/03/2019,08:29:00,446,sem vítima,1.1,BR-060/DF,Sul,Colisão Traseira,1,0,0,1,0,0,0,0,0,0,2,0,0,0,0,060,2019-03-31 11:29:00+00:00,-15.885479549307025,-48.0701551330102
31/03/2019,10:58:00,488,ac02 - Aci,2.9,BR-060/DF,Sul,Colisão Lateral,2,0,0,0,0,0,0,0,0,0,1,3,0,0,0,060,2019-03-31 13:58:00+00:00,-15.890304623136768,-48.0861895542263
02/04/2019,05:56:00,413,ac01 - Aci,0.5,BR-060/DF,Sul,Colisão Traseira,0,0,1,1,0,0,0,0,0,0,1,0,0,0,1,060,2019-04-02 08:56:00+00:00,-15.883874648754393,-48.064809265741
03/04/2019,10:39:00,203,ac02 - Aci,13.9,BR-060/DF,Norte,Colisão Traseira,2,0,0,0,0,0,0,0,0,0,3,1,1,0,0,060,2019-04-03 13:39:00+00:00,-15.93443270852886,-48.16926179149953
04/04/2019,07:47:00,93,ac02 - Aci,4.3,BR-060/DF,Norte,Colisão Traseira,1,0,0,1,0,0,0,0,0,0,1,1,0,0,0,060,2019-04-04 10:47:00+00:00,-15.894066198953405,-48.098658046035666
04/04/2019,10:08:00,170,ac02 - Aci,26.0,BR-060/DF,Norte,Capotamento,1,0,0,0,0,0,0,0,0,0,0,1,0,0,0,060,2019-04-04 13:08:00+00:00,-16.00389849375887,-48.24523829325778
05/04/2019,04:07:00,318,sem vítima,23.0,BR-060/DF,Sul,Saida de Pista,0,0,0,0,0,0,0,0,0,1,1,0,0,0,0,060,2019-04-05 07:07:00+00:00,-15.988437429591501,-48.223876027201335
06/04/2019,07:46:00,105,sem vítima,29.7,BR-060/DF,Norte,Choque - Suporte de Sinalização,1,0,0,0,0,0,0,0,0,0,1,0,0,0,0,060,2019-04-06 10:46:00+00:00,-16.035726446364553,-48.254333187961734
06/04/2019,10:49:00,452,ac02 - Aci,12.0,BR-060/DF,Norte,Saida de Pista,1,0,0,0,0,0,0,0,0,0,0,1,0,0,0,060,2019-04-06 13:49:00+00:00,-15.917950731309672,-48.164541812566426
08/04/2019,08:09:00,98,ac02 - Aci,28.0,BR-060/DF,Norte,Choque - Suporte de Sinalização,1,0,0,0,0,0,0,0,0,0,0,1,0,0,0,060,2019-04-08 11:09:00+00:00,-16.021021519767856,-48.25081787423561
12/04/2019,08:45:00,499,ac02 - Aci,8.0,BR-060/DF,Sul,Colisão Traseira,1,0,0,1,0,0,0,0,0,0,1,1,0,0,0,060,2019-04-12 11:45:00+00:00,-15.904031616731608,-48.13159786817079
13/04/2019,09:01:00,132,ac02 - Aci,10.0,BR-060/DF,Sul,Queda de Ciclista,0,1,0,0,0,0,0,0,0,0,0,0,0,1,0,060,2019-04-13 12:01:00+00:00,-15.909433209563039,-48.149399239139086
15/04/2019,09:19:00,412,sem vítima,11.4,BR-060/DF,Norte,Capotamento,1,0,0,0,0,0,0,0,0,0,1,0,0,0,0,060,2019-04-15 12:19:00+00:00,-15.913417572508799,-48.16177601590106
20/04/2019,01:07:00,17,ac02 - Aci,4.6,BR-060/DF,Norte,Queda de Moto,0,0,0,1,0,0,0,0,0,0,0,1,0,0,0,060,2019-04-20 04:07:00+00:00,-15.894869312642035,-48.101330822990235
23/04/2019,12:25:00,222,ac02 - Aci,17.0,BR-060/DF,Norte,Choque - Arvore,1,0,0,0,0,0,0,0,0,0,0,1,0,0,0,060,2019-04-23 15:25:00+00:00,-15.960913976370524,-48.17808097568499
23/04/2019,02:38:00,282,ac02 - Aci,23.0,BR-060/DF,Sul,Capotamento,1,0,0,0,0,0,0,0,0,0,4,0,1,0,0,060,2019-04-23 05:38:00+00:00,-15.988437429591501,-48.223876027201335
27/04/2019,04:59:00,341,ac02 - Aci,29.0,BR-060/DF,Norte,Capotamento,1,0,0,0,0,0,0,0,0,0,1,1,1,0,0,060,2019-04-27 07:59:00+00:00,-16.029528313854414,-48.253355455172226
28/04/2019,11:39:00,166,ac02 - Aci,3.0,BR-060/DF,Sul,Capotamento,1,0,0,0,0,0,0,0,0,1,3,1,0,0,0,060,2019-04-28 14:39:00+00:00,-15.890570424543295,-48.087081067044366
01/05/2019,10:09:00,103,ac02 - Aci,20.0,BR-060/DF,Norte,Queda de Ciclista,0,1,0,0,0,0,0,0,0,0,0,1,0,0,0,060,2019-05-01 13:09:00+00:00,-15.976474517957563,-48.19880946279917
05/05/2019,03:35:00,223,ac02 - Aci,9.0,BR-060/DF,Norte,Queda de Moto,0,0,0,1,0,0,0,0,0,0,0,2,0,0,0,060,2019-05-05 06:35:00+00:00,-15.906738448827172,-48.140497635744
06/05/2019,10:52:00,475,sem vítima,4.423,BR-060/DF,Norte,Colisão Lateral,1,0,0,1,0,0,0,0,0,0,2,0,0,0,0,060,2019-05-06 13:52:00+00:00,-15.894398496266009,-48.09975290611273
08/05/2019,10:21:00,151,sem vítima,0.5,BR-060/DF,Norte,Colisão Lateral,1,0,1,0,0,0,0,0,0,0,3,0,0,0,0,060,2019-05-08 13:21:00+00:00,-15.883874648754393,-48.064809265741
11/05/2019,02:50:00,306,sem vítima,4.6,BR-060/DF,Sul,Colisão Lateral,1,0,0,0,0,0,0,0,0,1,2,0,0,0,0,060,2019-05-11 05:50:00+00:00,-15.894869312642035,-48.101330822990235
12/05/2019,10:04:00,122,sem vítima,6.0,BR-060/DF,Sul,Colisão Traseira,2,0,0,0,0,0,0,0,0,0,2,0,0,0,0,060,2019-05-12 13:04:00+00:00,-15.898636978479185,-48.11379745322939
12/05/2019,08:05:00,363,sem vítima,31.0,BR-060/DF,Norte,Saida de Pista,0,0,0,0,0,0,0,0,0,1,3,0,0,0,0,060,2019-05-12 11:05:00+00:00,-16.046840191480747,-48.25744222853095
13/05/2019,06:32:00,51,sem vítima,16.0,BR-060/DF,Sul,Choque - Suporte de Sinalização,1,0,0,0,0,0,0,0,0,0,1,0,0,0,0,060,2019-05-13 09:32:00+00:00,-15.95270730521758,-48.174474751029436
13/05/2019,07:32:00,371,sem vítima,9.0,BR-060/DF,Sul,Colisão Traseira,2,0,0,0,0,0,0,0,0,0,2,0,0,0,0,060,2019-05-13 10:32:00+00:00,-15.906738448827172,-48.140497635744
14/05/2019,07:12:00,72,ac02 - Aci,4.0,BR-060/DF,Norte,Colisão Traseira,1,0,0,0,1,0,0,0,0,0,3,1,0,0,0,060,2019-05-14 10:12:00+00:00,-15.893259852449107,-48.09598631327878
17/05/2019,08:26:00,415,sem vítima,12.0,BR-060/DF,Sul,Saida de Pista,0,0,1,0,0,0,0,0,0,0,1,0,0,0,0,060,2019-05-17 11:26:00+00:00,-15.917950731309672,-48.164541812566426
20/05/2019,02:01:00,27,sem vítima,20.537,BR-060/DF,Norte,Capotamento,1,0,0,0,0,0,0,0,0,0,2,0,0,0,0,060,2019-05-20 05:01:00+00:00,-15.9783665329869,-48.2033926643699
23/05/2019,06:57:00,415,ac02 - Aci,9.0,BR-060/DF,Norte,Capotamento,1,0,0,0,0,0,0,0,0,0,0,0,0,1,0,060,2019-05-23 09:57:00+00:00,-15.906738448827172,-48.140497635744
23/05/2019,07:08:00,422,ac02 - Aci,0.8,BR-060/DF,Norte,Colisão Traseira,1,1,0,0,0,0,0,0,0,0,1,1,0,0,0,060,2019-05-23 10:08:00+00:00,-15.884674016108828,-48.067483157785965
25/05/2019,10:44:00,341,sem vítima,22.0,BR-060/DF,Norte,Saida de Pista,1,0,0,0,0,0,0,0,0,0,1,0,0,0,0,060,2019-05-25 13:44:00+00:00,-15.984421419053252,-48.215525994734165
26/05/2019,03:28:00,273,ac02 - Aci,30.0,BR-060/DF,Norte,Colisão Traseira,1,0,0,0,0,0,0,0,0,1,2,2,0,0,0,060,2019-05-26 06:28:00+00:00,-16.038044280533132,-48.255773204625484
01/06/2019,07:38:00,71,sem vítima,3.0,BR-060/DF,Sul,Colisão Traseira,1,0,1,0,0,0,0,0,0,0,2,0,0,0,0,060,2019-06-01 10:38:00+00:00,-15.890570424543295,-48.087081067044366
03/06/2019,07:30:00,445,ac02 - Aci,5.0,BR-060/DF,Norte,Queda de Moto,0,0,0,1,0,0,0,0,0,0,0,2,0,0,0,060,2019-06-03 10:30:00+00:00,-15.895941809050944,-48.10489399995692
04/06/2019,05:44:00,49,ac02 - Aci,2.9,BR-060/DF,Norte,Choque - Veiculo parado na pista,1,0,0,1,0,0,0,0,0,0,1,1,0,0,0,060,2019-06-04 08:44:00+00:00,-15.890304623136768,-48.0861895542263
06/06/2019,06:34:00,426,ac02 - Aci,3.0,BR-060/DF,Sul,Colisão Traseira,1,0,0,1,0,0,0,0,0,0,1,1,0,0,0,060,2019-06-06 09:34:00+00:00,-15.890570424543295,-48.087081067044366
07/06/2019,06:19:00,441,ac02 - Aci,4.0,BR-060/DF,Sul,Colisão Traseira,1,0,0,1,0,0,0,0,0,0,1,1,0,0,0,060,2019-06-07 09:19:00+00:00,-15.893259852449107,-48.09598631327878
07/06/2019,10:54:00,544,ac02 - Aci,4.0,BR-060/DF,Sul,Queda de Moto,0,0,0,1,0,0,0,0,0,0,0,0,1,0,0,060,2019-06-07 13:54:00+00:00,-15.893259852449107,-48.09598631327878
10/06/2019,07:03:00,41,ac02 - Aci,3.0,BR-060/DF,Norte,Colisão Traseira,1,0,0,1,0,0,0,0,0,0,1,1,0,0,0,060,2019-06-10 10:03:00+00:00,-15.890570424543295,-48.087081067044366
10/06/2019,07:35:00,53,sem vítima,4.5,BR-060/DF,Sul,Choque - Poste,1,0,0,0,0,0,0,0,0,0,1,0,0,0,0,060,2019-06-10 10:35:00+00:00,-15.894601941264158,-48.100439780793714
10/06/2019,07:50:00,61,sem vítima,4.0,BR-060/DF,Norte,Engavetamento,3,0,0,0,0,0,0,0,0,0,3,0,0,0,0,060,2019-06-10 10:50:00+00:00,-15.893259852449107,-48.09598631327878
12/06/2019,12:50:00,9,ac01 - Aci,21.429,BR-060/DF,Norte,Colisão Traseira,1,0,0,1,0,0,0,0,0,0,0,1,0,0,1,060,2019-06-12 15:50:00+00:00,-15.982057655291284,-48.21079072625322
16/06/2019,06:58:00,74,ac02 - Aci,3.554,BR-060/DF,Sul,Colisão Traseira,1,0,0,1,0,0,0,0,0,0,1,1,0,0,0,060,2019-06-16 09:58:00+00:00,-15.892060373485316,-48.09201455379682
16/06/2019,08:31:00,105,ac02 - Aci,9.0,BR-060/DF,Sul,Queda de Moto,0,1,0,1,0,0,0,0,0,0,1,0,1,0,0,060,2019-06-16 11:31:00+00:00,-15.906738448827172,-48.140497635744
16/06/2019,06:32:00,343,sem vítima,4.3,BR-060/DF,Sul,Colisão Traseira,2,0,0,0,0,0,0,0,0,0,6,0,0,0,0,060,2019-06-16 09:32:00+00:00,-15.894066198953405,-48.098658046035666
16/06/2019,07:10:00,353,sem vítima,4.6,BR-060/DF,Sul,Colisão Traseira,2,0,0,0,0,0,0,0,0,0,5,0,0,0,0,060,2019-06-16 10:10:00+00:00,-15.894869312642035,-48.101330822990235
16/06/2019,08:51:00,393,sem vítima,22.356,BR-060/DF,Sul,Choque - Talude,1,0,0,0,0,0,0,0,0,0,1,0,0,0,0,060,2019-06-16 11:51:00+00:00,-15.985895237059571,-48.218478247357304
19/06/2019,06:51:00,463,ac02 - Aci,6.26,BR-060/DF,Sul,Colisão Traseira,1,0,0,1,0,0,0,0,0,0,1,1,0,0,0,060,2019-06-19 09:51:00+00:00,-15.899338324045713,-48.11611218562645
20/06/2019,09:00:00,462,sem vítima,9.0,BR-060/DF,Sul,"Choque - Defensa. barreira ou submarino""""",1,0,0,0,0,1,0,0,0,0,2,0,0,0,0,060,2019-06-20 12:00:00+00:00,-15.906738448827172,-48.140497635744
24/06/2019,11:26:00,247,ac02 - Aci,2.0,BR-060/DF,Norte,Atropelamento - Usuário,0,0,1,0,0,0,0,0,0,0,1,1,0,0,0,060,2019-06-24 14:26:00+00:00,-15.887894398539888,-48.078171576973595
25/06/2019,08:08:00,97,ac02 - Aci,4.0,BR-060/DF,Norte,Colisão Traseira,1,0,0,1,0,0,0,0,0,0,1,1,0,0,0,060,2019-06-25 11:08:00+00:00,-15.893259852449107,-48.09598631327878
28/06/2019,08:52:00,523,sem vítima,22.15,BR-060/DF,Sul,Capotamento,1,0,0,0,0,1,0,0,0,0,2,0,0,0,0,060,2019-06-28 11:52:00+00:00,-15.985040021129176,-48.216771190218566
29/06/2019,07:28:00,404,ac02 - Aci,0.0,BR-060/DF,Norte,Engavetamento,4,0,0,0,0,0,0,0,0,0,3,3,0,0,0,060,2019-06-29 10:28:00+00:00,-15.882538099999975,-48.060354719999964
30/06/2019,09:36:00,490,ac02 - Aci,20.427,BR-060/DF,Sul,"Choque - Defensa. barreira ou submarino""""",1,0,0,0,0,0,0,0,0,0,1,1,1,0,0,060,2019-06-30 12:36:00+00:00,-15.97790949594053,-48.20248134806497
30/06/2019,11:27:00,520,sem vítima,15.5,BR-060/DF,Norte,Colisão Lateral,1,0,0,0,0,0,0,0,0,0,1,0,0,0,0,060,2019-06-30 14:27:00+00:00,-15.948356543930375,-48.17323231717683
01/07/2019,03:14:00,46,ac02 - Aci,5.0,BR-060/DF,Sul,Queda de Moto,0,0,0,1,0,0,0,0,0,0,0,2,0,0,0,060,2019-07-01 06:14:00+00:00,-15.895941809050944,-48.10489399995692
01/07/2019,06:26:00,67,sem vítima,9.0,BR-060/DF,Sul,Colisão Traseira,0,0,1,1,0,0,0,0,0,0,2,0,0,0,0,060,2019-07-01 09:26:00+00:00,-15.906738448827172,-48.140497635744
04/07/2019,08:12:00,100,ac02 - Aci,24.0,BR-060/DF,Sul,Capotamento,1,0,0,0,0,0,0,0,0,0,2,2,0,0,0,060,2019-07-04 11:12:00+00:00,-15.992144413890477,-48.23207994070532
05/07/2019,06:06:00,366,sem vítima,4.402,BR-060/DF,Norte,Colisão Lateral,1,0,0,1,0,0,0,0,0,0,2,0,0,0,0,060,2019-07-05 09:06:00+00:00,-15.89434210575886,-48.09956586988827
06/07/2019,10:15:00,466,ac01 - Aci,0.8,BR-060/DF,Sul,Atropelamento - Andarilho,1,0,0,0,0,0,0,0,0,0,1,0,0,0,1,060,2019-07-06 13:15:00+00:00,-15.884674016108828,-48.067483157785965
07/07/2019,02:35:00,243,sem vítima,3.0,BR-060/DF,Norte,Colisão Lateral,2,0,0,0,0,0,0,0,0,0,2,0,0,0,0,060,2019-07-07 05:35:00+00:00,-15.890570424543295,-48.087081067044366
07/07/2019,05:37:00,335,sem vítima,29.0,BR-060/DF,Sul,Queda de Moto,0,0,0,1,0,0,0,0,0,0,2,0,0,0,0,060,2019-07-07 08:37:00+00:00,-16.029528313854414,-48.253355455172226
08/07/2019,04:14:00,359,sem vítima,6.0,BR-060/DF,Sul,Choque - Poste/,1,0,0,0,0,0,0,0,0,0,1,0,0,0,0,060,2019-07-08 07:14:00+00:00,-15.898636978479185,-48.11379745322939
13/07/2019,07:51:00,91,sem vítima,3.0,BR-060/DF,Norte,Colisão Traseira,1,0,0,0,0,1,0,0,0,0,2,0,0,0,0,060,2019-07-13 10:51:00+00:00,-15.890570424543295,-48.087081067044366
14/07/2019,03:45:00,37,sem vítima,12.197,BR-060/DF,Norte,Capotamento,1,0,0,0,0,0,0,0,0,0,2,0,0,0,0,060,2019-07-14 06:45:00+00:00,-15.919669814879912,-48.165003203683455
14/07/2019,07:38:00,452,sem vítima,6.4,BR-060/DF,Sul,Colisão Lateral,1,0,0,0,0,1,0,0,0,0,2,0,0,0,0,060,2019-07-14 10:38:00+00:00,-15.89971595001308,-48.11735858929161
15/07/2019,07:27:00,514,ac01 - Aci,27.0,BR-060/DF,Sul,Colisão Transversal,1,1,0,0,0,0,0,0,0,0,2,1,0,0,1,060,2019-07-15 10:27:00+00:00,-16.012633635837343,-48.24755169324156
16/07/2019,06:22:00,53,sem vítima,27.1,BR-060/DF,Norte,Tombamento,0,0,1,0,0,0,0,0,0,0,2,0,0,0,0,060,2019-07-16 09:22:00+00:00,-16.013511912226246,-48.247767285362315
19/07/2019,11:25:00,602,ac02 - Aci,7.0,BR-060/DF,Norte,Atropelamento - Andarilho,0,0,0,1,0,0,0,0,0,0,1,0,0,1,0,060,2019-07-19 14:25:00+00:00,-15.90132891731299,-48.122699735434956
21/07/2019,11:37:00,422,sem vítima,4.282,BR-060/DF,Norte,Choque - Suporte de Sinalização,1,0,0,0,0,0,0,0,0,0,1,0,0,0,0,060,2019-07-21 14:37:00+00:00,-15.894018133429089,-48.09849763926625