data,horario,n_da_ocorrencia,tipo_de_ocorrencia,km,trecho,sentido,tipo_de_acidente,automovel,bicicleta,caminhao,moto,onibus,outros,tracao_animal,transporte_de_cargas_especiais,trator_maquinas,utilitarios,ilesos,levemente_feridos,moderadamente_feridos,gravemente_feridos,mortos,vl_br,timestamp_utc,latitude_acidente,longitude_acidente
25/07/2019,10:45:00,219,sem vítima,18.3,BR-060/DF,Sul,Choque - Elemento de Drenagem,1,0,0,0,0,0,0,0,0,0,1,0,0,0,0,060,2019-07-25 13:45:00+00:00,-15.970451274665324,-48.18514984939799
03/08/2019,06:14:00,67,sem vítima,10.0,BR-060/DF,Sul,Choque - Suporte de Sinalização,1,0,0,0,0,0,0,0,0,0,1,0,0,0,0,060,2019-08-03 09:14:00+00:00,-15.909433209563039,-48.149399239139086
03/08/2019,09:54:00,164,sem vítima,25.5,BR-060/DF,Sul,Choque - Objeto sobre a pista,1,0,1,0,0,0,0,0,0,0,2,0,0,0,0,060,2019-08-03 12:54:00+00:00,-15.99978328780146,-48.243323134046754
07/08/2019,10:18:00,199,sem vítima,2.5,BR-060/DF,Sul,Choque - Suporte de Sinalização,1,0,0,0,0,0,0,0,0,0,1,0,0,0,0,060,2019-08-07 13:18:00+00:00,-15.889231878258785,-48.08262650352442
10/08/2019,06:56:00,91,ac02 - Aci,3.3,BR-060/DF,Norte,Choque - Veiculo parado no acostamento,2,0,0,0,0,0,0,0,0,0,1,1,0,0,0,060,2019-08-10 09:56:00+00:00,-15.891373756680673,-48.08975374526589
10/08/2019,07:44:00,107,sem vítima,5.0,BR-060/DF,Norte,Engavetamento,4,0,0,0,0,0,0,0,0,0,4,0,0,0,0,060,2019-08-10 10:44:00+00:00,-15.895941809050944,-48.10489399995692
10/08/2019,07:43:00,423,sem vítima,4.0,BR-060/DF,Sul,Engavetamento,4,0,0,0,0,0,0,0,0,0,4,0,0,0,0,060,2019-08-10 10:43:00+00:00,-15.893259852449107,-48.09598631327878
11/08/2019,07:55:00,464,sem vítima,0.708,BR-060/DF,Norte,Atropelamento - Sem Informação,1,0,0,0,0,0,0,0,0,0,2,0,0,0,0,060,2019-08-11 10:55:00+00:00,-15.884432512796618,-48.06666199952571
13/08/2019,12:08:00,4,ac02 - Aci,1.5,BR-060/DF,Norte,Choque - Poste/,1,0,0,0,0,0,0,0,0,0,0,1,0,0,0,060,2019-08-13 15:08:00+00:00,-15.886551587787343,-48.07371840795247
14/08/2019,02:04:00,32,ac02 - Aci,7.01,BR-060/DF,Norte,Tombamento,0,0,1,0,0,0,0,0,0,0,0,1,0,0,0,060,2019-08-14 05:04:00+00:00,-15.901356172417092,-48.122788673111735
14/08/2019,07:17:00,81,ac02 - Aci,6.767,BR-060/DF,Norte,Colisão Traseira,1,0,0,1,0,0,0,0,0,0,1,1,0,0,0,060,2019-08-14 10:17:00+00:00,-15.90068532303439,-48.12063101266926
15/08/2019,09:43:00,230,sem vítima,3.0,BR-060/DF,Sul,Colisão Traseira,2,0,0,0,0,1,0,0,0,0,3,0,0,0,0,060,2019-08-15 12:43:00+00:00,-15.890570424543295,-48.087081067044366
18/08/2019,01:14:00,16,ac02 - Aci,3.0,BR-060/DF,Sul,Queda de Moto,1,0,0,1,0,0,0,0,0,0,1,1,0,0,0,060,2019-08-18 04:14:00+00:00,-15.890570424543295,-48.087081067044366
19/08/2019,12:16:00,329,ac02 - Aci,2.0,BR-060/DF,Norte,Colisão Transversal,0,1,0,1,0,0,0,0,0,0,1,1,0,0,0,060,2019-08-19 15:16:00+00:00,-15.887894398539888,-48.078171576973595
21/08/2019,07:21:00,411,ac02 - Aci,2.0,BR-060/DF,Norte,Colisão Transversal,2,0,0,0,0,0,0,0,0,0,2,0,1,0,0,060,2019-08-21 10:21:00+00:00,-15.887894398539888,-48.078171576973595
22/08/2019,04:40:00,411,sem vítima,12.3,BR-060/DF,Sul,Colisão Traseira,0,0,1,0,1,0,0,0,0,0,2,0,0,0,0,060,2019-08-22 07:40:00+00:00,-15.920556764417146,-48.16528537726717
23/08/2019,05:59:00,471,sem vítima,24.0,BR-060/DF,Sul,Saida de Pista,1,0,0,0,0,0,0,0,0,0,3,0,0,0,0,060,2019-08-23 08:59:00+00:00,-15.992144413890477,-48.23207994070532
25/08/2019,08:10:00,97,ac02 - Aci,5.809,BR-060/DF,Sul,Choque - Talude,1,0,0,0,0,0,0,0,0,0,0,0,0,1,0,060,2019-08-25 11:10:00+00:00,-15.898123200974396,-48.11209655566102
27/08/2019,02:00:00,380,sem vítima,22.0,BR-060/DF,Sul,Choque - Talude,1,0,0,0,0,0,0,0,0,0,1,0,0,0,0,060,2019-08-27 05:00:00+00:00,-15.984421419053252,-48.215525994734165
29/08/2019,08:07:00,141,ac02 - Aci,4.0,BR-060/DF,Norte,Colisão Traseira,1,0,0,1,0,0,0,0,0,0,2,1,0,0,0,060,2019-08-29 11:07:00+00:00,-15.893259852449107,-48.09598631327878
31/08/2019,02:22:00,282,sem vítima,7.0,BR-060/DF,Sul,Colisão Lateral,1,0,1,0,0,0,0,0,0,0,6,0,0,0,0,060,2019-08-31 05:22:00+00:00,-15.90132891731299,-48.122699735434956
01/09/2019,07:28:00,112,sem vítima,4.0,BR-060/DF,Norte,Colisão Transversal,1,0,0,1,0,0,0,0,0,0,2,0,0,0,0,060,2019-09-01 10:28:00+00:00,-15.893259852449107,-48.09598631327878
01/09/2019,07:37:00,427,ac02 - Aci,7.0,BR-060/DF,Sul,Choque - Elemento de Drenagem,1,0,0,0,0,0,0,0,0,0,0,1,0,0,0,060,2019-09-01 10:37:00+00:00,-15.90132891731299,-48.122699735434956
02/09/2019,09:07:00,155,sem vítima,4.0,BR-060/DF,Sul,Colisão Traseira,1,0,1,0,0,0,0,0,0,0,3,0,0,0,0,060,2019-09-02 12:07:00+00:00,-15.893259852449107,-48.09598631327878
02/09/2019,11:58:00,260,ac02 - Aci,0.0,BR-060/DF,Sul,Colisão Transversal,0,1,0,1,0,0,0,0,0,0,2,0,1,0,0,060,2019-09-02 14:58:00+00:00,-15.882538099999975,-48.060354719999964
03/09/2019,07:43:00,93,ac02 - Aci,8.0,BR-060/DF,Norte,Queda de Moto,0,0,0,1,0,0,0,0,0,0,1,1,0,0,0,060,2019-09-03 10:43:00+00:00,-15.904031616731608,-48.13159786817079
04/09/2019,08:36:00,149,ac02 - Aci,3.0,BR-060/DF,Sul,Colisão Traseira,1,0,0,1,0,0,0,0,0,0,1,1,0,0,0,060,2019-09-04 11:36:00+00:00,-15.890570424543295,-48.087081067044366
05/09/2019,07:27:00,117,sem vítima,4.0,BR-060/DF,Sul,Colisão Lateral,0,0,2,0,0,0,0,0,0,0,2,0,0,0,0,060,2019-09-05 10:27:00+00:00,-15.893259852449107,-48.09598631327878
11/09/2019,11:17:00,273,ac02 - Aci,4.0,BR-060/DF,Norte,Capotamento,1,0,0,0,0,0,0,0,0,0,0,1,0,0,0,060,2019-09-11 14:17:00+00:00,-15.893259852449107,-48.09598631327878
15/09/2019,02:59:00,30,sem vítima,30.0,BR-060/DF,Norte,Colisão Traseira,0,0,2,0,0,0,0,0,0,0,2,0,0,0,0,060,2019-09-15 05:59:00+00:00,-16.038044280533132,-48.255773204625484
15/09/2019,03:23:00,33,ac02 - Aci,11.6,BR-060/DF,Sul,Queda de Moto,0,0,0,1,0,0,0,0,0,0,0,1,0,0,0,060,2019-09-15 06:23:00+00:00,-15.914634214191885,-48.163143056499216
15/09/2019,05:08:00,424,ac02 - Aci,31.0,BR-060/DF,Norte,Colisão Traseira,1,0,0,0,0,1,0,0,0,0,1,3,0,0,0,060,2019-09-15 08:08:00+00:00,-16.046840191480747,-48.25744222853095
19/09/2019,11:14:00,703,sem vítima,4.0,BR-060/DF,Sul,Colisão Lateral,2,0,0,0,0,0,0,0,0,0,3,0,0,0,0,060,2019-09-19 14:14:00+00:00,-15.893259852449107,-48.09598631327878
20/09/2019,12:11:00,2,sem vítima,13.0,BR-060/DF,Sul,Capotamento,1,0,0,0,0,0,0,0,0,0,1,0,0,0,0,060,2019-09-20 15:11:00+00:00,-15.926640521124574,-48.167015383529694
26/09/2019,08:41:00,128,ac02 - Aci,7.0,BR-060/DF,Sul,Colisão Traseira,2,0,0,0,0,0,0,0,0,0,1,1,0,0,0,060,2019-09-26 11:41:00+00:00,-15.90132891731299,-48.122699735434956
27/09/2019,01:22:00,313,sem vítima,9.7,BR-060/DF,Norte,Capotamento,1,0,0,0,0,0,0,0,0,0,2,0,0,0,0,060,2019-09-27 04:22:00+00:00,-15.908589743091843,-48.14673989992209
28/09/2019,07:32:00,474,ac02 - Aci,25.5,BR-060/DF,Norte,Capotamento,3,0,0,1,0,0,0,0,0,0,3,2,0,0,0,060,2019-09-28 10:32:00+00:00,-15.99978328780146,-48.243323134046754
29/09/2019,12:40:00,364,sem vítima,28.0,BR-060/DF,Sul,Colisão Traseira,2,0,0,0,0,0,0,0,0,0,4,0,0,0,0,060,2019-09-29 15:40:00+00:00,-16.021021519767856,-48.25081787423561
29/09/2019,03:27:00,433,sem vítima,4.0,BR-060/DF,Norte,Colisão Lateral,2,0,0,0,0,0,0,0,0,0,4,0,0,0,0,060,2019-09-29 06:27:00+00:00,-15.893259852449107,-48.09598631327878
29/09/2019,10:58:00,677,sem vítima,4.7,BR-060/DF,Norte,Choque- Poste/Equipamento,2,0,0,0,1,0,0,0,0,0,3,0,0,0,0,060,2019-09-29 13:58:00+00:00,-15.89513844677703,-48.10222129187768
03/10/2019,06:49:00,94,ac02 - Aci,11.0,BR-060/DF,Norte,Colisão Transversal,1,0,1,0,0,0,0,0,0,0,5,1,0,0,0,060,2019-10-03 09:49:00+00:00,-15.91214363530004,-48.1582979635198
05/10/2019,11:03:00,555,sem vítima,7.0,BR-060/DF,Norte,Queda de Moto,0,0,0,1,0,0,0,0,0,0,1,0,0,0,0,060,2019-10-05 14:03:00+00:00,-15.90132891731299,-48.122699735434956
06/10/2019,09:15:00,517,ac02 - Aci,30.0,BR-060/DF,Sul,Atropelamento - Andarilho,0,0,0,0,0,0,0,0,0,1,1,0,0,1,0,060,2019-10-06 12:15:00+00:00,-16.038044280533132,-48.255773204625484
07/10/2019,02:17:00,390,ac02 - Aci,27.5,BR-060/DF,Sul,Queda em Ribanceira,1,0,0,0,0,0,0,0,0,0,2,0,0,1,0,060,2019-10-07 05:17:00+00:00,-16.017007088624922,-48.24869782235361
10/10/2019,03:59:00,42,sem vítima,23.081,BR-060/DF,Sul,Capotamento,1,0,0,0,0,0,0,0,0,0,1,0,0,0,0,060,2019-10-10 06:59:00+00:00,-15.988615059860638,-48.224608950377416
11/10/2019,09:06:00,528,ac02 - Aci,1.0,BR-060/DF,Norte,Choque - Arvore,1,0,0,0,0,0,0,0,0,0,1,1,0,0,0,060,2019-10-11 12:06:00+00:00,-15.885213402294612,-48.069263714026626
13/10/2019,06:14:00,387,sem vítima,0.0,BR-060/DF,Norte,Choque - Arvore,1,0,0,0,0,0,0,0,0,0,1,0,0,0,0,060,2019-10-13 09:14:00+00:00,-15.882538099999975,-48.060354719999964
14/10/2019,05:15:00,476,sem vítima,17.0,BR-060/DF,Norte,Saida de Pista,1,0,0,0,0,0,0,0,0,0,1,0,0,0,0,060,2019-10-14 08:15:00+00:00,-15.960913976370524,-48.17808097568499
15/10/2019,08:40:00,198,ac02 - Aci,30.0,BR-060/DF,Norte,Atropelamento - Morador,1,0,0,0,0,0,0,0,0,0,1,0,1,0,0,060,2019-10-15 11:40:00+00:00,-16.038044280533132,-48.255773204625484
15/10/2019,02:29:00,439,sem vítima,27.0,BR-060/DF,Norte,Saida de Pista,0,0,0,0,0,0,0,0,0,1,1,0,0,0,0,060,2019-10-15 05:29:00+00:00,-16.012633635837343,-48.24755169324156
16/10/2019,09:05:00,176,ac02 - Aci,11.0,BR-060/DF,Sul,Colisão Lateral,1,0,1,0,0,0,0,0,0,0,4,1,0,0,0,060,2019-10-16 12:05:00+00:00,-15.91214363530004,-48.1582979635198
17/10/2019,04:48:00,407,ac02 - Aci,3.0,BR-060/DF,Sul,Colisão Transversal,0,0,0,1,0,0,0,0,0,1,2,1,0,0,0,060,2019-10-17 07:48:00+00:00,-15.890570424543295,-48.087081067044366
18/10/2019,02:26:00,408,ac02 - Aci,29.0,BR-060/DF,Sul,Capotamento,1,0,0,0,0,0,0,0,0,0,0,3,0,0,0,060,2019-10-18 05:26:00+00:00,-16.029528313854414,-48.253355455172226
20/10/2019,12:46:00,13,ac02 - Aci,1.9,BR-060/DF,Norte,Colisão Traseira,2,0,0,0,0,0,0,0,0,0,2,2,0,0,0,060,2019-10-20 15:46:00+00:00,-15.887625863312326,-48.07728092085935
20/10/2019,07:56:00,113,ac02 - Aci,5.0,BR-060/DF,Sul,Atropelamento de Animal,0,0,0,1,0,0,0,0,0,0,0,1,0,0,0,060,2019-10-20 10:56:00+00:00,-15.895941809050944,-48.10489399995692
21/10/2019,07:27:00,107,sem vítima,4.2,BR-060/DF,Norte,Engavetamento,3,0,0,0,0,0,0,0,0,0,5,0,0,0,0,060,2019-10-21 10:27:00+00:00,-15.893799337599853,-48.09776685692331
22/10/2019,03:14:00,365,sem vítima,2.0,BR-060/DF,Norte,Saida de Pista,0,0,0,0,0,1,0,0,0,1,3,0,0,0,0,060,2019-10-22 06:14:00+00:00,-15.887894398539888,-48.078171576973595
23/10/2019,01:55:00,329,sem vítima,30.0,BR-060/DF,Norte,Atropelamento - Andarilho,0,0,1,0,0,0,0,0,0,0,2,0,0,0,0,060,2019-10-23 04:55:00+00:00,-16.038044280533132,-48.255773204625484
23/10/2019,02:01:00,333,sem vítima,4.9,BR-060/DF,Sul,Colisão Lateral,1,0,0,0,0,0,0,0,0,1,2,0,0,0,0,060,2019-10-23 05:01:00+00:00,-15.895670793129,-48.104004136092094
25/10/2019,08:17:00,135,ac02 - Aci,6.0,BR-060/DF,Norte,Colisão Lateral,0,0,0,2,0,0,0,0,0,0,1,2,0,0,0,060,2019-10-25 11:17:00+00:00,-15.898636978479185,-48.11379745322939
26/10/2019,02:03:00,292,sem vítima,4.0,BR-060/DF,Norte,Choque- Poste/Equipamento,0,0,0,0,0,0,0,0,0,1,1,0,0,0,0,060,2019-10-26 05:03:00+00:00,-15.893259852449107,-48.09598631327878
27/10/2019,12:35:00,246,sem vítima,18.0,BR-060/DF,Norte,Saida de Pista,1,0,0,0,0,0,0,0,0,0,1,0,0,0,0,060,2019-10-27 15:35:00+00:00,-15.968248777029663,-48.18352085268955
27/10/2019,08:24:00,458,sem vítima,5.0,BR-060/DF,Norte,Choque - Veiculo parado no acostamento,2,0,0,0,0,0,0,0,0,0,2,0,0,0,0,060,2019-10-27 11:24:00+00:00,-15.895941809050944,-48.10489399995692
28/10/2019,01:40:00,359,ac02 - Aci,0.0,BR-060/DF,Norte,Colisão Frontal,0,0,1,1,0,0,0,0,0,0,1,1,0,0,0,060,2019-10-28 04:40:00+00:00,-15.882538099999975,-48.060354719999964
30/10/2019,08:53:00,181,sem vítima,3.0,BR-060/DF,Sul,Colisão Traseira,2,0,0,0,0,0,0,0,0,0,2,0,0,0,0,060,2019-10-30 11:53:00+00:00,-15.890570424543295,-48.087081067044366
03/11/2019,10:19:00,537,sem vítima,6.822,BR-060/DF,Sul,Choque- Poste/Equipamento,1,0,0,0,0,0,0,0,0,0,1,0,0,0,0,060,2019-11-03 13:19:00+00:00,-15.900850292131228,-48.12111453801858
05/11/2019,03:39:00,416,ac02 - Aci,3.0,BR-060/DF,Sul,Colisão Lateral,1,0,1,0,0,0,0,0,0,0,4,0,2,0,0,060,2019-11-05 06:39:00+00:00,-15.890570424543295,-48.087081067044366
09/11/2019,04:38:00,460,sem vítima,31.0,BR-060/DF,Norte,Queda de Moto,0,0,0,1,0,0,0,0,0,0,2,0,0,0,0,060,2019-11-09 07:38:00+00:00,-16.046840191480747,-48.25744222853095
10/11/2019,02:46:00,346,ac02 - Aci,14.5,BR-060/DF,Sul,Capotamento,1,0,0,0,0,0,0,0,0,0,0,1,0,0,0,060,2019-11-10 05:46:00+00:00,-15.93965420796927,-48.170750513230594
13/11/2019,07:52:00,140,ac02 - Aci,0.0,BR-060/DF,Norte,Colisão Traseira,0,0,1,1,0,0,0,0,0,0,1,2,0,0,0,060,2019-11-13 10:52:00+00:00,-15.882538099999975,-48.060354719999964
15/11/2019,11:42:00,270,sem vítima,30.0,BR-060/DF,Norte,Choque - Elemento de Drenagem,1,0,0,0,0,0,0,0,0,0,1,0,0,0,0,060,2019-11-15 14:42:00+00:00,-16.038044280533132,-48.255773204625484
15/11/2019,09:39:00,535,sem vítima,16.0,BR-060/DF,Sul,Saida de Pista,1,0,0,0,0,0,0,0,0,0,2,0,0,0,0,060,2019-11-15 12:39:00+00:00,-15.95270730521758,-48.174474751029436
16/11/2019,01:56:00,40,ac02 - Aci,15.0,BR-060/DF,Sul,Tombamento,0,0,1,0,0,0,0,0,0,0,0,1,0,0,0,060,2019-11-16 04:56:00+00:00,-15.944004953122208,-48.17199298206615
18/11/2019,10:46:00,216,sem vítima,24.0,BR-060/DF,Norte,Choque - Arvore,1,0,0,0,0,0,0,0,0,0,1,0,0,0,0,060,2019-11-18 13:46:00+00:00,-15.992144413890477,-48.23207994070532
20/11/2019,11:20:00,669,sem vítima,3.0,BR-060/DF,Sul,Saida de Pista,1,0,0,0,0,0,0,0,0,0,1,0,0,0,0,060,2019-11-20 14:20:00+00:00,-15.890570424543295,-48.087081067044366
22/11/2019,04:37:00,371,ac02 - Aci,29.0,BR-060/DF,Sul,Capotamento,1,0,0,0,0,0,0,0,0,0,0,1,0,0,0,060,2019-11-22 07:37:00+00:00,-16.029528313854414,-48.253355455172226
22/11/2019,08:09:00,461,sem vítima,7.0,BR-060/DF,Sul,Queda de Moto,0,0,0,1,0,0,0,0,0,0,1,0,0,0,0,060,2019-11-22 11:09:00+00:00,-15.90132891731299,-48.122699735434956
24/11/2019,03:55:00,370,sem vítima,13.0,BR-060/DF,Sul,Saida de Pista,1,0,0,0,0,0,0,0,0,0,1,0,0,0,0,060,2019-11-24 06:55:00+00:00,-15.926640521124574,-48.167015383529694
25/11/2019,02:53:00,55,sem vítima,11.0,BR-060/DF,Norte,Colisão Traseira,1,0,1,0,0,0,0,0,0,0,2,0,0,0,0,060,2019-11-25 05:53:00+00:00,-15.91214363530004,-48.1582979635198
29/11/2019,01:45:00,363,ac02 - Aci,5.0,BR-060/DF,Sul,Choque - Arvore,1,0,0,0,0,0,0,0,0,0,0,0,0,1,0,060,2019-11-29 04:45:00+00:00,-15.895941809050944,-48.10489399995692
29/11/2019,05:38:00,502,ac02 - Aci,11.0,BR-060/DF,Norte,Choque- Poste/Equipamento,1,0,0,0,0,0,0,0,0,0,0,0,2,0,0,060,2019-11-29 08:38:00+00:00,-15.91214363530004,-48.1582979635198
30/11/2019,12:46:00,282,ac02 - Aci,9.0,BR-060/DF,Sul,Tombamento,0,0,1,0,0,0,0,0,0,0,0,0,1,0,0,060,2019-11-30 15:46:00+00:00,-15.906738448827172,-48.140497635744
30/11/2019,06:06:00,414,sem vítima,28.0,BR-060/DF,Norte,Saida de Pista,1,0,0,0,0,0,0,0,0,0,1,0,0,0,0,060,2019-11-30 09:06:00+00:00,-16.021021519767856,-48.25081787423561
04/12/2019,06:38:00,451,ac02 - Aci,28.6,BR-060/DF,Norte,Capotamento,1,0,0,0,0,0,0,0,0,0,1,1,0,0,0,060,2019-12-04 09:38:00+00:00,-16.025926918903306,-48.25308821717928
07/12/2019,03:13:00,416,sem vítima,26.0,BR-060/DF,Sul,Capotamento,0,0,0,0,0,0,0,0,0,1,1,0,0,0,0,060,2019-12-07 06:13:00+00:00,-16.00389849375887,-48.24523829325778
07/12/2019,04:13:00,446,sem vítima,8.0,BR-060/DF,Norte,Choque- Placa/Suporte Sinalização,1,0,0,0,0,0,0,0,0,0,3,0,0,0,0,060,2019-12-07 07:13:00+00:00,-15.904031616731608,-48.13159786817079
07/12/2019,11:18:00,678,sem vítima,24.0,BR-060/DF,Norte,Colisão Traseira,1,0,0,1,0,0,0,0,0,0,2,0,0,0,0,060,2019-12-07 14:18:00+00:00,-15.992144413890477,-48.23207994070532
10/12/2019,06:05:00,64,ac02 - Aci,5.0,BR-060/DF,Norte,Colisão Traseira,0,0,1,1,0,0,0,0,0,0,1,0,1,0,0,060,2019-12-10 09:05:00+00:00,-15.895941809050944,-48.10489399995692
10/12/2019,06:07:00,65,sem vítima,25.0,BR-060/DF,Norte,Capotamento,1,0,0,0,0,0,0,0,0,0,1,0,0,0,0,060,2019-12-10 09:07:00+00:00,-15.996666900982364,-48.2401083109208
10/12/2019,02:08:00,321,ac01 - Aci,5.401,BR-060/DF,Norte,Atropelamento - Usuário,2,0,0,0,0,0,0,0,0,0,1,1,1,1,2,060,2019-12-10 05:08:00+00:00,-15.897018761761668,-48.10846548302777
11/12/2019,12:37:00,292,sem vítima,22.0,BR-060/DF,Sul,Saida de Pista,1,0,0,0,0,0,0,0,0,0,1,0,0,0,0,060,2019-12-11 15:37:00+00:00,-15.984421419053252,-48.215525994734165
11/12/2019,06:21:00,484,sem vítima,12.0,BR-060/DF,Norte,Queda de Moto,0,0,0,1,0,0,0,0,0,0,1,0,0,0,0,060,2019-12-11 09:21:00+00:00,-15.917950731309672,-48.164541812566426
12/12/2019,04:57:00,364,ac02 - Aci,12.4,BR-060/DF,Norte,Colisão Lateral,0,1,0,0,1,0,0,0,0,0,1,1,0,0,0,060,2019-12-12 07:57:00+00:00,-15.921426269675015,-48.165536268278714
13/12/2019,10:11:00,260,sem vítima,0.0,BR-060/DF,Norte,Colisão Traseira,1,0,0,1,0,0,0,0,0,0,2,0,0,0,0,060,2019-12-13 13:11:00+00:00,-15.882538099999975,-48.060354719999964
14/12/2019,07:42:00,590,sem vítima,5.0,BR-060/DF,Norte,Colisão Traseira,2,0,0,0,0,0,0,0,0,0,2,0,0,0,0,060,2019-12-14 10:42:00+00:00,-15.895941809050944,-48.10489399995692
15/12/2019,05:50:00,79,ac02 - Aci,9.0,BR-060/DF,Norte,Queda de Moto,0,0,0,1,0,0,0,0,0,0,0,1,0,0,0,060,2019-12-15 08:50:00+00:00,-15.906738448827172,-48.140497635744
15/12/2019,10:53:00,309,sem vítima,27.0,BR-060/DF,Sul,Choque - Objeto sobre a pista,1,0,0,0,0,0,0,0,0,0,1,0,0,0,0,060,2019-12-15 13:53:00+00:00,-16.012633635837343,-48.24755169324156
16/12/2019,07:44:00,107,ac02 - Aci,9.4,BR-060/DF,Sul,Colisão Traseira,1,0,0,1,0,0,0,0,0,0,1,1,0,0,0,060,2019-12-16 10:44:00+00:00,-15.907774288776453,-48.14407108625797
18/12/2019,01:23:00,404,sem vítima,26.0,BR-060/DF,Norte,Capotamento,1,0,0,0,0,0,0,0,0,0,1,0,0,0,0,060,2019-12-18 04:23:00+00:00,-16.00389849375887,-48.24523829325778
18/12/2019,04:02:00,501,ac02 - Aci,27.0,BR-060/DF,Norte,Capotamento,1,0,0,0,0,0,0,0,0,0,0,2,0,0,0,060,2019-12-18 07:02:00+00:00,-16.012633635837343,-48.24755169324156
24/12/2019,07:49:00,111,ac02 - Aci,24.0,BR-060/DF,Norte,Engavetamento,3,0,0,0,0,0,0,0,0,1,3,1,0,0,0,060,2019-12-24 10:49:00+00:00,-15.992144413890477,-48.23207994070532
24/12/2019,03:46:00,348,sem vítima,3.0,BR-060/DF,Norte,Capotamento,1,0,0,0,0,0,0,0,0,1,2,0,0,0,0,060,2019-12-24 06:46:00+00:00,-15.890570424543295,-48.087081067044366
25/12/2019,08:11:00,408,sem vítima,3.0,BR-060/DF,Sul,Colisão Traseira,2,0,0,0,0,0,0,0,0,0,2,0,0,0,0,060,2019-12-25 11:11:00+00:00,-15.890570424543295,-48.087081067044366
26/12/2019,05:48:00,467,sem vítima,5.0,BR-060/DF,Sul,Colisão Traseira,1,0,1,0,0,0,0,0,0,0,2,0,0,0,0,060,2019-12-26 08:48:00+00:00,-15.895941809050944,-48.10489399995692
27/12/2019,08:14:00,139,sem vítima,10.0,BR-060/DF,Norte,Queda de Moto,1,0,0,1,0,0,0,0,0,0,2,0,0,0,0,060,2019-12-27 11:14:00+00:00,-15.909433209563039,-48.149399239139086
27/12/2019,03:22:00,402,sem vítima,9.25,BR-060/DF,Sul,Colisão Lateral,1,0,0,1,0,0,0,0,0,0,3,0,0,0,0,060,2019-12-27 06:22:00+00:00,-15.907368858369445,-48.14273592596803
28/12/2019,02:54:00,276,sem vítima,21.2,BR-060/DF,Norte,Choque - Elemento de Drenagem,1,0,0,0,0,0,0,0,0,0,2,0,0,0,0,060,2019-12-28 05:54:00+00:00,-15.981111157326165,-48.20889084824914
29/12/2019,11:36:00,163,sem vítima,4.8,BR-060/DF,Norte,Colisão Traseira,1,0,0,0,0,1,0,0,0,0,2,0,0,0,0,060,2019-12-29 14:36:00+00:00,-15.895403917794027,-48.10311293398399
30/12/2019,08:26:00,478,ac02 - Aci,3.0,BR-060/DF,Norte,Queda de Moto,0,0,0,1,0,0,0,0,0,0,0,2,0,0,0,060,2019-12-30 11:26:00+00:00,-15.890570424543295,-48.087081067044366
31/12/2019,03:28:00,27,sem vítima,2.0,BR-060/DF,Sul,Capotamento,0,0,0,0,0,0,0,0,0,1,1,0,0,0,0,060,2019-12-31 06:28:00+00:00,-15.887894398539888,-48.078171576973595
01/01/2020,11:11:00,422,sem vítima,3.0,BR-060/DF,Sul,Colisão Traseira,2,0,0,0,0,0,0,0,0,0,7,0,0,0,0,060,2020-01-01 14:11:00+00:00,-15.890570424543295,-48.087081067044366
02/01/2020,06:21:00,60,ac02 - Aci,25.15,BR-060/DF,Sul,Capotamento,1,0,0,0,0,0,0,0,0,0,1,3,0,0,0,060,2020-01-02 09:21:00+00:00,-15.997337023132106,-48.24132267113855
03/01/2020,02:51:00,300,sem vítima,3.0,BR-060/DF,Sul,Colisão Traseira,2,0,0,0,0,0,0,0,0,0,2,0,0,0,0,060,2020-01-03 05:51:00+00:00,-15.890570424543295,-48.087081067044366
03/01/2020,06:27:00,388,sem vítima,2.5,BR-060/DF,Norte,Colisão Traseira,1,0,0,0,0,1,0,0,0,0,2,0,0,0,0,060,2020-01-03 09:27:00+00:00,-15.889231878258785,-48.08262650352442
04/01/2020,04:42:00,329,sem vítima,27.0,BR-060/DF,Norte,Choque - Defensa,0,0,0,0,0,0,0,0,0,1,2,0,0,0,0,060,2020-01-04 07:42:00+00:00,-16.012633635837343,-48.24755169324156
05/01/2020,08:37:00,359,sem vítima,25.0,BR-060/DF,Norte,Capotamento,1,0,0,0,0,0,0,0,0,0,3,0,0,0,0,060,2020-01-05 11:37:00+00:00,-15.996666900982364,-48.2401083109208
08/01/2020,03:46:00,407,sem vítima,3.2,BR-060/DF,Sul,Colisão Traseira,1,0,0,1,0,0,0,0,0,0,2,0,0,0,0,060,2020-01-08 06:46:00+00:00,-15.891107587616109,-48.088862341580636
09/01/2020,04:16:00,363,sem vítima,19.7,BR-060/DF,Norte,Choque - Elemento de Drenagem,1,0,0,0,0,0,0,0,0,0,1,0,0,0,0,060,2020-01-09 07:16:00+00:00,-15.97603457323349,-48.19604709265165