data,horario,n_da_ocorrencia,tipo_de_ocorrencia,km,trecho,sentido,tipo_de_acidente,automovel,bicicleta,caminhao,moto,onibus,outros,tracao_animal,transporte_de_cargas_especiais,trator_maquinas,utilitarios,ilesos,levemente_feridos,moderadamente_feridos,gravemente_feridos,mortos,vl_br,timestamp_utc,latitude_acidente,longitude_acidente
10/01/2020,09:50:00,281,sem vítima,2.0,BR-060/DF,Sul,Colisão Lateral,1,0,1,0,0,0,0,0,0,0,2,0,0,0,0,060,2020-01-10 12:50:00+00:00,-15.887894398539888,-48.078171576973595
11/01/2020,06:10:00,501,sem vítima,27.0,BR-060/DF,Sul,Saida de Pista,1,0,0,0,0,0,0,0,0,0,2,0,0,0,0,060,2020-01-11 09:10:00+00:00,-16.012633635837343,-48.24755169324156
14/01/2020,07:54:00,387,sem vítima,4.5,BR-060/DF,Sul,Colisão Traseira,1,0,0,0,0,1,0,0,0,0,2,0,0,0,0,060,2020-01-14 10:54:00+00:00,-15.894601941264158,-48.100439780793714
16/01/2020,07:34:00,101,ac02 - Aci,2.0,BR-060/DF,Sul,Colisão Traseira,1,0,0,1,0,0,0,0,0,0,1,1,0,0,0,060,2020-01-16 10:34:00+00:00,-15.887894398539888,-48.078171576973595
16/01/2020,04:59:00,451,sem vítima,11.0,BR-060/DF,Sul,Choque- Poste/Equipamento,0,0,0,0,0,0,0,0,0,1,1,0,0,0,0,060,2020-01-16 07:59:00+00:00,-15.91214363530004,-48.1582979635198
17/01/2020,02:02:00,300,sem vítima,9.5,BR-060/DF,Norte,Colisão Traseira,2,0,0,0,0,0,0,0,0,0,2,0,0,0,0,060,2020-01-17 05:02:00+00:00,-15.908044652537315,-48.14496117600436
17/01/2020,04:51:00,393,sem vítima,9.0,BR-060/DF,Norte,Saida de Pista,1,0,0,0,0,0,0,0,0,0,1,0,0,0,0,060,2020-01-17 07:51:00+00:00,-15.906738448827172,-48.140497635744
22/01/2020,10:01:00,432,ac02 - Aci,6.682,BR-060/DF,Norte,Choque- Poste/Equipamento,1,0,0,0,0,0,0,0,0,0,0,1,0,0,0,060,2020-01-22 13:01:00+00:00,-15.900456302786417,-48.11987512828027
24/01/2020,06:58:00,504,ac02 - Aci,25.0,BR-060/DF,Norte,Capotamento,1,0,0,0,0,0,0,0,0,0,0,1,0,0,0,060,2020-01-24 09:58:00+00:00,-15.996666900982364,-48.2401083109208
25/01/2020,06:53:00,456,sem vítima,19.0,BR-060/DF,Norte,Choque - Elemento de Drenagem,1,0,0,0,0,0,0,0,0,0,1,0,0,0,0,060,2020-01-25 09:53:00+00:00,-15.974895370007726,-48.189626613849754
29/01/2020,06:25:00,66,ac02 - Aci,1.8,BR-060/DF,Norte,Choque- Poste/Equipamento,1,0,0,0,0,0,0,0,0,0,0,1,0,0,0,060,2020-01-29 09:25:00+00:00,-15.887358898237972,-48.07638976034672
01/02/2020,07:34:00,97,ac02 - Aci,16.65,BR-060/DF,Sul,Queda de Moto,0,0,0,1,0,0,0,0,0,0,0,2,0,0,0,060,2020-02-01 10:34:00+00:00,-15.958317015878661,-48.17622372520956
02/02/2020,04:04:00,31,ac02 - Aci,4.5,BR-060/DF,Norte,Queda de Moto,0,0,0,1,0,0,0,0,0,0,0,1,0,0,0,060,2020-02-02 07:04:00+00:00,-15.894601941264158,-48.100439780793714
06/02/2020,02:50:00,307,sem vítima,10.5,BR-060/DF,Sul,Tombamento,0,0,1,0,0,0,0,0,0,0,1,0,0,0,0,060,2020-02-06 05:50:00+00:00,-15.910794751494217,-48.15384651881411
08/02/2020,08:16:00,497,sem vítima,0.9,BR-060/DF,Sul,Atropelamento - Usuário,2,0,0,0,0,0,0,0,0,1,4,0,0,0,0,060,2020-02-08 11:16:00+00:00,-15.884942230109251,-48.0683739138099
08/02/2020,10:22:00,560,sem vítima,9.0,BR-060/DF,Norte,Queda de Moto,0,0,0,1,0,0,0,0,0,0,1,0,0,0,0,060,2020-02-08 13:22:00+00:00,-15.906738448827172,-48.140497635744
09/02/2020,05:16:00,456,sem vítima,4.0,BR-060/DF,Sul,Colisão Lateral,2,0,0,0,0,0,0,0,0,0,2,0,0,0,0,060,2020-02-09 08:16:00+00:00,-15.893259852449107,-48.09598631327878
10/02/2020,11:18:00,454,sem vítima,3.0,BR-060/DF,Norte,Colisão Lateral,1,0,0,1,0,0,0,0,0,0,2,0,0,0,0,060,2020-02-10 14:18:00+00:00,-15.890570424543295,-48.087081067044366
11/02/2020,05:21:00,64,sem vítima,4.15,BR-060/DF,Sul,Choque- Placa/Suporte Sinalização,0,0,0,0,0,0,0,0,0,1,3,0,0,0,0,060,2020-02-11 08:21:00+00:00,-15.89366418632255,-48.09732180884485
12/02/2020,01:10:00,343,sem vítima,27.0,BR-060/DF,Norte,Choque - Elemento de Drenagem,1,0,0,0,0,0,0,0,0,0,1,0,0,0,0,060,2020-02-12 04:10:00+00:00,-16.012633635837343,-48.24755169324156
14/02/2020,03:48:00,407,sem vítima,26.1,BR-060/DF,Norte,Capotamento,0,0,0,0,0,0,0,0,0,1,5,0,0,0,0,060,2020-02-14 06:48:00+00:00,-16.004738924444975,-48.24557849267564
16/02/2020,03:10:00,56,sem vítima,4.425,BR-060/DF,Norte,Choque - Outros,1,0,0,0,0,1,0,0,0,0,2,0,0,0,0,060,2020-02-16 06:10:00+00:00,-15.894403712136896,-48.09977076855994
21/02/2020,05:21:00,79,sem vítima,3.475,BR-060/DF,Sul,Choque- Poste/Equipamento,1,0,0,0,0,0,0,0,0,0,1,0,0,0,0,060,2020-02-21 08:21:00+00:00,-15.891849125506283,-48.09131064519346
21/02/2020,06:20:00,87,sem vítima,5.521,BR-060/DF,Norte,Engavetamento,3,0,0,0,0,0,0,0,0,0,4,0,0,0,0,060,2020-02-21 09:20:00+00:00,-15.897342305439873,-48.10953386502905
23/02/2020,11:35:00,211,ac02 - Aci,1.2,BR-060/DF,Norte,Choque- Poste/Equipamento,1,0,0,0,0,0,0,0,0,0,0,1,0,0,0,060,2020-02-23 14:35:00+00:00,-15.885747466223776,-48.07104598297108
23/02/2020,01:28:00,256,ac02 - Aci,3.1,BR-060/DF,Sul,Colisão Lateral,1,0,0,1,0,0,0,0,0,0,1,2,0,0,0,060,2020-02-23 04:28:00+00:00,-15.890837816067066,-48.08797208800573
24/02/2020,02:09:00,297,sem vítima,27.0,BR-060/DF,Sul,Saida de Pista,1,0,0,0,0,0,0,0,0,0,1,0,0,0,0,060,2020-02-24 05:09:00+00:00,-16.012633635837343,-48.24755169324156
24/02/2020,07:40:00,437,ac02 - Aci,12.0,BR-060/DF,Sul,Atropelamento de Animal,1,0,0,0,0,0,0,0,0,0,1,1,0,0,0,060,2020-02-24 10:40:00+00:00,-15.917950731309672,-48.164541812566426
25/02/2020,11:54:00,613,sem vítima,19.0,BR-060/DF,Norte,Saida de Pista,1,0,0,0,0,0,0,0,0,0,2,0,0,0,0,060,2020-02-25 14:54:00+00:00,-15.974895370007726,-48.189626613849754
29/02/2020,08:41:00,615,ac02 - Aci,7.0,BR-060/DF,Sul,Atropelamento - Outros,1,0,0,0,0,0,0,0,0,0,0,4,0,0,0,060,2020-02-29 11:41:00+00:00,-15.90132891731299,-48.122699735434956
02/03/2020,06:01:00,417,ac02 - Aci,9.615,BR-060/DF,Sul,Choque - Defensa,1,0,0,0,0,0,0,0,0,0,0,1,0,0,0,060,2020-03-02 09:01:00+00:00,-15.908356114786066,-48.14598459206165
03/03/2020,07:41:00,137,sem vítima,4.294,BR-060/DF,Norte,Engavetamento,1,0,0,2,0,0,0,0,0,0,3,0,0,0,0,060,2020-03-03 10:41:00+00:00,-15.894050095518642,-48.09860460328776
03/03/2020,11:59:00,394,sem vítima,4.0,BR-060/DF,Norte,Colisão Traseira,2,0,0,0,0,0,0,0,0,0,2,0,0,0,0,060,2020-03-03 14:59:00+00:00,-15.893259852449107,-48.09598631327878
06/03/2020,07:05:00,114,ac02 - Aci,0.0,BR-060/DF,Norte,Colisão Traseira,1,0,0,1,0,0,0,0,0,0,1,1,0,0,0,060,2020-03-06 10:05:00+00:00,-15.882538099999975,-48.060354719999964
06/03/2020,08:13:00,147,ac02 - Aci,29.0,BR-060/DF,Norte,Capotamento,0,0,0,0,0,0,0,0,0,1,1,1,0,0,0,060,2020-03-06 11:13:00+00:00,-16.029528313854414,-48.253355455172226
06/03/2020,08:26:00,156,sem vítima,5.0,BR-060/DF,Norte,Colisão Traseira,1,0,0,0,0,0,0,0,0,1,2,0,0,0,0,060,2020-03-06 11:26:00+00:00,-15.895941809050944,-48.10489399995692
07/03/2020,05:49:00,449,ac02 - Aci,24.537,BR-060/DF,Norte,Queda de Moto,0,0,0,1,0,0,0,0,0,0,0,1,0,0,0,060,2020-03-07 08:49:00+00:00,-15.994749552157632,-48.236268918624255
09/03/2020,06:33:00,484,sem vítima,0.0,BR-060/DF,Sul,Queda de Ciclista,1,0,0,1,0,0,0,0,0,0,3,0,0,0,0,060,2020-03-09 09:33:00+00:00,-15.882538099999975,-48.060354719999964
10/03/2020,09:09:00,175,ac02 - Aci,2.0,BR-060/DF,Sul,Colisão Traseira,1,0,0,1,0,0,0,0,0,0,1,1,0,0,0,060,2020-03-10 12:09:00+00:00,-15.887894398539888,-48.078171576973595
13/03/2020,08:53:00,135,ac02 - Aci,18.212,BR-060/DF,Norte,Capotamento,1,0,0,0,0,0,0,0,0,0,1,1,0,0,0,060,2020-03-13 11:53:00+00:00,-15.969806763181946,-48.184669764917786
14/03/2020,11:37:00,490,sem vítima,18.304,BR-060/DF,Sul,Colisão Traseira,1,0,0,1,0,0,0,0,0,0,3,0,0,0,0,060,2020-03-14 14:37:00+00:00,-15.970480496524576,-48.1851717776319
21/03/2020,08:31:00,313,sem vítima,2.285,BR-060/DF,Sul,Capotamento,1,0,0,0,0,0,0,0,0,0,4,0,0,0,0,060,2020-03-21 11:31:00+00:00,-15.888656939284491,-48.08071082305545
28/03/2020,11:39:00,409,ac02 - Aci,9.3,BR-060/DF,Norte,Colisão Lateral,1,0,0,1,0,0,0,0,0,0,2,1,0,0,0,060,2020-03-28 14:39:00+00:00,-15.907501647392431,-48.14318174198814
30/03/2020,12:15:00,206,sem vítima,28.0,BR-060/DF,Norte,Choque - Talude,1,0,0,0,0,0,0,0,0,0,1,0,0,0,0,060,2020-03-30 15:15:00+00:00,-16.021021519767856,-48.25081787423561
01/04/2020,08:08:00,403,sem vítima,24.0,BR-060/DF,Norte,Queda de Ciclista,0,1,0,0,0,0,0,0,0,0,1,0,0,0,0,060,2020-04-01 11:08:00+00:00,-15.992144413890477,-48.23207994070532
04/04/2020,09:26:00,418,ac02 - Aci,3.0,BR-060/DF,Sul,Capotamento,1,0,0,0,0,0,0,0,0,0,0,1,0,0,0,060,2020-04-04 12:26:00+00:00,-15.890570424543295,-48.087081067044366
07/04/2020,10:45:00,180,ac02 - Aci,1.5,BR-060/DF,Sul,Colisão Lateral,2,0,0,0,0,0,0,0,0,0,1,1,0,0,0,060,2020-04-07 13:45:00+00:00,-15.886551587787343,-48.07371840795247
08/04/2020,06:04:00,375,sem vítima,4.2,BR-060/DF,Sul,Colisão Lateral,1,0,1,0,0,0,0,0,0,0,2,0,0,0,0,060,2020-04-08 09:04:00+00:00,-15.893799337599853,-48.09776685692331
10/04/2020,11:33:00,188,sem vítima,12.0,BR-060/DF,Norte,Choque - Outros,2,0,0,0,0,0,0,0,0,0,2,0,0,0,0,060,2020-04-10 14:33:00+00:00,-15.917950731309672,-48.164541812566426
13/04/2020,06:35:00,376,sem vítima,9.0,BR-060/DF,Sul,Saida de Pista,0,0,1,0,0,0,0,0,0,0,2,0,0,0,0,060,2020-04-13 09:35:00+00:00,-15.906738448827172,-48.140497635744
14/04/2020,04:03:00,267,sem vítima,28.565,BR-060/DF,Norte,Saida de Pista,0,0,0,0,0,0,0,0,0,1,1,0,0,0,0,060,2020-04-14 07:03:00+00:00,-16.025613547298974,-48.25304707057727
15/04/2020,04:16:00,275,sem vítima,4.6,BR-060/DF,Sul,Choque - Arvore,1,0,1,0,0,0,0,0,0,0,2,0,0,0,0,060,2020-04-15 07:16:00+00:00,-15.894869312642035,-48.101330822990235
18/04/2020,03:19:00,234,ac02 - Aci,18.947,BR-060/DF,Norte,Capotamento,1,0,0,0,0,0,0,0,0,0,0,0,1,0,0,060,2020-04-18 06:19:00+00:00,-15.974710335713542,-48.18917077172204
19/04/2020,08:06:00,338,ac01 - Aci,1.05,BR-060/DF,Sul,Atropelamento - Morador,1,0,0,0,0,0,0,0,0,0,1,0,0,0,1,060,2020-04-19 11:06:00+00:00,-15.885346190450315,-48.06970951421915
20/04/2020,04:08:00,289,sem vítima,28.0,BR-060/DF,Norte,Choque - Talude,1,0,0,0,0,0,0,0,0,0,1,0,0,0,0,060,2020-04-20 07:08:00+00:00,-16.021021519767856,-48.25081787423561
21/04/2020,07:08:00,53,sem vítima,0.845,BR-060/DF,Norte,Colisão Traseira,2,0,0,0,0,0,0,0,0,0,4,0,0,0,0,060,2020-04-21 10:08:00+00:00,-15.884794949474019,-48.067883921446075
21/04/2020,08:57:00,361,sem vítima,19.0,BR-060/DF,Sul,Saida de Pista,1,0,0,0,0,0,0,0,0,0,1,0,0,0,0,060,2020-04-21 11:57:00+00:00,-15.974895370007726,-48.189626613849754
23/04/2020,02:38:00,286,ac01 - Aci,16.96,BR-060/DF,Norte,Engavetamento,2,0,1,0,0,0,0,0,0,0,2,0,0,0,1,060,2020-04-23 05:38:00+00:00,-15.960621617696116,-48.1778618999473
25/04/2020,04:56:00,38,sem vítima,2.1,BR-060/DF,Sul,Saida de Pista,1,0,0,0,0,0,0,0,0,0,2,0,0,0,0,060,2020-04-25 07:56:00+00:00,-15.888161990258,-48.079062537438205
26/04/2020,03:23:00,30,sem vítima,11.3,BR-060/DF,Norte,Saida de Pista,1,0,0,0,0,0,0,0,0,0,2,0,0,0,0,060,2020-04-26 06:23:00+00:00,-15.912989224463082,-48.160956053866
26/04/2020,10:42:00,407,ac02 - Aci,31.0,BR-060/DF,Norte,Colisão Traseira,1,0,1,0,0,0,0,0,0,0,1,2,0,0,0,060,2020-04-26 13:42:00+00:00,-16.046840191480747,-48.25744222853095
28/04/2020,06:55:00,58,ac02 - Aci,2.5,BR-060/DF,Norte,Choque - Veiculo parado no acostamento,1,0,0,1,0,0,0,0,0,0,1,1,0,0,0,060,2020-04-28 09:55:00+00:00,-15.889231878258785,-48.08262650352442
28/04/2020,03:49:00,319,sem vítima,2.885,BR-060/DF,Sul,Colisão Traseira,1,0,0,1,0,0,0,0,0,0,3,0,0,0,0,060,2020-04-28 06:49:00+00:00,-15.890264587172176,-48.08605587638368
30/04/2020,06:45:00,54,ac02 - Aci,9.0,BR-060/DF,Norte,Colisão Traseira,1,0,1,0,0,0,0,0,0,0,2,0,0,2,0,060,2020-04-30 09:45:00+00:00,-15.906738448827172,-48.140497635744
30/04/2020,07:25:00,85,sem vítima,9.0,BR-060/DF,Norte,Colisão Traseira,1,0,0,1,0,0,0,0,0,0,2,0,0,0,0,060,2020-04-30 10:25:00+00:00,-15.906738448827172,-48.140497635744
30/04/2020,07:25:00,86,ac02 - Aci,9.0,BR-060/DF,Norte,Queda de Moto,0,0,0,1,0,0,0,0,0,0,0,1,0,0,0,060,2020-04-30 10:25:00+00:00,-15.906738448827172,-48.140497635744
07/05/2020,02:18:00,285,sem vítima,5.0,BR-060/DF,Sul,Colisão Traseira,2,0,0,0,0,0,0,0,0,0,2,0,0,0,0,060,2020-05-07 05:18:00+00:00,-15.895941809050944,-48.10489399995692
08/05/2020,06:20:00,51,sem vítima,31.0,BR-060/DF,Sul,Saida de Pista,0,0,1,0,0,0,0,0,0,0,1,0,0,0,0,060,2020-05-08 09:20:00+00:00,-16.046840191480747,-48.25744222853095
10/05/2020,01:09:00,8,sem vítima,1.0,BR-060/DF,Sul,Choque - Arvore,1,0,0,0,0,0,0,0,0,0,1,0,0,0,0,060,2020-05-10 04:09:00+00:00,-15.885213402294612,-48.069263714026626
10/05/2020,08:12:00,357,ac02 - Aci,2.7,BR-060/DF,Sul,Colisão Traseira,1,0,0,1,0,0,0,0,0,0,5,0,1,0,0,060,2020-05-10 11:12:00+00:00,-15.889766670314438,-48.08440853581659
13/05/2020,04:14:00,281,sem vítima,3.362,BR-060/DF,Norte,Queda de Moto,0,0,0,1,0,0,0,0,0,0,1,0,0,0,0,060,2020-05-13 07:14:00+00:00,-15.891543226548539,-48.090304989068464
13/05/2020,04:38:00,292,sem vítima,2.115,BR-060/DF,Norte,Saida de Pista,1,0,0,0,0,0,0,0,0,0,1,0,0,0,0,060,2020-05-13 07:38:00+00:00,-15.888202466057153,-48.07919607329792
14/05/2020,06:48:00,411,sem vítima,30.8,BR-060/DF,Norte,Colisão Frontal,0,0,0,0,0,0,0,0,0,2,4,0,0,0,0,060,2020-05-14 09:48:00+00:00,-16.045153220247,-48.2567800154355
14/05/2020,08:51:00,450,sem vítima,9.546,BR-060/DF,Sul,Queda de Ciclista,0,0,0,1,0,0,0,0,0,0,1,0,0,0,0,060,2020-05-14 11:51:00+00:00,-15.908166914944227,-48.145371294645365
15/05/2020,11:29:00,209,sem vítima,5.0,BR-060/DF,Sul,Colisão Traseira,2,0,0,0,0,0,0,0,0,0,3,0,0,0,0,060,2020-05-15 14:29:00+00:00,-15.895941809050944,-48.10489399995692
18/05/2020,06:06:00,371,ac02 - Aci,7.5,BR-060/DF,Norte,Colisão Lateral,0,0,0,0,1,0,0,0,0,1,1,1,0,0,0,060,2020-05-18 09:06:00+00:00,-15.902678003020497,-48.12715102585907
20/05/2020,12:28:00,220,ac02 - Aci,8.355,BR-060/DF,Sul,Capotamento,1,0,0,0,0,0,0,0,0,0,0,1,0,0,0,060,2020-05-20 15:28:00+00:00,-15.90498987893727,-48.13475816025377
24/05/2020,06:20:00,224,sem vítima,0.4,BR-060/DF,Norte,Colisão Traseira,0,0,0,1,0,1,0,0,0,0,2,0,0,0,0,060,2020-05-24 09:20:00+00:00,-15.883611169623782,-48.06391702247983
25/05/2020,01:12:00,8,sem vítima,2.348,BR-060/DF,Norte,Choque - Arvore,1,0,0,0,0,0,0,0,0,0,1,0,0,0,0,060,2020-05-25 04:12:00+00:00,-15.888823959283458,-48.08127262712782
26/05/2020,10:48:00,193,sem vítima,9.0,BR-060/DF,Norte,Saida de Pista,0,0,1,0,0,0,0,0,0,0,1,0,0,0,0,060,2020-05-26 13:48:00+00:00,-15.906738448827172,-48.140497635744
27/05/2020,08:37:00,119,sem vítima,21.0,BR-060/DF,Sul,Saida de Pista,0,0,1,0,0,0,0,0,0,0,1,0,0,0,0,060,2020-05-27 11:37:00+00:00,-15.980282887787558,-48.20723244241915
02/06/2020,10:32:00,165,ac02 - Aci,2.0,BR-060/DF,Sul,Capotamento,0,0,0,0,0,0,0,0,0,1,0,1,0,0,0,060,2020-06-02 13:32:00+00:00,-15.887894398539888,-48.078171576973595
04/06/2020,08:03:00,130,sem vítima,5.0,BR-060/DF,Sul,Choque- Poste/Equipamento,0,0,1,0,0,0,0,0,0,0,1,0,0,0,0,060,2020-06-04 11:03:00+00:00,-15.895941809050944,-48.10489399995692
04/06/2020,11:08:00,285,sem vítima,3.0,BR-060/DF,Norte,Colisão Lateral,2,0,0,0,0,0,0,0,0,0,3,0,0,0,0,060,2020-06-04 14:08:00+00:00,-15.890570424543295,-48.087081067044366
07/06/2020,09:58:00,220,ac02 - Aci,7.0,BR-060/DF,Sul,Colisão Traseira,2,0,0,0,0,0,0,0,0,0,2,0,1,0,0,060,2020-06-07 12:58:00+00:00,-15.90132891731299,-48.122699735434956
07/06/2020,11:04:00,276,sem vítima,6.5,BR-060/DF,Sul,Engavetamento,3,0,0,0,0,0,0,0,0,0,3,0,0,0,0,060,2020-06-07 14:04:00+00:00,-15.899984212662646,-48.11824935279593
07/06/2020,06:41:00,523,sem vítima,16.0,BR-060/DF,Norte,Colisão Lateral,0,0,0,1,0,1,0,0,0,0,2,0,0,0,0,060,2020-06-07 09:41:00+00:00,-15.95270730521758,-48.174474751029436
07/06/2020,07:28:00,550,ac02 - Aci,15.0,BR-060/DF,Norte,Colisão Traseira,1,0,0,1,0,0,0,0,0,0,1,0,1,0,0,060,2020-06-07 10:28:00+00:00,-15.944004953122208,-48.17199298206615
09/06/2020,09:04:00,175,sem vítima,3.0,BR-060/DF,Sul,Colisão Traseira,2,0,0,0,0,0,0,0,0,0,2,0,0,0,0,060,2020-06-09 12:04:00+00:00,-15.890570424543295,-48.087081067044366
10/06/2020,06:06:00,55,sem vítima,22.637,BR-060/DF,Sul,Saida de Pista,1,0,0,0,0,0,0,0,0,0,1,0,0,0,0,060,2020-06-10 09:06:00+00:00,-15.987055341963313,-48.22081026743204
12/06/2020,07:45:00,119,ac02 - Aci,3.0,BR-060/DF,Norte,Colisão Traseira,2,0,0,1,0,0,0,0,0,0,5,1,0,0,0,060,2020-06-12 10:45:00+00:00,-15.890570424543295,-48.087081067044366
14/06/2020,06:31:00,358,sem vítima,9.0,BR-060/DF,Norte,Colisão Traseira,2,0,0,0,0,0,0,0,0,0,5,0,0,0,0,060,2020-06-14 09:31:00+00:00,-15.906738448827172,-48.140497635744
15/06/2020,02:23:00,397,sem vítima,30.0,BR-060/DF,Norte,Colisão Traseira,0,0,2,0,0,0,0,0,0,0,2,0,0,0,0,060,2020-06-15 05:23:00+00:00,-16.038044280533132,-48.255773204625484
16/06/2020,07:34:00,617,sem vítima,18.0,BR-060/DF,Sul,Colisão Traseira,1,0,0,0,0,1,0,0,0,0,5,0,0,0,0,060,2020-06-16 10:34:00+00:00,-15.968248777029663,-48.18352085268955
16/06/2020,11:41:00,717,sem vítima,23.0,BR-060/DF,Norte,Choque- Placa/Suporte Sinalização,0,0,0,1,0,0,0,0,0,0,1,0,0,0,0,060,2020-06-16 14:41:00+00:00,-15.988437429591501,-48.223876027201335
18/06/2020,07:59:00,81,ac01 - Aci,0.7,BR-060/DF,Sul,Queda de Moto,0,0,1,1,0,0,0,0,0,0,1,0,0,0,1,060,2020-06-18 10:59:00+00:00,-15.88441136310356,-48.066590640897275
20/06/2020,01:13:00,334,ac02 - Aci,26.0,BR-060/DF,Norte,Queda de Ciclista,1,0,0,1,0,0,0,0,0,0,1,1,0,0,0,060,2020-06-20 04:13:00+00:00,-16.00389849375887,-48.24523829325778
21/06/2020,11:58:00,211,ac02 - Aci,19.103,BR-060/DF,Norte,Capotamento,1,0,0,0,0,0,0,0,0,0,0,0,1,0,0,060,2020-06-21 14:58:00+00:00,-15.975129725720825,-48.19055526439306
25/06/2020,07:39:00,437,sem vítima,7.0,BR-060/DF,Norte,Colisão Traseira,2,0,0,0,0,0,0,0,0,0,2,0,0,0,0,060,2020-06-25 10:39:00+00:00,-15.90132891731299,-48.122699735434956
27/06/2020,12:00:00,289,ac02 - Aci,21.0,BR-060/DF,Norte,Saida de Pista,1,0,0,0,0,0,0,0,0,0,2,0,1,0,0,060,2020-06-27 15:00:00+00:00,-15.980282887787558,-48.20723244241915
28/06/2020,10:09:00,162,sem vítima,4.5,BR-060/DF,Sul,Capotamento,1,0,0,0,0,0,0,0,0,0,3,0,0,0,0,060,2020-06-28 13:09:00+00:00,-15.894601941264158,-48.100439780793714
01/07/2020,07:24:00,73,sem vítima,3.0,BR-060/DF,Norte,Engavetamento,3,0,0,0,0,0,0,0,0,0,5,0,0,0,0,060,2020-07-01 10:24:00+00:00,-15.890570424543295,-48.087081067044366
01/07/2020,07:48:00,93,sem vítima,4.0,BR-060/DF,Norte,Colisão Traseira,2,0,0,0,0,0,0,0,0,0,3,0,0,0,0,060,2020-07-01 10:48:00+00:00,-15.893259852449107,-48.09598631327878
03/07/2020,06:46:00,401,ac02 - Aci,4.0,BR-060/DF,Norte,Colisão Traseira,1,0,0,1,0,0,0,0,0,0,1,1,0,0,0,060,2020-07-03 09:46:00+00:00,-15.893259852449107,-48.09598631327878
04/07/2020,06:51:00,54,sem vítima,5.0,BR-060/DF,Sul,Saida de Pista,1,0,0,0,0,0,0,0,0,0,1,0,0,0,0,060,2020-07-04 09:51:00+00:00,-15.895941809050944,-48.10489399995692
04/07/2020,11:39:00,416,ac02 - Aci,16.0,BR-060/DF,Sul,Colisão Traseira,2,0,0,0,0,0,0,0,0,0,2,1,0,0,0,060,2020-07-04 14:39:00+00:00,-15.95270730521758,-48.174474751029436
05/07/2020,04:25:00,35,sem vítima,14.0,BR-060/DF,Sul,Capotamento,1,0,0,0,0,0,0,0,0,0,4,0,0,0,0,060,2020-07-05 07:25:00+00:00,-15.935302713590612,-48.169510831519545
05/07/2020,04:19:00,303,sem vítima,4.6,BR-060/DF,Norte,Colisão Lateral,2,0,0,0,0,0,0,0,0,0,4,0,0,0,0,060,2020-07-05 07:19:00+00:00,-15.894869312642035,-48.101330822990235
10/07/2020,01:14:00,266,ac02 - Aci,4.0,BR-060/DF,Sul,Atropelamento - Usuário,1,0,0,0,0,0,0,0,0,0,1,0,0,1,0,060,2020-07-10 04:14:00+00:00,-15.893259852449107,-48.09598631327878
11/07/2020,06:49:00,367,ac02 - Aci,28.0,BR-060/DF,Sul,Colisão Frontal,1,0,1,0,0,0,0,0,0,0,2,0,0,1,0,060,2020-07-11 09:49:00+00:00,-16.021021519767856,-48.25081787423561
19/07/2020,06:35:00,425,sem vítima,3.0,BR-060/DF,Norte,Colisão Traseira,1,0,0,1,0,0,0,0,0,0,2,0,0,0,0,060,2020-07-19 09:35:00+00:00,-15.890570424543295,-48.087081067044366
25/07/2020,12:33:00,252,sem vítima,5.791,BR-060/DF,Sul,Colisão Lateral,1,0,1,0,0,0,0,0,0,0,2,0,0,0,0,060,2020-07-25 15:33:00+00:00,-15.89807526685841,-48.111936105247096
25/07/2020,04:29:00,358,ac01 - Aci,23.662,BR-060/DF,Sul,Capotamento,1,0,0,0,0,0,0,0,0,0,0,0,0,1,1,060,2020-07-25 07:29:00+00:00,-15.990081099391727,-48.229759605281
29/07/2020,09:30:00,147,sem vítima,11.073,BR-060/DF,Norte,Colisão Traseira,0,0,2,0,0,0,0,0,0,0,3,0,0,0,0,060,2020-07-29 12:30:00+00:00,-15.912343514653859,-48.15894691870621
01/08/2020,03:10:00,47,ac03 - Aci,19.0,BR-060/DF,Sul,Saida de Pista,1,0,0,0,0,0,0,0,0,0,1,0,0,0,0,060,2020-08-01 06:10:00+00:00,-15.974895370007726,-48.189626613849754
05/08/2020,06:54:00,65,ac02 - Aci,9.479,BR-060/DF,Norte,Engavetamento,3,0,0,0,0,0,0,0,0,0,2,1,0,0,0,060,2020-08-05 09:54:00+00:00,-15.907987644758954,-48.14477433047756
05/08/2020,07:07:00,70,ac03 - Aci,9.673,BR-060/DF,Norte,Colisão Traseira,2,0,0,0,0,0,0,0,0,0,2,0,0,0,0,060,2020-08-05 10:07:00+00:00,-15.908513518579309,-48.146500651308486
05/08/2020,07:25:00,77,ac02 - Aci,10.464,BR-060/DF,Norte,Colisão Traseira,1,0,0,1,0,0,0,0,0,0,1,2,0,0,0,060,2020-08-05 10:25:00+00:00,-15.910697178942025,-48.153526160967814
08/08/2020,01:07:00,267,ac03 - Aci,11.0,BR-060/DF,Sul,Colisão Lateral,2,0,0,0,0,0,0,0,0,0,2,0,0,0,0,060,2020-08-08 04:07:00+00:00,-15.91214363530004,-48.1582979635198