data,horario,n_da_ocorrencia,tipo_de_ocorrencia,km,trecho,sentido,tipo_de_acidente,automovel,bicicleta,caminhao,moto,onibus,outros,tracao_animal,transporte_de_cargas_especiais,trator_maquinas,utilitarios,ilesos,levemente_feridos,moderadamente_feridos,gravemente_feridos,mortos,vl_br,timestamp_utc,latitude_acidente,longitude_acidente
08/08/2020,09:04:00,486,ac03 - Aci,4.0,BR-060/DF,Sul,Colisão Lateral,2,0,0,0,0,0,0,0,0,0,2,0,0,0,0,060,2020-08-08 12:04:00+00:00,-15.893259852449107,-48.09598631327878
10/08/2020,08:40:00,97,ac03 - Aci,3.0,BR-060/DF,Sul,Tombamento,0,0,1,0,0,0,0,0,0,0,2,0,0,0,0,060,2020-08-10 11:40:00+00:00,-15.890570424543295,-48.087081067044366
14/08/2020,05:22:00,409,ac03 - Aci,15.0,BR-060/DF,Norte,Tombamento,1,0,0,0,0,0,0,0,0,0,1,0,0,0,0,060,2020-08-14 08:22:00+00:00,-15.944004953122208,-48.17199298206615
16/08/2020,06:47:00,392,ac02 - Aci,9.0,BR-060/DF,Norte,Colisão Traseira,1,0,1,0,0,0,0,0,0,0,3,0,1,0,0,060,2020-08-16 09:47:00+00:00,-15.906738448827172,-48.140497635744
18/08/2020,09:44:00,503,ac02 - Aci,9.0,BR-060/DF,Norte,Capotamento,1,0,0,0,0,0,0,0,0,0,0,1,0,0,0,060,2020-08-18 12:44:00+00:00,-15.906738448827172,-48.140497635744
19/08/2020,03:33:00,44,ac03 - Aci,11.0,BR-060/DF,Sul,Saida de Pista,1,0,0,0,0,0,0,0,0,0,1,0,0,0,0,060,2020-08-19 06:33:00+00:00,-15.91214363530004,-48.1582979635198
19/08/2020,08:57:00,480,ac03 - Aci,31.0,BR-060/DF,Norte,Colisão Traseira,2,0,0,0,0,0,0,0,0,0,2,0,0,0,0,060,2020-08-19 11:57:00+00:00,-16.046840191480747,-48.25744222853095
24/08/2020,08:39:00,117,ac02 - Aci,0.8,BR-060/DF,Norte,Colisão Traseira,1,0,0,1,0,0,0,0,0,0,1,1,0,0,0,060,2020-08-24 11:39:00+00:00,-15.884674016108828,-48.067483157785965
24/08/2020,12:02:00,229,ac03 - Aci,4.0,BR-060/DF,Norte,Colisão Lateral,2,0,0,0,0,0,0,0,0,0,2,0,0,0,0,060,2020-08-24 15:02:00+00:00,-15.893259852449107,-48.09598631327878
24/08/2020,06:16:00,418,ac02 - Aci,6.0,BR-060/DF,Sul,Queda de Moto,1,0,0,1,0,0,0,0,0,0,1,1,0,0,0,060,2020-08-24 09:16:00+00:00,-15.898636978479185,-48.11379745322939
26/08/2020,09:31:00,510,ac03 - Aci,2.0,BR-060/DF,Norte,Saida de Pista,1,0,1,0,0,0,0,0,0,0,2,0,0,0,0,060,2020-08-26 12:31:00+00:00,-15.887894398539888,-48.078171576973595
27/08/2020,11:02:00,216,ac02 - Aci,6.0,BR-060/DF,Sul,Colisão Traseira,0,0,0,1,1,0,0,0,0,0,1,0,1,0,0,060,2020-08-27 14:02:00+00:00,-15.898636978479185,-48.11379745322939
31/08/2020,01:46:00,289,ac03 - Aci,4.0,BR-060/DF,Sul,Colisão Lateral,1,0,1,0,0,0,0,0,0,0,4,0,0,0,0,060,2020-08-31 04:46:00+00:00,-15.893259852449107,-48.09598631327878
01/09/2020,05:21:00,56,ac03 - Aci,14.0,BR-060/DF,Norte,Colisão Lateral,0,0,2,0,0,0,0,0,0,0,2,0,0,0,0,060,2020-09-01 08:21:00+00:00,-15.935302713590612,-48.169510831519545
01/09/2020,02:19:00,286,ac02 - Aci,4.312,BR-060/DF,Norte,Colisão Traseira,2,0,0,0,0,0,0,0,0,0,1,1,0,0,0,060,2020-09-01 05:19:00+00:00,-15.894098832101273,-48.09876479375593
04/09/2020,07:04:00,80,ac02 - Aci,8.7,BR-060/DF,Norte,Colisão Traseira,2,0,0,0,0,0,0,0,0,0,3,1,0,0,0,060,2020-09-04 10:04:00+00:00,-15.905924746450424,-48.13782822878981
05/09/2020,10:56:00,560,ac03 - Aci,5.0,BR-060/DF,Sul,Queda de Moto,0,0,0,1,0,0,0,0,0,0,1,0,0,0,0,060,2020-09-05 13:56:00+00:00,-15.895941809050944,-48.10489399995692
06/09/2020,07:12:00,67,ac02 - Aci,11.252,BR-060/DF,Norte,Colisão Lateral,2,0,0,0,0,0,0,0,0,0,5,1,0,0,0,060,2020-09-06 10:12:00+00:00,-15.91283516317117,-48.160537633044065
06/09/2020,07:35:00,366,ac02 - Aci,11.0,BR-060/DF,Norte,Atropelamento de Animal,0,0,0,1,0,0,0,0,0,0,0,0,1,1,0,060,2020-09-06 10:35:00+00:00,-15.91214363530004,-48.1582979635198
07/09/2020,04:15:00,359,ac03 - Aci,2.0,BR-060/DF,Sul,Colisão Traseira,2,0,0,0,0,0,0,0,0,0,3,0,0,0,0,060,2020-09-07 07:15:00+00:00,-15.887894398539888,-48.078171576973595
07/09/2020,06:45:00,464,ac03 - Aci,4.0,BR-060/DF,Sul,Engavetamento,4,0,0,0,0,0,0,0,0,0,4,0,0,0,0,060,2020-09-07 09:45:00+00:00,-15.893259852449107,-48.09598631327878
12/09/2020,03:16:00,346,ac02 - Aci,21.0,BR-060/DF,Norte,Queda de Moto,0,0,0,1,0,0,0,0,0,0,0,1,0,0,0,060,2020-09-12 06:16:00+00:00,-15.980282887787558,-48.20723244241915
12/09/2020,08:45:00,500,ac03 - Aci,9.0,BR-060/DF,Sul,Atropelamento de Animal,0,0,1,0,0,0,0,0,0,0,1,0,0,0,0,060,2020-09-12 11:45:00+00:00,-15.906738448827172,-48.140497635744
13/09/2020,05:14:00,332,ac02 - Aci,4.4,BR-060/DF,Norte,Capotamento,1,0,0,0,0,0,0,0,0,1,1,1,0,0,0,060,2020-09-13 08:14:00+00:00,-15.894336626583348,-48.099548091839104
14/09/2020,07:33:00,431,ac03 - Aci,4.5,BR-060/DF,Sul,Capotamento,2,0,0,0,0,0,0,0,0,0,2,0,0,0,0,060,2020-09-14 10:33:00+00:00,-15.894601941264158,-48.100439780793714
15/09/2020,08:51:00,469,ac03 - Aci,0.0,BR-060/DF,Sul,Colisão Lateral,1,0,1,0,0,0,0,0,0,0,2,0,0,0,0,060,2020-09-15 11:51:00+00:00,-15.882538099999975,-48.060354719999964
17/09/2020,05:48:00,361,ac02 - Aci,11.0,BR-060/DF,Sul,Queda de Moto,0,0,0,1,0,0,0,0,0,0,0,1,0,0,0,060,2020-09-17 08:48:00+00:00,-15.91214363530004,-48.1582979635198
18/09/2020,10:24:00,180,ac03 - Aci,20.0,BR-060/DF,Sul,Tombamento,0,0,1,0,0,0,0,0,0,0,1,0,0,0,0,060,2020-09-18 13:24:00+00:00,-15.976474517957563,-48.19880946279917
19/09/2020,05:50:00,457,ac03 - Aci,28.0,BR-060/DF,Sul,Capotamento,1,0,0,0,0,0,0,0,0,0,1,0,0,0,0,060,2020-09-19 08:50:00+00:00,-16.021021519767856,-48.25081787423561
21/09/2020,04:10:00,51,ac02 - Aci,4.0,BR-060/DF,Sul,Colisão Traseira,1,0,0,1,0,0,0,0,0,0,1,1,0,0,0,060,2020-09-21 07:10:00+00:00,-15.893259852449107,-48.09598631327878
21/09/2020,05:19:00,314,ac02 - Aci,24.0,BR-060/DF,Sul,Queda de Moto,0,0,0,1,0,0,0,0,0,0,0,1,0,0,0,060,2020-09-21 08:19:00+00:00,-15.992144413890477,-48.23207994070532
21/09/2020,05:58:00,330,ac03 - Aci,5.0,BR-060/DF,Sul,Tombamento,0,0,1,0,0,0,0,0,0,0,1,0,0,0,0,060,2020-09-21 08:58:00+00:00,-15.895941809050944,-48.10489399995692
22/09/2020,04:38:00,268,ac03 - Aci,4.6,BR-060/DF,Norte,Colisão Lateral,2,0,0,0,0,0,0,0,0,0,2,0,0,0,0,060,2020-09-22 07:38:00+00:00,-15.894869312642035,-48.101330822990235
23/09/2020,12:11:00,6,ac03 - Aci,28.5,BR-060/DF,Norte,Capotamento,0,0,1,0,0,0,0,0,0,1,2,0,0,0,0,060,2020-09-23 15:11:00+00:00,-16.025040296596266,-48.25291936067039
27/09/2020,04:12:00,299,ac02 - Aci,4.0,BR-060/DF,Norte,Colisão Traseira,2,0,1,0,0,0,0,0,0,0,4,0,0,4,0,060,2020-09-27 07:12:00+00:00,-15.893259852449107,-48.09598631327878
27/09/2020,05:21:00,330,ac02 - Aci,8.0,BR-060/DF,Norte,Colisão Traseira,2,0,0,0,0,0,0,0,0,0,3,1,0,0,0,060,2020-09-27 08:21:00+00:00,-15.904031616731608,-48.13159786817079
27/09/2020,07:23:00,383,ac03 - Aci,4.0,BR-060/DF,Sul,Colisão Traseira,2,0,0,0,0,0,0,0,0,0,2,0,0,0,0,060,2020-09-27 10:23:00+00:00,-15.893259852449107,-48.09598631327878
30/09/2020,07:51:00,80,ac02 - Aci,26.961,BR-060/DF,Norte,Colisão Traseira,0,0,1,0,0,0,0,0,0,1,2,0,2,1,0,060,2020-09-30 10:51:00+00:00,-16.012291009558684,-48.24746804189985
02/10/2020,09:49:00,165,ac03 - Aci,4.0,BR-060/DF,Norte,Colisão Traseira,2,0,0,0,0,0,0,0,0,0,2,0,0,0,0,060,2020-10-02 12:49:00+00:00,-15.893259852449107,-48.09598631327878
02/10/2020,07:35:00,497,ac03 - Aci,3.0,BR-060/DF,Sul,Colisão Lateral,1,0,0,1,0,0,0,0,0,0,3,0,0,0,0,060,2020-10-02 10:35:00+00:00,-15.890570424543295,-48.087081067044366
04/10/2020,02:45:00,47,ac02 - Aci,0.0,BR-060/DF,Sul,Choque - Outros,1,0,0,0,0,0,0,0,0,0,0,1,1,0,0,060,2020-10-04 05:45:00+00:00,-15.882538099999975,-48.060354719999964
06/10/2020,11:19:00,204,ac03 - Aci,3.0,BR-060/DF,Norte,Colisão Lateral,1,0,0,1,0,0,0,0,0,0,2,0,0,0,0,060,2020-10-06 14:19:00+00:00,-15.890570424543295,-48.087081067044366
09/10/2020,03:32:00,31,ac03 - Aci,3.0,BR-060/DF,Sul,Choque- Poste/Equipamento,1,0,0,0,0,0,0,0,0,0,1,0,0,0,0,060,2020-10-09 06:32:00+00:00,-15.890570424543295,-48.087081067044366
09/10/2020,05:25:00,57,ac02 - Aci,2.0,BR-060/DF,Sul,Choque - Arvore,1,0,0,0,0,0,0,0,0,0,0,1,0,0,0,060,2020-10-09 08:25:00+00:00,-15.887894398539888,-48.078171576973595
11/10/2020,08:28:00,118,ac03 - Aci,30.0,BR-060/DF,Sul,Colisão Traseira,1,0,2,0,0,0,0,0,0,0,3,0,0,0,0,060,2020-10-11 11:28:00+00:00,-16.038044280533132,-48.255773204625484
13/10/2020,04:40:00,347,ac03 - Aci,10.0,BR-060/DF,Norte,Choque - Elemento de Drenagem,2,0,0,0,0,0,0,0,0,0,2,0,0,0,0,060,2020-10-13 07:40:00+00:00,-15.909433209563039,-48.149399239139086
16/10/2020,08:48:00,466,ac03 - Aci,9.0,BR-060/DF,Sul,Capotamento,1,0,0,0,0,0,0,0,0,0,1,0,0,0,0,060,2020-10-16 11:48:00+00:00,-15.906738448827172,-48.140497635744
17/10/2020,09:37:00,136,ac02 - Aci,17.0,BR-060/DF,Norte,Capotamento,1,0,0,0,0,0,0,0,0,0,0,0,0,1,0,060,2020-10-17 12:37:00+00:00,-15.960913976370524,-48.17808097568499
18/10/2020,06:42:00,446,ac03 - Aci,8.0,BR-060/DF,Sul,Choque - Outros,0,0,1,0,0,0,0,0,0,0,1,0,0,0,0,060,2020-10-18 09:42:00+00:00,-15.904031616731608,-48.13159786817079
19/10/2020,12:43:00,253,ac03 - Aci,15.651,BR-060/DF,Sul,Colisão Traseira,2,0,0,0,0,0,0,0,0,0,2,0,0,0,0,060,2020-10-19 15:43:00+00:00,-15.949669965972593,-48.17360941445481
20/10/2020,08:07:00,98,ac03 - Aci,4.321,BR-060/DF,Sul,Colisão Traseira,2,0,0,0,0,0,0,0,0,0,2,0,0,0,0,060,2020-10-20 11:07:00+00:00,-15.894123362701858,-48.09884483633083
21/10/2020,07:29:00,382,ac03 - Aci,28.0,BR-060/DF,Norte,Tombamento,1,0,0,0,0,0,0,0,0,0,1,0,0,0,0,060,2020-10-21 10:29:00+00:00,-16.021021519767856,-48.25081787423561
23/10/2020,01:59:00,275,ac03 - Aci,27.521,BR-060/DF,Sul,Capotamento,1,0,0,0,0,0,0,0,0,0,2,0,0,0,0,060,2020-10-23 04:59:00+00:00,-16.017185445606252,-48.248764172833376
24/10/2020,06:51:00,79,ac03 - Aci,22.862,BR-060/DF,Norte,Choque- Poste/Equipamento,1,0,0,0,0,0,0,0,0,0,2,0,0,0,0,060,2020-10-24 09:51:00+00:00,-15.987980300523784,-48.22267961012397
30/10/2020,06:55:00,437,ac02 - Aci,29.0,BR-060/DF,Sul,Colisão Lateral,0,0,0,1,0,1,0,0,0,0,1,1,0,0,0,060,2020-10-30 09:55:00+00:00,-16.029528313854414,-48.253355455172226
31/10/2020,08:11:00,144,ac02 - Aci,3.181,BR-060/DF,Sul,Colisão Traseira,1,0,0,0,1,0,0,0,0,0,1,1,0,0,0,060,2020-10-31 11:11:00+00:00,-15.891057139278761,-48.08869293440637
31/10/2020,09:10:00,178,ac03 - Aci,26.846,BR-060/DF,Sul,Choque - Elemento de Drenagem,1,0,0,0,0,1,0,0,0,0,2,0,0,0,0,060,2020-10-31 12:10:00+00:00,-16.011281495561878,-48.24721794580077
01/11/2020,05:48:00,68,ac02 - Aci,28.611,BR-060/DF,Norte,Capotamento,1,0,0,0,0,0,0,0,0,0,0,0,1,1,0,060,2020-11-01 08:48:00+00:00,-16.026025695641923,-48.253098651978185
01/11/2020,04:43:00,407,ac02 - Aci,2.913,BR-060/DF,Norte,Colisão Traseira,1,0,0,1,0,0,0,0,0,0,1,1,0,0,0,060,2020-11-01 07:43:00+00:00,-15.890339822487967,-48.08630524623425
05/11/2020,07:51:00,121,ac02 - Aci,2.392,BR-060/DF,Norte,Queda de Moto,0,0,0,1,0,0,0,0,0,0,0,1,0,0,0,060,2020-11-05 10:51:00+00:00,-15.888941441776545,-48.08166473091528
06/11/2020,08:23:00,502,ac03 - Aci,8.0,BR-060/DF,Sul,Tombamento,0,0,1,0,0,0,0,0,0,0,1,0,0,0,0,060,2020-11-06 11:23:00+00:00,-15.904031616731608,-48.13159786817079
08/11/2020,02:16:00,24,ac02 - Aci,12.0,BR-060/DF,Norte,Colisão Frontal,1,0,0,1,0,0,0,0,0,0,1,1,0,0,0,060,2020-11-08 05:16:00+00:00,-15.917950731309672,-48.164541812566426
09/11/2020,05:12:00,45,ac03 - Aci,11.3,BR-060/DF,Norte,Saida de Pista,1,0,0,0,0,0,0,0,0,0,1,0,0,0,0,060,2020-11-09 08:12:00+00:00,-15.912989224463082,-48.160956053866
10/11/2020,01:42:00,12,ac03 - Aci,26.7,BR-060/DF,Norte,Saida de Pista,1,0,0,0,0,0,0,0,0,0,3,0,0,0,0,060,2020-11-10 04:42:00+00:00,-16.009998941043463,-48.246904370819735
11/11/2020,03:27:00,317,ac03 - Aci,5.0,BR-060/DF,Sul,Engavetamento,3,0,0,0,0,0,0,0,0,0,3,0,0,0,0,060,2020-11-11 06:27:00+00:00,-15.895941809050944,-48.10489399995692
12/11/2020,05:43:00,371,ac03 - Aci,6.6,BR-060/DF,Norte,Choque- Poste/Equipamento,1,0,0,0,0,0,0,0,0,0,1,0,0,0,0,060,2020-11-12 08:43:00+00:00,-15.900256620687816,-48.119138773247066
13/11/2020,08:03:00,407,ac03 - Aci,3.0,BR-060/DF,Sul,Colisão Traseira,1,0,0,1,0,0,0,0,0,0,4,0,0,0,0,060,2020-11-13 11:03:00+00:00,-15.890570424543295,-48.087081067044366
13/11/2020,09:30:00,445,ac03 - Aci,0.6,BR-060/DF,Sul,Colisão Traseira,2,0,0,0,0,0,0,0,0,0,2,0,0,0,0,060,2020-11-13 12:30:00+00:00,-15.884147806704117,-48.06569840574922
14/11/2020,10:55:00,203,ac02 - Aci,25.0,BR-060/DF,Norte,Colisão Lateral,1,0,0,0,0,1,0,0,0,0,1,1,0,0,0,060,2020-11-14 13:55:00+00:00,-15.996666900982364,-48.2401083109208
14/11/2020,12:22:00,237,ac03 - Aci,27.0,BR-060/DF,Norte,Saida de Pista,1,0,0,0,0,0,0,0,0,0,1,0,0,0,0,060,2020-11-14 15:22:00+00:00,-16.012633635837343,-48.24755169324156
15/11/2020,02:37:00,214,ac02 - Aci,19.0,BR-060/DF,Norte,Queda de Ciclista,0,1,0,0,0,0,0,0,0,0,0,1,0,0,0,060,2020-11-15 05:37:00+00:00,-15.974895370007726,-48.189626613849754
15/11/2020,03:08:00,229,ac03 - Aci,3.0,BR-060/DF,Sul,Colisão Lateral,2,0,0,0,0,0,0,0,0,0,2,0,0,0,0,060,2020-11-15 06:08:00+00:00,-15.890570424543295,-48.087081067044366
16/11/2020,01:28:00,246,ac03 - Aci,27.754,BR-060/DF,Sul,Saida de Pista,1,0,0,0,0,0,0,0,0,0,1,0,0,0,0,060,2020-11-16 04:28:00+00:00,-16.019080212559736,-48.249703107947205
16/11/2020,05:58:00,358,ac03 - Aci,16.0,BR-060/DF,Norte,Colisão Traseira,2,0,0,0,0,0,0,0,0,0,2,0,0,0,0,060,2020-11-16 08:58:00+00:00,-15.95270730521758,-48.174474751029436
16/11/2020,08:01:00,408,ac03 - Aci,8.54,BR-060/DF,Norte,Carreta deu L,0,0,1,0,0,0,0,0,0,0,1,0,0,0,0,060,2020-11-16 11:01:00+00:00,-15.905489473732853,-48.136404977831496
17/11/2020,07:15:00,79,ac03 - Aci,24.0,BR-060/DF,Norte,Capotamento,1,0,0,0,0,0,0,0,0,0,1,0,0,0,0,060,2020-11-17 10:15:00+00:00,-15.992144413890477,-48.23207994070532
19/11/2020,06:58:00,91,ac03 - Aci,11.0,BR-060/DF,Norte,Queda de Moto,0,0,0,1,0,0,0,0,0,0,1,0,0,0,0,060,2020-11-19 09:58:00+00:00,-15.91214363530004,-48.1582979635198
22/11/2020,08:52:00,123,ac03 - Aci,1.0,BR-060/DF,Norte,Capotamento,1,0,0,0,0,0,0,0,0,0,1,0,0,0,0,060,2020-11-22 11:52:00+00:00,-15.885213402294612,-48.069263714026626
27/11/2020,01:31:00,206,ac03 - Aci,30.3,BR-060/DF,Norte,Atropelamento de Animal,0,0,0,1,0,0,0,0,0,0,1,0,0,0,0,060,2020-11-27 04:31:00+00:00,-16.040688594115203,-48.256246176493484
29/11/2020,08:23:00,79,ac03 - Aci,1.0,BR-060/DF,Norte,Colisão Traseira,2,0,0,0,0,0,0,0,0,0,3,0,0,0,0,060,2020-11-29 11:23:00+00:00,-15.885213402294612,-48.069263714026626
30/11/2020,05:22:00,381,ac03 - Aci,4.5,BR-060/DF,Sul,Engavetamento,3,0,0,0,0,0,0,0,0,0,3,0,0,0,0,060,2020-11-30 08:22:00+00:00,-15.894601941264158,-48.100439780793714
03/12/2020,09:17:00,408,ac02 - Aci,21.0,BR-060/DF,Norte,Capotamento,0,0,0,0,0,0,0,0,0,1,0,0,1,0,0,060,2020-12-03 12:17:00+00:00,-15.980282887787558,-48.20723244241915
04/12/2020,07:06:00,48,ac03 - Aci,4.258,BR-060/DF,Norte,Colisão Traseira,1,0,1,0,0,0,0,0,0,0,2,0,0,0,0,060,2020-12-04 10:06:00+00:00,-15.893955333430576,-48.09828335552874
05/12/2020,05:00:00,48,ac02 - Aci,3.0,BR-060/DF,Norte,Colisão Traseira,2,0,0,0,0,0,0,0,0,0,1,1,0,0,0,060,2020-12-05 08:00:00+00:00,-15.890570424543295,-48.087081067044366
05/12/2020,12:14:00,237,ac03 - Aci,1.2,BR-060/DF,Norte,Colisão Lateral,1,0,1,0,0,0,0,0,0,0,2,0,0,0,0,060,2020-12-05 15:14:00+00:00,-15.885747466223776,-48.07104598297108
05/12/2020,06:53:00,410,ac02 - Aci,8.0,BR-060/DF,Sul,Saida de Pista,1,0,0,0,0,0,0,0,0,0,2,0,2,0,0,060,2020-12-05 09:53:00+00:00,-15.904031616731608,-48.13159786817079
07/12/2020,06:42:00,388,ac03 - Aci,24.3,BR-060/DF,Norte,Capotamento,1,0,0,0,0,0,0,0,0,0,2,0,0,0,0,060,2020-12-07 09:42:00+00:00,-15.993772254411843,-48.234301432985376
11/12/2020,12:40:00,248,ac03 - Aci,27.0,BR-060/DF,Norte,Saida de Pista,1,0,0,0,0,0,0,0,0,0,1,0,0,0,0,060,2020-12-11 15:40:00+00:00,-16.012633635837343,-48.24755169324156
11/12/2020,01:08:00,254,ac03 - Aci,27.5,BR-060/DF,Norte,Saida de Pista,1,0,0,0,0,0,0,0,0,0,1,0,0,0,0,060,2020-12-11 04:08:00+00:00,-16.017007088624922,-48.24869782235361
12/12/2020,03:18:00,311,ac03 - Aci,26.0,BR-060/DF,Norte,Choque - Objeto sobre a pista,1,0,0,0,0,0,0,0,0,0,1,0,0,0,0,060,2020-12-12 06:18:00+00:00,-16.00389849375887,-48.24523829325778
12/12/2020,05:11:00,366,ac03 - Aci,26.0,BR-060/DF,Sul,Capotamento,1,0,0,0,0,0,0,0,0,0,1,0,0,0,0,060,2020-12-12 08:11:00+00:00,-16.00389849375887,-48.24523829325778
12/12/2020,07:32:00,428,ac03 - Aci,25.0,BR-060/DF,Norte,Atropelamento de Animal,1,0,0,0,0,0,0,0,0,0,2,0,0,0,0,060,2020-12-12 10:32:00+00:00,-15.996666900982364,-48.2401083109208
13/12/2020,09:58:00,148,ac03 - Aci,6.0,BR-060/DF,Norte,Queda de Ciclista,0,0,0,1,0,1,0,0,0,0,2,0,0,0,0,060,2020-12-13 12:58:00+00:00,-15.898636978479185,-48.11379745322939
13/12/2020,03:10:00,292,ac02 - Aci,24.0,BR-060/DF,Norte,Queda de Moto,0,0,0,1,0,0,0,0,0,0,1,0,1,0,0,060,2020-12-13 06:10:00+00:00,-15.992144413890477,-48.23207994070532
13/12/2020,08:04:00,435,ac03 - Aci,2.0,BR-060/DF,Sul,Choque- Placa/Suporte Sinalização,1,0,0,0,0,0,0,0,0,0,1,0,0,0,0,060,2020-12-13 11:04:00+00:00,-15.887894398539888,-48.078171576973595
14/12/2020,07:16:00,82,ac03 - Aci,4.0,BR-060/DF,Norte,Colisão Traseira,1,0,0,0,0,1,0,0,0,0,2,0,0,0,0,060,2020-12-14 10:16:00+00:00,-15.893259852449107,-48.09598631327878
17/12/2020,08:05:00,571,ac02 - Aci,2.3,BR-060/DF,Sul,Colisão Lateral,1,0,0,1,0,0,0,0,0,0,1,1,0,0,0,060,2020-12-17 11:05:00+00:00,-15.888696785264422,-48.080844561029515
17/12/2020,08:16:00,577,ac02 - Aci,18.0,BR-060/DF,Norte,Colisão Traseira,1,0,1,0,0,0,0,0,0,0,1,1,0,0,0,060,2020-12-17 11:16:00+00:00,-15.968248777029663,-48.18352085268955
18/12/2020,11:09:00,197,ac03 - Aci,4.0,BR-060/DF,Sul,Colisão Traseira,0,0,0,1,0,2,0,0,0,0,3,0,0,0,0,060,2020-12-18 14:09:00+00:00,-15.893259852449107,-48.09598631327878
22/12/2020,08:05:00,114,ac03 - Aci,4.291,BR-060/DF,Sul,Colisão Lateral,1,0,1,0,0,0,0,0,0,0,2,0,0,0,0,060,2020-12-22 11:05:00+00:00,-15.894042082526365,-48.098577869397744
25/12/2020,07:06:00,82,ac03 - Aci,25.0,BR-060/DF,Norte,Saida de Pista,1,0,0,0,0,0,0,0,0,0,1,0,0,0,0,060,2020-12-25 10:06:00+00:00,-15.996666900982364,-48.2401083109208
28/12/2020,07:42:00,69,ac03 - Aci,27.0,BR-060/DF,Sul,Choque - Arvore,1,0,0,0,0,0,0,0,0,0,1,0,0,0,0,060,2020-12-28 10:42:00+00:00,-16.012633635837343,-48.24755169324156
28/12/2020,11:09:00,470,ac02 - Aci,10.0,BR-060/DF,Sul,Atropelamento de Animal,1,0,0,0,0,0,0,0,0,0,1,1,0,0,0,060,2020-12-28 14:09:00+00:00,-15.909433209563039,-48.149399239139086
29/12/2020,06:48:00,67,ac03 - Aci,4.6,BR-060/DF,Norte,Colisão Lateral,1,0,1,0,0,0,0,0,0,0,2,0,0,0,0,060,2020-12-29 09:48:00+00:00,-15.894869312642035,-48.101330822990235
01/01/2021,05:43:00,50,ac03 - Aci,4.0,BR-060/DF,Sul,Choque - Arvore,1,0,0,0,0,0,0,0,0,0,1,0,0,0,0,060,2021-01-01 08:43:00+00:00,-15.893259852449107,-48.09598631327878
01/01/2021,08:08:00,324,ac02 - Aci,22.5,BR-060/DF,Norte,Colisão Traseira,1,0,0,1,0,0,0,0,0,0,1,0,1,0,0,060,2021-01-01 11:08:00+00:00,-15.986489377591147,-48.21967349669975
03/01/2021,04:59:00,274,ac02 - Aci,18.105,BR-060/DF,Sul,Capotamento,1,0,0,0,0,0,0,0,0,0,3,0,1,0,0,060,2021-01-03 07:59:00+00:00,-15.969018735481967,-48.1840923302393
03/01/2021,05:47:00,296,ac03 - Aci,4.2,BR-060/DF,Sul,Engavetamento,3,0,0,0,0,1,0,0,0,0,4,0,0,0,0,060,2021-01-03 08:47:00+00:00,-15.893799337599853,-48.09776685692331
09/01/2021,04:16:00,327,ac03 - Aci,4.7,BR-060/DF,Norte,Colisão Traseira,2,0,0,0,0,0,0,0,0,0,9,0,0,0,0,060,2021-01-09 07:16:00+00:00,-15.89513844677703,-48.10222129187768
09/01/2021,04:56:00,347,ac03 - Aci,4.7,BR-060/DF,Sul,Engavetamento,1,0,1,1,0,0,0,0,0,0,4,0,0,0,0,060,2021-01-09 07:56:00+00:00,-15.89513844677703,-48.10222129187768
10/01/2021,05:44:00,371,ac02 - Aci,1.0,BR-060/DF,Norte,Colisão Lateral,1,0,0,1,0,0,0,0,0,0,1,1,0,0,0,060,2021-01-10 08:44:00+00:00,-15.885213402294612,-48.069263714026626
11/01/2021,05:32:00,49,ac02 - Aci,4.31,BR-060/DF,Sul,Colisão Lateral,0,0,0,1,0,0,0,0,0,1,2,0,1,0,0,060,2021-01-11 08:32:00+00:00,-15.894093393247395,-48.098747002467455
12/01/2021,08:24:00,100,ac03 - Aci,3.0,BR-060/DF,Sul,Colisão Traseira,2,0,0,0,0,0,0,0,0,0,2,0,0,0,0,060,2021-01-12 11:24:00+00:00,-15.890570424543295,-48.087081067044366
12/01/2021,03:54:00,325,ac03 - Aci,29.577,BR-060/DF,Norte,Colisão Lateral,1,0,1,0,0,0,0,0,0,0,5,0,0,0,0,060,2021-01-12 06:54:00+00:00,-16.03469965018282,-48.253900658360436
13/01/2021,05:52:00,43,ac03 - Aci,28.455,BR-060/DF,Norte,Capotamento,0,0,0,0,0,0,0,0,0,1,1,0,0,0,0,060,2021-01-13 08:52:00+00:00,-16.024652563995588,-48.25279459002838
15/01/2021,06:05:00,455,ac03 - Aci,23.8,BR-060/DF,Norte,Saida de Pista,1,0,0,0,0,0,0,0,0,0,1,0,0,0,0,060,2021-01-15 09:05:00+00:00,-15.990898281795445,-48.23072940991032
16/01/2021,10:44:00,180,ac03 - Aci,24.183,BR-060/DF,Norte,Choque - Elemento de Drenagem,1,0,0,0,0,0,0,0,0,0,1,0,0,0,0,060,2021-01-16 13:44:00+00:00,-15.993227339449387,-48.23336712048771
16/01/2021,04:20:00,307,ac03 - Aci,15.256,BR-060/DF,Norte,Choque - Defensa,1,0,0,0,0,0,0,0,0,0,1,0,0,0,0,060,2021-01-16 07:20:00+00:00,-15.94623285745309,-48.17262792287386
19/01/2021,08:17:00,124,ac03 - Aci,2.4,BR-060/DF,Sul,Colisão Lateral,2,0,0,0,0,0,0,0,0,0,3,0,0,0,0,060,2021-01-19 11:17:00+00:00,-15.888963405390266,-48.081735827117534