data,horario,n_da_ocorrencia,tipo_de_ocorrencia,km,trecho,sentido,tipo_de_acidente,automovel,bicicleta,caminhao,moto,onibus,outros,tracao_animal,transporte_de_cargas_especiais,trator_maquinas,utilitarios,ilesos,levemente_feridos,moderadamente_feridos,gravemente_feridos,mortos,vl_br,timestamp_utc,latitude_acidente,longitude_acidente
23/01/2021,03:27:00,251,ac02 - Aci,1.433,BR-060/DF,Sul,Colisão Lateral,1,0,0,1,0,0,0,0,0,0,1,0,2,0,0,060,2021-01-23 06:27:00+00:00,-15.886374462462486,-48.07312077854904
24/01/2021,04:19:00,247,ac02 - Aci,16.0,BR-060/DF,Norte,Tombamento,0,0,1,0,0,0,0,0,0,0,0,1,0,0,0,060,2021-01-24 07:19:00+00:00,-15.95270730521758,-48.174474751029436
24/01/2021,07:32:00,353,ac03 - Aci,28.125,BR-060/DF,Norte,Saida de Pista,1,0,0,0,0,0,0,0,0,0,2,0,0,0,0,060,2021-01-24 10:32:00+00:00,-16.022009823157816,-48.25138083625785
24/01/2021,08:37:00,389,ac03 - Aci,2.5,BR-060/DF,Sul,Colisão Lateral,2,0,0,0,0,0,0,0,0,0,3,0,0,0,0,060,2021-01-24 11:37:00+00:00,-15.889231878258785,-48.08262650352442
25/01/2021,08:17:00,444,ac03 - Aci,8.5,BR-060/DF,Sul,Colisão Lateral,0,0,1,0,1,0,0,0,0,0,2,0,0,0,0,060,2021-01-25 11:17:00+00:00,-15.905378278368525,-48.1360499469228
26/01/2021,02:42:00,319,ac02 - Aci,9.0,BR-060/DF,Norte,Tombamento,0,0,1,0,0,0,0,0,0,0,0,1,0,0,0,060,2021-01-26 05:42:00+00:00,-15.906738448827172,-48.140497635744
26/01/2021,02:49:00,324,ac03 - Aci,27.0,BR-060/DF,Sul,Saida de Pista,1,0,0,0,0,0,0,0,0,0,3,0,0,0,0,060,2021-01-26 05:49:00+00:00,-16.012633635837343,-48.24755169324156
26/01/2021,07:03:00,429,ac02 - Aci,4.551,BR-060/DF,Norte,Queda de Ciclista,0,0,0,1,0,0,0,0,0,0,0,1,0,0,0,060,2021-01-26 10:03:00+00:00,-15.894738829007968,-48.10089404268052
28/01/2021,01:21:00,274,ac02 - Aci,0.8,BR-060/DF,Sul,Colisão Frontal,1,0,0,1,0,0,0,0,0,0,1,1,0,0,0,060,2021-01-28 04:21:00+00:00,-15.884674016108828,-48.067483157785965
29/01/2021,07:56:00,97,ac03 - Aci,3.7,BR-060/DF,Norte,Colisão Traseira,2,0,0,0,0,0,0,0,0,0,2,0,0,0,0,060,2021-01-29 10:56:00+00:00,-15.892452698773246,-48.09331483343966
01/02/2021,08:35:00,103,ac03 - Aci,7.863,BR-060/DF,Sul,Colisão Traseira,1,0,0,0,1,0,0,0,0,0,3,0,0,0,0,060,2021-02-01 11:35:00+00:00,-15.903660506278538,-48.13038165704583
03/02/2021,09:49:00,177,ac01 - Aci,7.0,BR-060/DF,Norte,Colisão Traseira,0,0,1,1,0,0,0,0,0,0,1,0,0,0,1,060,2021-02-03 12:49:00+00:00,-15.90132891731299,-48.122699735434956
03/02/2021,03:48:00,317,ac03 - Aci,22.55,BR-060/DF,Norte,Capotamento,0,0,0,0,0,0,0,0,0,1,1,0,0,0,0,060,2021-02-03 06:48:00+00:00,-15.986695054540908,-48.220088844584794
05/02/2021,01:19:00,231,ac02 - Aci,11.626,BR-060/DF,Norte,Choque- Poste/Equipamento,1,0,0,0,0,0,0,0,0,0,0,3,0,0,0,060,2021-02-05 04:19:00+00:00,-15.914823380578916,-48.163286608859316
06/02/2021,08:53:00,110,ac03 - Aci,24.0,BR-060/DF,Norte,Saida de Pista,0,0,1,0,0,0,0,0,0,0,3,0,0,0,0,060,2021-02-06 11:53:00+00:00,-15.992144413890477,-48.23207994070532
06/02/2021,10:30:00,154,ac03 - Aci,26.0,BR-060/DF,Sul,,0,0,0,0,0,0,0,0,0,1,1,0,0,0,0,060,2021-02-06 13:30:00+00:00,-16.00389849375887,-48.24523829325778
06/02/2021,12:40:00,200,ac03 - Aci,2.0,BR-060/DF,Norte,Carreta deu L,0,0,1,0,0,0,0,0,0,0,1,0,0,0,0,060,2021-02-06 15:40:00+00:00,-15.887894398539888,-48.078171576973595
07/02/2021,01:06:00,200,ac03 - Aci,7.0,BR-060/DF,Sul,Colisão Traseira,2,0,0,0,0,0,0,0,0,0,2,0,0,0,0,060,2021-02-07 04:06:00+00:00,-15.90132891731299,-48.122699735434956
09/02/2021,02:53:00,419,ac03 - Aci,25.386,BR-060/DF,Norte,Saida de Pista,1,0,0,0,0,0,0,0,0,0,1,0,0,0,0,060,2021-02-09 05:53:00+00:00,-15.998873050348607,-48.24282936172148
10/02/2021,07:15:00,77,ac02 - Aci,0.5,BR-060/DF,Norte,Colisão Traseira,4,0,0,0,0,0,0,0,0,0,4,0,2,0,0,060,2021-02-10 10:15:00+00:00,-15.883874648754393,-48.064809265741
10/02/2021,09:16:00,151,ac02 - Aci,27.556,BR-060/DF,Norte,Capotamento,1,0,0,0,0,0,0,0,0,0,0,0,0,1,0,060,2021-02-10 12:16:00+00:00,-16.01747920942952,-48.24888432632284
11/02/2021,05:55:00,367,ac03 - Aci,4.2,BR-060/DF,Norte,Colisão Traseira,0,0,1,1,0,0,0,0,0,0,2,0,0,0,0,060,2021-02-11 08:55:00+00:00,-15.893799337599853,-48.09776685692331
12/02/2021,03:21:00,303,ac03 - Aci,26.293,BR-060/DF,Norte,Colisão Traseira,1,0,1,0,0,0,0,0,0,0,2,0,0,0,0,060,2021-02-12 06:21:00+00:00,-16.00642350528084,-48.24603072991125
15/02/2021,02:52:00,304,ac03 - Aci,19.0,BR-060/DF,Sul,Saida de Pista,1,0,0,0,0,0,0,0,0,0,2,0,0,0,0,060,2021-02-15 05:52:00+00:00,-15.974895370007726,-48.189626613849754
16/02/2021,07:43:00,417,ac02 - Aci,5.8,BR-060/DF,Norte,Colisão Traseira,2,0,0,0,0,0,0,0,0,0,1,0,2,0,0,060,2021-02-16 10:43:00+00:00,-15.89809925496303,-48.11201632374587
19/02/2021,04:12:00,398,ac03 - Aci,22.0,BR-060/DF,Norte,Capotamento,1,0,0,0,0,0,0,0,0,0,1,0,0,0,0,060,2021-02-19 07:12:00+00:00,-15.984421419053252,-48.215525994734165
19/02/2021,04:21:00,404,ac03 - Aci,18.0,BR-060/DF,Norte,Choque - Elemento de Drenagem,0,0,0,0,0,0,0,0,0,1,3,0,0,0,0,060,2021-02-19 07:21:00+00:00,-15.968248777029663,-48.18352085268955
21/02/2021,10:45:00,166,ac02 - Aci,27.593,BR-060/DF,Sul,Capotamento,1,0,0,0,0,0,0,0,0,0,2,0,1,0,0,060,2021-02-21 13:45:00+00:00,-16.01778608536567,-48.249020596167796
22/02/2021,07:32:00,71,ac03 - Aci,3.0,BR-060/DF,Sul,Engavetamento,3,0,1,0,0,0,0,0,0,0,6,0,0,0,0,060,2021-02-22 10:32:00+00:00,-15.890570424543295,-48.087081067044366
22/02/2021,08:17:00,102,ac02 - Aci,4.0,BR-060/DF,Norte,Queda de Moto,1,0,0,1,0,0,0,0,0,0,1,1,0,0,0,060,2021-02-22 11:17:00+00:00,-15.893259852449107,-48.09598631327878
22/02/2021,11:47:00,244,ac03 - Aci,5.0,BR-060/DF,Sul,Colisão Traseira,2,0,0,0,0,0,0,0,0,0,2,0,0,0,0,060,2021-02-22 14:47:00+00:00,-15.895941809050944,-48.10489399995692
23/02/2021,06:26:00,85,ac03 - Aci,27.0,BR-060/DF,Sul,Choque - Outros,0,0,1,0,0,0,0,0,0,0,1,0,0,0,0,060,2021-02-23 09:26:00+00:00,-16.012633635837343,-48.24755169324156
28/02/2021,04:23:00,49,ac03 - Aci,21.34,BR-060/DF,Sul,Saida de Pista,1,0,0,0,0,0,0,0,0,0,2,0,0,0,0,060,2021-02-28 07:23:00+00:00,-15.981689686189286,-48.21005240593876
01/03/2021,04:08:00,388,ac03 - Aci,1.0,BR-060/DF,Sul,Colisão Lateral,0,0,1,0,0,0,0,0,0,1,3,0,0,0,0,060,2021-03-01 07:08:00+00:00,-15.885213402294612,-48.069263714026626
03/03/2021,09:00:00,160,ac03 - Aci,4.0,BR-060/DF,Sul,Colisão Lateral,1,0,1,0,0,0,0,0,0,0,2,0,0,0,0,060,2021-03-03 12:00:00+00:00,-15.893259852449107,-48.09598631327878
07/03/2021,10:22:00,410,ac02 - Aci,3.0,BR-060/DF,Sul,Atropelamento - Outros,1,0,0,0,0,0,0,0,0,0,2,0,1,0,0,060,2021-03-07 13:22:00+00:00,-15.890570424543295,-48.087081067044366
08/03/2021,07:12:00,361,ac03 - Aci,4.635,BR-060/DF,Norte,Colisão Lateral,1,0,0,0,0,1,0,0,0,0,2,0,0,0,0,060,2021-03-08 10:12:00+00:00,-15.894962768786463,-48.10164272710518
14/03/2021,05:20:00,323,ac02 - Aci,14.0,BR-060/DF,Norte,Queda de Moto,0,0,0,1,0,0,0,0,0,0,0,1,0,0,0,060,2021-03-14 08:20:00+00:00,-15.935302713590612,-48.169510831519545
14/03/2021,09:00:00,418,ac03 - Aci,13.0,BR-060/DF,Norte,Saida de Pista,1,0,0,0,0,0,0,0,0,0,1,0,0,0,0,060,2021-03-14 12:00:00+00:00,-15.926640521124574,-48.167015383529694
15/03/2021,03:07:00,299,ac03 - Aci,28.561,BR-060/DF,Norte,Capotamento,1,0,0,0,0,0,0,0,0,0,1,0,0,0,0,060,2021-03-15 06:07:00+00:00,-16.025577807716854,-48.25304175511475
19/03/2021,06:48:00,76,ac02 - Aci,7.0,BR-060/DF,Sul,Colisão Traseira,0,0,1,0,1,0,0,0,0,0,8,0,1,0,0,060,2021-03-19 09:48:00+00:00,-15.90132891731299,-48.122699735434956
25/03/2021,08:02:00,157,ac02 - Aci,6.0,BR-060/DF,Sul,Colisão Lateral,1,0,0,1,0,0,0,0,0,0,1,0,1,0,0,060,2021-03-25 11:02:00+00:00,-15.898636978479185,-48.11379745322939
25/03/2021,06:52:00,530,ac03 - Aci,4.0,BR-060/DF,Sul,Capotamento,1,0,0,0,0,0,0,0,0,0,1,0,0,0,0,060,2021-03-25 09:52:00+00:00,-15.893259852449107,-48.09598631327878
02/04/2021,03:32:00,48,ac03 - Aci,2.0,BR-060/DF,Norte,Saida de Pista,1,0,0,0,0,0,0,0,0,0,1,0,0,0,0,060,2021-04-02 06:32:00+00:00,-15.887894398539888,-48.078171576973595
03/04/2021,11:53:00,524,ac03 - Aci,5.0,BR-060/DF,Norte,Saida de Pista,1,0,0,0,0,0,0,0,0,0,1,0,0,0,0,060,2021-04-03 14:53:00+00:00,-15.895941809050944,-48.10489399995692
04/04/2021,01:07:00,249,ac03 - Aci,5.588,BR-060/DF,Norte,Colisão Traseira,1,0,0,0,0,0,0,0,0,1,2,0,0,0,0,060,2021-04-04 04:07:00+00:00,-15.897523245047765,-48.110130286364445
04/04/2021,02:34:00,280,ac02 - Aci,27.758,BR-060/DF,Norte,Colisão Traseira,2,0,0,0,0,0,0,0,0,0,0,3,1,0,0,060,2021-04-04 05:34:00+00:00,-16.01911189267469,-48.2497210203873
06/04/2021,04:39:00,432,ac02 - Aci,30.0,BR-060/DF,Norte,Colisão Traseira,2,0,0,0,0,0,0,0,0,0,4,1,0,0,0,060,2021-04-06 07:39:00+00:00,-16.038044280533132,-48.255773204625484
07/04/2021,10:17:00,677,ac03 - Aci,28.0,BR-060/DF,Sul,Saida de Pista,1,0,0,0,0,0,0,0,0,0,3,0,0,0,0,060,2021-04-07 13:17:00+00:00,-16.021021519767856,-48.25081787423561
10/04/2021,12:07:00,5,ac03 - Aci,2.894,BR-060/DF,Sul,Atropelamento - Andarilho,1,0,0,0,0,0,0,0,0,0,3,0,0,0,0,060,2021-04-10 15:07:00+00:00,-15.89028860990667,-48.08613608271857
12/04/2021,09:06:00,176,ac03 - Aci,1.6,BR-060/DF,Sul,Colisão Traseira,2,0,0,0,0,0,0,0,0,0,2,0,0,0,0,060,2021-04-12 12:06:00+00:00,-15.886817350238443,-48.07460992560195
19/04/2021,03:44:00,375,ac03 - Aci,28.0,BR-060/DF,Norte,Capotamento,1,0,0,0,0,0,0,0,0,0,1,0,0,0,0,060,2021-04-19 06:44:00+00:00,-16.021021519767856,-48.25081787423561
21/04/2021,08:36:00,492,ac03 - Aci,2.5,BR-060/DF,Sul,Colisão Lateral,2,0,0,0,0,0,0,0,0,0,2,0,0,0,0,060,2021-04-21 11:36:00+00:00,-15.889231878258785,-48.08262650352442
30/04/2021,04:02:00,400,ac02 - Aci,28.0,BR-060/DF,Norte,Capotamento,1,0,0,0,0,0,0,0,0,0,1,1,0,0,0,060,2021-04-30 07:02:00+00:00,-16.021021519767856,-48.25081787423561
02/05/2021,02:28:00,392,ac03 - Aci,29.0,BR-060/DF,Norte,Atropelamento - Esportista/Romeiro,0,0,0,0,0,0,0,0,0,1,2,0,0,0,0,060,2021-05-02 05:28:00+00:00,-16.029528313854414,-48.253355455172226
02/05/2021,03:10:00,407,ac03 - Aci,3.0,BR-060/DF,Norte,Colisão Traseira,3,0,0,0,0,0,0,0,0,0,3,0,0,0,0,060,2021-05-02 06:10:00+00:00,-15.890570424543295,-48.087081067044366
02/05/2021,09:13:00,571,ac03 - Aci,28.0,BR-060/DF,Sul,Colisão Traseira,1,0,0,0,0,0,0,0,0,1,7,0,0,0,0,060,2021-05-02 12:13:00+00:00,-16.021021519767856,-48.25081787423561
03/05/2021,06:46:00,70,ac02 - Aci,2.0,BR-060/DF,Sul,Colisão Traseira,1,0,0,1,0,0,0,0,0,0,1,0,1,0,0,060,2021-05-03 09:46:00+00:00,-15.887894398539888,-48.078171576973595
03/05/2021,07:12:00,79,ac02 - Aci,3.964,BR-060/DF,Sul,Colisão Traseira,2,0,0,0,0,0,0,0,0,0,1,1,0,0,0,060,2021-05-03 10:12:00+00:00,-15.893162664557973,-48.09566584021113
03/05/2021,12:39:00,288,ac03 - Aci,3.0,BR-060/DF,Sul,Colisão Lateral,1,0,1,0,0,0,0,0,0,0,2,0,0,0,0,060,2021-05-03 15:39:00+00:00,-15.890570424543295,-48.087081067044366
04/05/2021,07:42:00,113,ac01 - Aci,0.0,BR-060/DF,Norte,Colisão Traseira,1,0,0,1,0,0,0,0,0,0,0,4,0,0,1,060,2021-05-04 10:42:00+00:00,-15.882538099999975,-48.060354719999964
04/05/2021,01:03:00,315,ac02 - Aci,11.513,BR-060/DF,Sul,Capotamento,1,0,0,0,0,1,0,0,0,0,1,3,0,0,0,060,2021-05-04 04:03:00+00:00,-15.914050666645434,-48.16260089874415
06/05/2021,08:01:00,174,ac02 - Aci,3.0,BR-060/DF,Sul,Colisão Lateral,2,0,0,0,0,0,0,0,0,0,1,1,0,0,0,060,2021-05-06 11:01:00+00:00,-15.890570424543295,-48.087081067044366
07/05/2021,10:58:00,220,ac02 - Aci,24.0,BR-060/DF,Sul,Choque - Arvore,1,0,0,0,0,0,0,0,0,0,0,0,0,1,0,060,2021-05-07 13:58:00+00:00,-15.992144413890477,-48.23207994070532
12/05/2021,05:26:00,358,ac03 - Aci,30.0,BR-060/DF,Norte,Choque - Defensa,1,0,0,0,0,0,0,0,0,0,1,0,0,0,0,060,2021-05-12 08:26:00+00:00,-16.038044280533132,-48.255773204625484
13/05/2021,06:10:00,479,ac02 - Aci,1.7,BR-060/DF,Sul,Colisão Lateral,0,0,0,1,0,0,0,0,0,1,1,1,0,0,0,060,2021-05-13 09:10:00+00:00,-15.887088960342151,-48.075499578354716
16/05/2021,08:31:00,460,ac02 - Aci,4.445,BR-060/DF,Sul,Colisão Traseira,1,0,0,0,0,1,0,0,0,0,1,1,0,0,0,060,2021-05-16 11:31:00+00:00,-15.89445646642491,-48.09994920580802
18/05/2021,09:12:00,192,ac02 - Aci,3.23,BR-060/DF,Norte,Colisão Traseira,3,0,0,1,0,0,0,0,0,0,4,0,1,0,0,060,2021-05-18 12:12:00+00:00,-15.891185516779096,-48.08913037262802
21/05/2021,03:35:00,400,ac03 - Aci,9.0,BR-060/DF,Sul,Colisão Lateral,2,0,0,0,0,0,0,0,0,0,2,0,0,0,0,060,2021-05-21 06:35:00+00:00,-15.906738448827172,-48.140497635744
25/05/2021,08:21:00,116,ac03 - Aci,4.0,BR-060/DF,Norte,Colisão Traseira,1,0,0,1,0,0,0,0,0,0,2,0,0,0,0,060,2021-05-25 11:21:00+00:00,-15.893259852449107,-48.09598631327878
27/05/2021,07:42:00,125,ac03 - Aci,3.077,BR-060/DF,Norte,Queda de Ciclista,0,0,0,1,0,0,0,0,0,0,1,0,0,0,0,060,2021-05-27 10:42:00+00:00,-15.890777170048363,-48.08776687985833
04/06/2021,08:08:00,115,ac03 - Aci,18.5,BR-060/DF,Sul,Saida de Pista,2,0,0,0,0,1,0,0,0,0,5,0,0,0,0,060,2021-06-04 11:08:00+00:00,-15.971917021621,-48.18623959475691
05/06/2021,09:25:00,471,ac03 - Aci,4.274,BR-060/DF,Sul,Colisão Transversal,1,0,0,1,0,0,0,0,0,0,2,0,0,0,0,060,2021-06-05 12:25:00+00:00,-15.89399717356781,-48.09842621965152
06/06/2021,07:33:00,439,ac03 - Aci,4.0,BR-060/DF,Norte,Engavetamento,4,0,0,0,0,0,0,0,0,0,4,0,0,0,0,060,2021-06-06 10:33:00+00:00,-15.893259852449107,-48.09598631327878
11/06/2021,07:23:00,500,ac03 - Aci,3.0,BR-060/DF,Sul,Colisão Traseira,1,0,0,0,0,1,0,0,0,0,5,0,0,0,0,060,2021-06-11 10:23:00+00:00,-15.890570424543295,-48.087081067044366
11/06/2021,07:57:00,519,ac03 - Aci,5.0,BR-060/DF,Sul,Engavetamento,3,0,0,0,0,1,0,0,0,1,6,0,0,0,0,060,2021-06-11 10:57:00+00:00,-15.895941809050944,-48.10489399995692
13/06/2021,06:44:00,353,ac02 - Aci,26.0,BR-060/DF,Sul,Saida de Pista,1,0,0,0,0,0,0,0,0,0,0,1,0,0,0,060,2021-06-13 09:44:00+00:00,-16.00389849375887,-48.24523829325778
18/06/2021,06:40:00,453,ac02 - Aci,4.0,BR-060/DF,Sul,Colisão Traseira,1,0,0,1,0,0,0,0,0,0,1,1,0,0,0,060,2021-06-18 09:40:00+00:00,-15.893259852449107,-48.09598631327878
19/06/2021,10:52:00,198,ac03 - Aci,4.0,BR-060/DF,Sul,Saida de Pista,2,0,0,0,0,0,0,0,0,0,3,0,0,0,0,060,2021-06-19 13:52:00+00:00,-15.893259852449107,-48.09598631327878
20/06/2021,01:39:00,17,ac03 - Aci,1.0,BR-060/DF,Sul,Colisão Lateral,2,0,0,0,0,0,0,0,0,0,5,0,0,0,0,060,2021-06-20 04:39:00+00:00,-15.885213402294612,-48.069263714026626
22/06/2021,10:23:00,235,ac03 - Aci,5.0,BR-060/DF,Sul,Colisão Traseira,1,0,0,1,0,0,0,0,0,0,4,0,0,0,0,060,2021-06-22 13:23:00+00:00,-15.895941809050944,-48.10489399995692
23/06/2021,01:52:00,291,ac03 - Aci,31.0,BR-060/DF,Sul,Colisão Traseira,2,0,0,0,0,0,0,0,0,0,5,0,0,0,0,060,2021-06-23 04:52:00+00:00,-16.046840191480747,-48.25744222853095
26/06/2021,02:01:00,287,ac02 - Aci,2.0,BR-060/DF,Sul,Queda de Moto,0,0,0,1,0,0,0,0,0,0,0,0,0,1,0,060,2021-06-26 05:01:00+00:00,-15.887894398539888,-48.078171576973595
27/06/2021,09:20:00,162,ac03 - Aci,9.0,BR-060/DF,Sul,Capotamento,1,0,0,0,0,0,0,0,0,0,2,0,0,0,0,060,2021-06-27 12:20:00+00:00,-15.906738448827172,-48.140497635744
28/06/2021,01:33:00,357,ac03 - Aci,5.0,BR-060/DF,Sul,Colisão Traseira,1,0,0,0,0,0,0,0,0,1,2,0,0,0,0,060,2021-06-28 04:33:00+00:00,-15.895941809050944,-48.10489399995692
28/06/2021,06:20:00,501,ac03 - Aci,0.5,BR-060/DF,Sul,Colisão Lateral,1,0,0,1,0,1,0,0,0,0,3,0,0,0,0,060,2021-06-28 09:20:00+00:00,-15.883874648754393,-48.064809265741
01/07/2021,07:33:00,153,ac03 - Aci,0.0,BR-060/DF,Norte,Engavetamento,3,0,0,0,0,0,0,0,0,0,4,0,0,0,0,060,2021-07-01 10:33:00+00:00,-15.882538099999975,-48.060354719999964
03/07/2021,09:27:00,538,ac03 - Aci,28.0,BR-060/DF,Sul,Choque- Placa/Suporte Sinalização,1,0,0,0,0,0,0,0,0,0,1,0,0,0,0,060,2021-07-03 12:27:00+00:00,-16.021021519767856,-48.25081787423561
05/07/2021,02:28:00,402,ac03 - Aci,10.8,BR-060/DF,Norte,Colisão Traseira,1,0,1,0,0,0,0,0,0,0,5,0,0,0,0,060,2021-07-05 05:28:00+00:00,-15.911604674458845,-48.15651718691904
06/07/2021,04:48:00,416,ac02 - Aci,18.0,BR-060/DF,Sul,Queda de Ciclista,0,1,0,0,0,0,0,0,0,0,0,0,1,0,0,060,2021-07-06 07:48:00+00:00,-15.968248777029663,-48.18352085268955
06/07/2021,06:35:00,455,ac02 - Aci,4.0,BR-060/DF,Sul,Colisão Lateral,1,0,0,1,0,0,0,0,0,0,1,2,0,0,0,060,2021-07-06 09:35:00+00:00,-15.893259852449107,-48.09598631327878
09/07/2021,08:28:00,157,ac02 - Aci,6.0,BR-060/DF,Norte,Colisão Traseira,2,0,0,0,0,0,0,0,0,0,4,1,0,0,0,060,2021-07-09 11:28:00+00:00,-15.898636978479185,-48.11379745322939
12/07/2021,08:02:00,91,ac03 - Aci,0.0,BR-060/DF,Sul,Colisão Traseira,1,0,0,1,0,0,0,0,0,0,2,0,0,0,0,060,2021-07-12 11:02:00+00:00,-15.882538099999975,-48.060354719999964
13/07/2021,02:50:00,526,ac03 - Aci,5.0,BR-060/DF,Sul,Choque - Barreira,1,0,0,0,0,0,0,0,0,0,1,0,0,0,0,060,2021-07-13 05:50:00+00:00,-15.895941809050944,-48.10489399995692
13/07/2021,11:23:00,794,ac02 - Aci,2.0,BR-060/DF,Norte,Choque- Placa/Suporte Sinalização,1,0,0,0,0,0,0,0,0,0,0,1,0,0,0,060,2021-07-13 14:23:00+00:00,-15.887894398539888,-48.078171576973595
15/07/2021,07:46:00,83,ac03 - Aci,7.0,BR-060/DF,Sul,Colisão Traseira,1,0,1,0,0,0,0,0,0,0,3,0,0,0,0,060,2021-07-15 10:46:00+00:00,-15.90132891731299,-48.122699735434956
15/07/2021,08:28:00,140,ac03 - Aci,3.0,BR-060/DF,Sul,Engavetamento,2,0,0,0,0,0,0,0,0,1,3,0,0,0,0,060,2021-07-15 11:28:00+00:00,-15.890570424543295,-48.087081067044366
18/07/2021,01:55:00,219,ac03 - Aci,24.0,BR-060/DF,Sul,Saida de Pista,1,0,0,0,0,0,0,0,0,0,1,0,0,0,0,060,2021-07-18 04:55:00+00:00,-15.992144413890477,-48.23207994070532
20/07/2021,09:13:00,129,ac02 - Aci,20.0,BR-060/DF,Norte,Queda de Ciclista,0,1,0,0,0,0,0,0,0,0,0,1,0,0,0,060,2021-07-20 12:13:00+00:00,-15.976474517957563,-48.19880946279917
24/07/2021,01:49:00,231,ac02 - Aci,8.0,BR-060/DF,Sul,Capotamento,1,0,0,0,0,0,0,0,0,0,3,0,0,1,0,060,2021-07-24 04:49:00+00:00,-15.904031616731608,-48.13159786817079
27/07/2021,07:28:00,91,ac03 - Aci,3.0,BR-060/DF,Norte,Colisão Traseira,1,0,0,0,0,1,0,0,0,0,2,0,0,0,0,060,2021-07-27 10:28:00+00:00,-15.890570424543295,-48.087081067044366
27/07/2021,10:09:00,207,ac03 - Aci,3.0,BR-060/DF,Sul,Colisão Lateral,1,0,1,0,0,0,0,0,0,0,2,0,0,0,0,060,2021-07-27 13:09:00+00:00,-15.890570424543295,-48.087081067044366
28/07/2021,07:43:00,99,ac03 - Aci,11.0,BR-060/DF,Sul,Colisão Traseira,1,0,0,1,0,0,0,0,0,0,2,0,0,0,0,060,2021-07-28 10:43:00+00:00,-15.91214363530004,-48.1582979635198
04/08/2021,10:28:00,863,ac03 - Aci,0.0,BR-060/DF,Sul,Choque- Poste/Equipamento,1,0,0,0,0,0,0,0,0,0,1,0,0,0,0,060,2021-08-04 13:28:00+00:00,-15.882538099999975,-48.060354719999964
05/08/2021,06:20:00,1017,ac02 - Aci,0.782,BR-060/DF,Sul,Colisão Lateral,1,0,0,1,0,0,0,0,0,0,2,2,0,0,0,060,2021-08-05 09:20:00+00:00,-15.884625986299616,-48.067322741702085
06/08/2021,08:27:00,932,ac03 - Aci,3.9,BR-060/DF,Sul,Colisão Traseira,1,0,0,1,0,0,0,0,0,0,2,0,0,0,0,060,2021-08-06 11:27:00+00:00,-15.892990376459235,-48.09509595108984
09/08/2021,01:45:00,587,ac03 - Aci,3.0,BR-060/DF,Norte,Colisão Lateral,2,0,0,0,0,0,0,0,0,0,4,0,0,0,0,060,2021-08-09 04:45:00+00:00,-15.890570424543295,-48.087081067044366
14/08/2021,09:36:00,643,ac03 - Aci,2.0,BR-060/DF,Sul,Colisão Lateral,2,0,0,0,0,0,0,0,0,0,4,0,0,0,0,060,2021-08-14 12:36:00+00:00,-15.887894398539888,-48.078171576973595
15/08/2021,11:52:00,581,ac03 - Aci,0.0,BR-060/DF,Sul,Colisão Traseira,1,0,1,0,0,0,0,0,0,0,2,0,0,0,0,060,2021-08-15 14:52:00+00:00,-15.882538099999975,-48.060354719999964
17/08/2021,03:09:00,390,ac03 - Aci,30.0,BR-060/DF,Norte,Capotamento,1,0,0,0,0,0,0,0,0,1,2,0,0,0,0,060,2021-08-17 06:09:00+00:00,-16.038044280533132,-48.255773204625484
18/08/2021,06:27:00,488,ac02 - Aci,4.0,BR-060/DF,Sul,Saida de Pista,2,0,0,0,0,0,0,0,0,0,6,2,0,0,0,060,2021-08-18 09:27:00+00:00,-15.893259852449107,-48.09598631327878
20/08/2021,03:55:00,298,ac01 - Aci,3.0,BR-060/DF,Norte,Atropelamento - Morador,1,0,0,0,0,0,0,0,0,0,1,0,0,0,1,060,2021-08-20 06:55:00+00:00,-15.890570424543295,-48.087081067044366
20/08/2021,04:15:00,308,ac02 - Aci,22.0,BR-060/DF,Norte,Queda de Ciclista,0,0,0,1,0,0,0,0,0,0,0,2,0,0,0,060,2021-08-20 07:15:00+00:00,-15.984421419053252,-48.215525994734165
23/08/2021,03:35:00,319,ac02 - Aci,1.5,BR-060/DF,Sul,Atropelamento - Morador,1,0,0,0,0,0,0,0,0,0,1,0,0,1,0,060,2021-08-23 06:35:00+00:00,-15.886551587787343,-48.07371840795247
23/08/2021,03:46:00,325,ac03 - Aci,22.0,BR-060/DF,Norte,Atropelamento de Animal,0,0,0,0,0,0,0,0,0,1,1,0,0,0,0,060,2021-08-23 06:46:00+00:00,-15.984421419053252,-48.215525994734165
28/08/2021,04:05:00,445,ac03 - Aci,22.0,BR-060/DF,Sul,Saida de Pista,1,0,0,0,0,0,0,0,0,0,2,0,0,0,0,060,2021-08-28 07:05:00+00:00,-15.984421419053252,-48.215525994734165
29/08/2021,05:50:00,54,ac03 - Aci,18.0,BR-060/DF,Norte,Atropelamento de Animal,1,0,0,0,0,0,0,0,0,0,1,0,0,0,0,060,2021-08-29 08:50:00+00:00,-15.968248777029663,-48.18352085268955
30/08/2021,02:18:00,388,ac03 - Aci,0.0,BR-060/DF,Sul,Colisão Lateral,1,0,0,1,0,0,0,0,0,0,5,0,0,0,0,060,2021-08-30 05:18:00+00:00,-15.882538099999975,-48.060354719999964
03/09/2021,11:55:00,299,ac03 - Aci,5.0,BR-060/DF,Sul,Colisão Traseira,1,0,1,0,0,1,0,0,0,0,7,0,0,0,0,060,2021-09-03 14:55:00+00:00,-15.895941809050944,-48.10489399995692