data,horario,n_da_ocorrencia,tipo_de_ocorrencia,km,trecho,sentido,tipo_de_acidente,automovel,bicicleta,caminhao,moto,onibus,outros,tracao_animal,transporte_de_cargas_especiais,trator_maquinas,utilitarios,ilesos,levemente_feridos,moderadamente_feridos,gravemente_feridos,mortos,vl_br,timestamp_utc,latitude_acidente,longitude_acidente
01/01/2023,01:58:00,244,Acidente c,3.0,BR-060/DF,Norte,Engavetamento,2,0,0,0,1,0,0,0,0,0,4,0,0,0,0,060,2023-01-01 04:58:00+00:00,-15.890570424543295,-48.087081067044366
08/01/2023,06:59:37,92,Acidente c,12.0,BR-060/DF,Sul,Colisão Lateral,0,0,0,1,0,0,1,0,0,0,0,0,1,0,1,060,2023-01-08 09:59:37+00:00,-15.917950731309672,-48.164541812566426
11/01/2023,04:35:00,999,Acidente c,27.0,BR-060/DF,Norte,Capotamento,1,0,0,0,0,0,0,0,0,0,1,2,2,0,0,060,2023-01-11 07:35:00+00:00,-16.012633635837343,-48.24755169324156
12/01/2023,08:05:38,1088,Acidente c,16.0,BR-060/DF,Norte,Colisão Traseira,2,0,0,0,0,0,0,0,0,0,1,0,1,0,0,060,2023-01-12 11:05:38+00:00,-15.95270730521758,-48.174474751029436
14/01/2023,12:40:53,352,Acidente c,2.0,BR-060/DF,Norte,Engavetamento,3,0,0,0,0,0,0,0,0,0,2,0,0,0,0,060,2023-01-14 15:40:53+00:00,-15.887894398539888,-48.078171576973595
16/01/2023,08:24:00,132,Acidente c,3.0,BR-060/DF,Sul,Saida de Pista,1,0,0,0,0,0,0,0,0,0,1,0,0,0,0,060,2023-01-16 11:24:00+00:00,-15.890570424543295,-48.087081067044366
18/01/2023,03:20:00,326,Acidente c,24.0,BR-060/DF,Sul,Colisão Lateral,0,0,1,1,0,0,0,0,0,0,1,0,0,0,0,060,2023-01-18 06:20:00+00:00,-15.992144413890477,-48.23207994070532
18/01/2023,10:04:00,571,Acidente c,26.0,BR-060/DF,Sul,Objeto lançado contra veículo,0,0,1,0,0,0,0,0,0,0,2,0,0,0,0,060,2023-01-18 13:04:00+00:00,-16.00389849375887,-48.24523829325778
21/01/2023,11:01:52,128,Acidente c,13.0,BR-060/DF,Norte,Colisão Lateral,2,0,0,0,0,0,0,0,0,0,2,0,0,0,0,060,2023-01-21 14:01:52+00:00,-15.926640521124574,-48.167015383529694
24/01/2023,07:50:43,80,Acidente c,9.0,BR-060/DF,Norte,Colisão Traseira,2,0,0,0,0,0,0,0,0,0,0,1,1,0,0,060,2023-01-24 10:50:43+00:00,-15.906738448827172,-48.140497635744
28/01/2023,09:02:47,501,Acidente c,12.0,BR-060/DF,Sul,Engavetamento,3,0,0,0,0,0,0,0,0,0,5,1,0,0,0,060,2023-01-28 12:02:47+00:00,-15.917950731309672,-48.164541812566426
04/02/2023,10:30:00,139,Acidente c,30.0,BR-060/DF,Norte,Queda de Moto,0,0,0,1,0,0,0,0,0,0,1,1,0,0,0,060,2023-02-04 13:30:00+00:00,-16.038044280533132,-48.255773204625484
12/02/2023,04:18:00,292,Acidente c,30.0,BR-060/DF,Norte,Saida de Pista,1,0,0,0,0,0,0,0,0,0,1,0,0,0,0,060,2023-02-12 07:18:00+00:00,-16.038044280533132,-48.255773204625484
14/02/2023,11:03:53,168,Acidente c,30.0,BR-060/DF,Norte,Queda de Moto,0,0,0,1,0,0,0,0,0,0,1,0,0,0,0,060,2023-02-14 14:03:53+00:00,-16.038044280533132,-48.255773204625484
16/02/2023,12:42:12,258,Acidente c,9.0,BR-060/DF,Sul,Queda de Moto,0,0,0,1,0,0,0,0,0,0,1,1,0,0,0,060,2023-02-16 15:42:12+00:00,-15.906738448827172,-48.140497635744
17/02/2023,01:35:17,276,Acidente c,10.0,BR-060/DF,Norte,Saida de Pista,1,0,0,0,0,0,0,0,0,0,1,0,0,0,0,060,2023-02-17 04:35:17+00:00,-15.909433209563039,-48.149399239139086
18/02/2023,10:52:10,191,Acidente c,24.0,BR-060/DF,Sul,Engavetamento,1,0,0,0,0,0,0,0,0,0,1,0,0,0,0,060,2023-02-18 13:52:10+00:00,-15.992144413890477,-48.23207994070532
18/02/2023,10:24:00,458,Acidente c,6.0,BR-060/DF,Sul,Saida de Pista,1,0,0,0,0,0,0,0,0,0,2,3,0,0,0,060,2023-02-18 13:24:00+00:00,-15.898636978479185,-48.11379745322939
20/02/2023,01:31:14,21,Acidente c,19.0,BR-060/DF,Norte,Capotamento,1,0,0,0,0,0,0,0,0,0,1,0,0,0,0,060,2023-02-20 04:31:14+00:00,-15.974895370007726,-48.189626613849754
20/02/2023,07:39:15,458,Acidente c,5.5,BR-060/DF,Sul,Capotamento,1,0,0,0,0,0,0,0,0,0,1,0,0,0,0,060,2023-02-20 10:39:15+00:00,-15.89728590178278,-48.10934682721764
21/02/2023,11:15:35,219,Acidente c,3.0,BR-060/DF,Norte,Colisão Traseira,1,0,0,0,0,0,0,0,0,1,1,1,0,0,0,060,2023-02-21 14:15:35+00:00,-15.890570424543295,-48.087081067044366
21/02/2023,09:27:20,414,Acidente c,26.0,BR-060/DF,Norte,Capotamento,1,0,0,0,0,0,0,0,0,0,1,0,0,0,0,060,2023-02-21 12:27:20+00:00,-16.00389849375887,-48.24523829325778
24/02/2023,02:19:00,296,Acidente c,2.7,BR-060/DF,Norte,Colisão Traseira,1,0,0,0,0,0,0,0,0,0,0,1,0,0,0,060,2023-02-24 05:19:00+00:00,-15.889766670314438,-48.08440853581659
24/02/2023,06:21:04,430,Acidente c,15.5,BR-060/DF,Norte,Capotamento,1,0,0,0,0,0,0,0,0,0,0,0,2,0,0,060,2023-02-24 09:21:04+00:00,-15.948356543930375,-48.17323231717683
26/02/2023,02:01:39,235,Acidente c,24.0,BR-060/DF,Norte,Queda de Moto,0,0,0,1,0,0,0,0,0,0,0,1,0,0,0,060,2023-02-26 05:01:39+00:00,-15.992144413890477,-48.23207994070532
27/02/2023,06:37:25,578,Acidente c,17.0,BR-060/DF,Sul,Queda de Ciclista,0,1,1,0,0,0,0,0,0,0,0,1,0,0,0,060,2023-02-27 09:37:25+00:00,-15.960913976370524,-48.17808097568499
27/02/2023,08:20:00,632,Acidente c,3.0,BR-060/DF,Sul,Choque- Poste/Equipamento,2,0,0,0,0,0,0,0,0,0,0,1,0,0,0,060,2023-02-27 11:20:00+00:00,-15.890570424543295,-48.087081067044366
03/03/2023,03:47:00,283,Acidente c,31.0,BR-060/DF,Norte,Saida de Pista,1,0,0,0,0,0,0,0,0,0,1,2,0,0,0,060,2023-03-03 06:47:00+00:00,-16.046840191480747,-48.25744222853095
06/03/2023,06:59:49,327,Acidente c,22.0,BR-060/DF,Norte,Saida de Pista,1,0,0,0,0,0,0,0,0,0,1,0,0,0,0,060,2023-03-06 09:59:49+00:00,-15.984421419053252,-48.215525994734165
17/03/2023,12:26:01,351,Acidente c,28.0,BR-060/DF,Sul,Capotamento,1,0,0,0,0,0,0,0,0,0,0,1,2,0,0,060,2023-03-17 15:26:01+00:00,-16.021021519767856,-48.25081787423561
25/03/2023,01:04:27,25,Acidente c,10.0,BR-060/DF,Sul,Saida de Pista,1,0,0,0,0,0,0,0,0,0,1,0,0,0,0,060,2023-03-25 04:04:27+00:00,-15.909433209563039,-48.149399239139086
26/03/2023,09:12:00,140,Acidente c,29.0,BR-060/DF,Norte,Atropelamento - Ciclista,0,1,0,0,0,0,0,0,0,0,0,0,0,0,1,060,2023-03-26 12:12:00+00:00,-16.029528313854414,-48.253355455172226
27/03/2023,11:26:46,198,Acidente c,4.0,BR-060/DF,Sul,Queda de Moto,0,0,0,0,0,0,0,0,0,0,1,0,0,0,0,060,2023-03-27 14:26:46+00:00,-15.893259852449107,-48.09598631327878
27/03/2023,11:58:54,208,Acidente c,3.0,BR-060/DF,Norte,Colisão Traseira,0,0,0,1,0,0,0,0,0,0,0,1,0,0,0,060,2023-03-27 14:58:54+00:00,-15.890570424543295,-48.087081067044366
29/03/2023,02:16:00,205,Acidente c,18.0,BR-060/DF,Sul,Saida de Pista,0,0,1,0,0,0,0,0,0,0,1,0,0,0,0,060,2023-03-29 05:16:00+00:00,-15.968248777029663,-48.18352085268955
04/04/2023,02:57:18,313,Acidente c,3.0,BR-060/DF,Sul,Colisão Traseira,0,0,0,2,0,0,0,0,0,0,2,0,0,0,0,060,2023-04-04 05:57:18+00:00,-15.890570424543295,-48.087081067044366
07/04/2023,05:11:00,294,Acidente c,1.0,BR-060/DF,Sul,Colisão Lateral,1,0,0,0,0,0,0,0,0,0,1,0,0,0,0,060,2023-04-07 08:11:00+00:00,-15.885213402294612,-48.069263714026626
09/04/2023,03:19:16,46,Acidente c,4.0,BR-060/DF,Sul,Saida de Pista,1,0,0,0,0,0,0,0,0,0,2,0,0,0,0,060,2023-04-09 06:19:16+00:00,-15.893259852449107,-48.09598631327878
09/04/2023,05:52:36,375,Acidente c,2.0,BR-060/DF,Norte,Colisão Traseira,2,0,0,0,0,0,0,0,0,0,3,0,0,0,0,060,2023-04-09 08:52:36+00:00,-15.887894398539888,-48.078171576973595
10/04/2023,09:54:02,462,Acidente c,4.5,BR-060/DF,Sul,Queda de Moto,0,0,0,1,0,0,0,0,0,0,1,0,0,0,0,060,2023-04-10 12:54:02+00:00,-15.894601941264158,-48.100439780793714
13/04/2023,07:46:00,420,Acidente c,3.0,BR-060/DF,Sul,Colisão Traseira,1,0,0,1,0,0,0,0,0,0,2,0,0,0,0,060,2023-04-13 10:46:00+00:00,-15.890570424543295,-48.087081067044366
14/04/2023,07:58:00,84,Acidente c,0.2,BR-060/DF,Norte,Colisão Traseira,2,0,0,0,0,0,0,0,0,0,2,0,0,0,0,060,2023-04-14 10:58:00+00:00,-15.883079789718268,-48.06213392407057
14/04/2023,09:40:06,148,Acidente c,27.0,BR-060/DF,Sul,Saida de Pista,1,0,0,0,0,0,0,0,0,0,1,0,0,0,0,060,2023-04-14 12:40:06+00:00,-16.012633635837343,-48.24755169324156
16/04/2023,10:32:00,474,Acidente c,4.0,BR-060/DF,Norte,Saida de Pista,1,0,0,0,0,0,0,0,0,0,1,0,0,0,0,060,2023-04-16 13:32:00+00:00,-15.893259852449107,-48.09598631327878
22/04/2023,09:00:04,113,Acidente c,9.0,BR-060/DF,Norte,Tombamento,0,0,1,0,0,0,0,0,0,0,1,0,0,0,0,060,2023-04-22 12:00:04+00:00,-15.906738448827172,-48.140497635744
22/04/2023,03:58:32,254,Acidente c,24.0,BR-060/DF,Norte,Capotamento,1,0,0,0,0,0,0,0,0,0,3,2,0,0,0,060,2023-04-22 06:58:32+00:00,-15.992144413890477,-48.23207994070532
27/04/2023,06:37:29,58,Acidente c,5.0,BR-060/DF,Norte,Queda de Moto,0,0,0,1,1,0,0,0,0,0,1,0,0,0,0,060,2023-04-27 09:37:29+00:00,-15.895941809050944,-48.10489399995692
27/04/2023,10:19:00,161,Acidente c,4.1,BR-060/DF,Sul,Colisão Traseira,1,0,0,1,0,0,0,0,0,0,0,1,0,0,0,060,2023-04-27 13:19:00+00:00,-15.893530634954413,-48.096876245730805
28/04/2023,09:32:07,459,Acidente c,8.0,BR-060/DF,Norte,Colisão Lateral,1,0,0,0,0,0,0,0,0,0,1,0,0,0,0,060,2023-04-28 12:32:07+00:00,-15.904031616731608,-48.13159786817079
30/04/2023,09:22:19,165,Acidente c,23.0,BR-060/DF,Norte,Choque- Poste/Equipamento,0,0,1,0,0,0,0,0,0,0,1,0,0,0,0,060,2023-04-30 12:22:19+00:00,-15.988437429591501,-48.223876027201335
01/05/2023,07:45:44,452,Acidente c,5.0,BR-060/DF,Norte,Engavetamento,4,0,0,0,0,0,0,0,0,0,4,1,0,0,0,060,2023-05-01 10:45:44+00:00,-15.895941809050944,-48.10489399995692
05/05/2023,07:51:57,369,Acidente c,1.3,BR-060/DF,Sul,Engavetamento,4,0,0,0,0,0,0,0,0,0,4,0,0,0,0,060,2023-05-05 10:51:57+00:00,-15.886015355122499,-48.071936845255706
12/05/2023,11:11:41,515,Acidente c,26.0,BR-060/DF,Norte,Tombamento,1,0,1,0,0,0,0,0,0,0,5,0,0,0,0,060,2023-05-12 14:11:41+00:00,-16.00389849375887,-48.24523829325778
13/05/2023,03:42:20,281,Acidente c,19.0,BR-060/DF,Norte,Queda de Moto,0,0,0,1,0,0,0,0,0,0,0,1,0,0,0,060,2023-05-13 06:42:20+00:00,-15.974895370007726,-48.189626613849754
14/05/2023,04:35:00,45,Acidente c,9.0,BR-060/DF,Norte,Colisão Traseira,1,0,0,1,0,0,0,0,0,0,1,1,0,0,0,060,2023-05-14 07:35:00+00:00,-15.906738448827172,-48.140497635744
15/05/2023,04:33:53,401,Acidente c,4.0,BR-060/DF,Sul,Choque- Poste/Equipamento,1,0,0,0,1,0,0,0,0,0,2,0,0,0,0,060,2023-05-15 07:33:53+00:00,-15.893259852449107,-48.09598631327878
16/05/2023,02:46:07,25,Acidente c,20.0,BR-060/DF,Norte,Capotamento,1,0,0,0,0,0,0,0,0,0,1,0,0,0,0,060,2023-05-16 05:46:07+00:00,-15.976474517957563,-48.19880946279917
17/05/2023,08:37:44,344,Acidente c,3.0,BR-060/DF,Norte,Colisão Transversal,1,0,0,0,0,0,0,0,0,0,1,0,0,0,0,060,2023-05-17 11:37:44+00:00,-15.890570424543295,-48.087081067044366
18/05/2023,07:58:00,319,Acidente c,8.5,BR-060/DF,Norte,Saida de Pista,1,0,0,0,0,0,0,0,0,0,1,0,0,0,0,060,2023-05-18 10:58:00+00:00,-15.905378278368525,-48.1360499469228
19/05/2023,06:16:50,55,Acidente c,1.0,BR-060/DF,Norte,Capotamento,1,0,0,0,0,0,0,0,0,0,0,2,0,0,0,060,2023-05-19 09:16:50+00:00,-15.885213402294612,-48.069263714026626
21/05/2023,08:25:50,339,Acidente c,18.0,BR-060/DF,Norte,Colisão Traseira,1,0,1,0,0,0,0,0,0,0,2,0,0,0,0,060,2023-05-21 11:25:50+00:00,-15.968248777029663,-48.18352085268955
23/05/2023,06:42:00,54,Acidente c,31.0,BR-060/DF,Norte,Colisão Traseira,1,0,1,0,0,0,0,0,0,0,4,0,0,0,0,060,2023-05-23 09:42:00+00:00,-16.046840191480747,-48.25744222853095
23/05/2023,08:22:35,84,Acidente c,1.5,BR-060/DF,Norte,Colisão Traseira,2,0,0,1,0,0,0,0,0,0,2,1,0,0,0,060,2023-05-23 11:22:35+00:00,-15.886551587787343,-48.07371840795247
25/05/2023,07:59:03,98,Acidente c,4.0,BR-060/DF,Norte,Colisão Traseira,1,0,0,0,0,0,0,0,0,0,1,0,0,0,0,060,2023-05-25 10:59:03+00:00,-15.893259852449107,-48.09598631327878
26/05/2023,04:01:40,268,Acidente c,1.0,BR-060/DF,Norte,Queda de Moto,0,0,0,1,0,0,0,0,0,0,1,0,0,0,0,060,2023-05-26 07:01:40+00:00,-15.885213402294612,-48.069263714026626
27/05/2023,09:10:00,118,Acidente c,3.0,BR-060/DF,Sul,Colisão Traseira,1,0,0,1,0,0,0,0,0,0,2,1,0,0,0,060,2023-05-27 12:10:00+00:00,-15.890570424543295,-48.087081067044366
28/05/2023,06:09:52,315,Acidente c,4.0,BR-060/DF,Norte,Saida de Pista,1,0,0,0,0,0,0,0,0,0,3,0,0,0,0,060,2023-05-28 09:09:52+00:00,-15.893259852449107,-48.09598631327878
29/05/2023,08:07:55,327,Acidente c,2.0,BR-060/DF,Sul,Colisão Lateral,1,0,0,1,0,0,0,0,0,0,1,1,0,0,0,060,2023-05-29 11:07:55+00:00,-15.887894398539888,-48.078171576973595
30/05/2023,10:40:52,145,Acidente c,29.0,BR-060/DF,Norte,Tombamento,0,0,0,0,0,0,0,0,0,1,1,0,0,0,0,060,2023-05-30 13:40:52+00:00,-16.029528313854414,-48.253355455172226
03/06/2023,06:53:00,468,Acidente c,25.0,BR-060/DF,Norte,Atropelamento de Animal,1,0,0,0,0,0,0,0,0,0,2,0,0,0,0,060,2023-06-03 09:53:00+00:00,-15.996666900982364,-48.2401083109208
03/06/2023,08:23:00,518,Acidente c,15.0,BR-060/DF,Norte,Atropelamento de Animal,1,0,0,0,0,0,0,0,0,0,2,0,0,0,0,060,2023-06-03 11:23:00+00:00,-15.944004953122208,-48.17199298206615
04/06/2023,07:40:16,72,Acidente c,2.0,BR-060/DF,Sul,Colisão Traseira,2,0,0,0,0,0,0,0,0,0,2,0,0,0,0,060,2023-06-04 10:40:16+00:00,-15.887894398539888,-48.078171576973595
04/06/2023,09:56:40,456,Acidente c,17.0,BR-060/DF,Norte,Atropelamento - Andarilho,1,0,0,0,0,0,0,0,0,0,5,0,0,0,1,060,2023-06-04 12:56:40+00:00,-15.960913976370524,-48.17808097568499
06/06/2023,05:38:00,286,Acidente c,3.0,BR-060/DF,Sul,Colisão Traseira,1,0,0,1,0,0,0,0,0,0,0,1,0,0,0,060,2023-06-06 08:38:00+00:00,-15.890570424543295,-48.087081067044366
09/06/2023,07:08:22,335,Acidente c,2.0,BR-060/DF,Norte,Choque- Poste/Equipamento,1,0,0,0,0,0,0,0,0,0,0,0,1,0,0,060,2023-06-09 10:08:22+00:00,-15.887894398539888,-48.078171576973595
15/06/2023,05:56:32,40,Acidente c,23.8,BR-060/DF,Sul,Saida de Pista,1,0,0,0,0,0,0,0,0,0,2,0,0,0,0,060,2023-06-15 08:56:32+00:00,-15.990898281795445,-48.23072940991032
18/06/2023,12:43:06,150,Acidente c,30.0,BR-060/DF,Norte,Engavetamento,3,0,0,0,0,0,0,0,0,0,3,1,0,0,0,060,2023-06-18 15:43:06+00:00,-16.038044280533132,-48.255773204625484
19/06/2023,08:51:00,107,Acidente c,18.5,BR-060/DF,Sul,Tombamento,0,0,1,0,0,0,0,0,0,0,2,0,0,0,0,060,2023-06-19 11:51:00+00:00,-15.971917021621,-48.18623959475691
19/06/2023,09:02:40,392,Acidente c,4.0,BR-060/DF,Sul,Saida de Pista,1,0,0,0,0,0,0,0,0,0,1,0,0,0,0,060,2023-06-19 12:02:40+00:00,-15.893259852449107,-48.09598631327878
23/06/2023,12:25:00,394,Acidente c,6.0,BR-060/DF,Sul,Saida de Pista,1,0,0,0,0,0,0,0,0,0,1,0,0,0,0,060,2023-06-23 15:25:00+00:00,-15.898636978479185,-48.11379745322939
26/06/2023,06:41:03,47,Acidente c,3.0,BR-060/DF,Norte,Engavetamento,4,0,0,0,0,0,0,0,0,0,3,0,0,0,0,060,2023-06-26 09:41:03+00:00,-15.890570424543295,-48.087081067044366
26/06/2023,10:11:00,231,Acidente c,2.0,BR-060/DF,Norte,Atropelamento - Sem Informação,0,0,1,0,0,0,0,0,0,0,1,0,0,1,0,060,2023-06-26 13:11:00+00:00,-15.887894398539888,-48.078171576973595
28/06/2023,01:17:23,319,Acidente c,7.0,BR-060/DF,Norte,Tombamento,0,0,1,0,0,0,0,0,0,0,1,0,0,0,0,060,2023-06-28 04:17:23+00:00,-15.90132891731299,-48.122699735434956
03/07/2023,08:20:57,122,Acidente c,4.0,BR-060/DF,Norte,Colisão Traseira,1,0,0,1,0,0,0,0,0,0,2,0,0,0,0,060,2023-07-03 11:20:57+00:00,-15.893259852449107,-48.09598631327878
04/07/2023,01:32:05,234,Acidente c,25.5,BR-060/DF,Norte,Tombamento,0,0,0,0,0,0,0,0,0,0,1,0,0,0,0,060,2023-07-04 04:32:05+00:00,-15.99978328780146,-48.243323134046754
05/07/2023,05:45:00,322,Acidente c,19.0,BR-060/DF,Norte,Capotamento,1,0,0,0,0,0,0,0,0,0,1,0,3,0,0,060,2023-07-05 08:45:00+00:00,-15.974895370007726,-48.189626613849754
06/07/2023,08:35:50,133,Acidente c,1.0,BR-060/DF,Norte,Colisão Traseira,1,0,1,0,0,0,0,0,0,0,2,0,0,0,0,060,2023-07-06 11:35:50+00:00,-15.885213402294612,-48.069263714026626
11/07/2023,07:30:00,446,Acidente c,3.0,BR-060/DF,Norte,Colisão Lateral,1,0,0,0,0,0,0,0,0,0,2,0,0,0,0,060,2023-07-11 10:30:00+00:00,-15.890570424543295,-48.087081067044366
21/07/2023,08:18:07,561,Acidente c,3.0,BR-060/DF,Sul,Colisão Traseira,2,0,0,0,0,0,0,0,0,0,4,0,1,0,0,060,2023-07-21 11:18:07+00:00,-15.890570424543295,-48.087081067044366
23/07/2023,09:08:47,267,Acidente c,26.0,BR-060/DF,Sul,Saida de Pista,1,0,0,0,0,0,0,0,0,0,1,0,0,0,0,060,2023-07-23 12:08:47+00:00,-16.00389849375887,-48.24523829325778
24/07/2023,06:40:54,468,Acidente c,17.0,BR-060/DF,Norte,Saida de Pista,0,0,1,0,0,0,0,0,0,0,1,0,0,0,0,060,2023-07-24 09:40:54+00:00,-15.960913976370524,-48.17808097568499
29/07/2023,03:53:47,370,Acidente c,10.15,BR-060/DF,Sul,Capotamento,1,0,0,0,0,0,0,0,0,0,0,2,1,0,1,060,2023-07-29 06:53:47+00:00,-15.909843891357388,-48.1507326961391
29/07/2023,05:13:17,406,Acidente c,14.0,BR-060/DF,Norte,Engavetamento,3,0,0,0,0,0,0,0,0,0,4,1,0,0,0,060,2023-07-29 08:13:17+00:00,-15.935302713590612,-48.169510831519545
31/07/2023,07:28:00,61,Acidente c,3.0,BR-060/DF,Sul,Engavetamento,2,0,0,1,0,0,0,0,0,0,3,1,0,0,0,060,2023-07-31 10:28:00+00:00,-15.890570424543295,-48.087081067044366
01/08/2023,12:48:41,11,Acidente c,5.0,BR-060/DF,Sul,Colisão Traseira,2,0,0,0,0,0,0,0,0,0,1,0,1,0,0,060,2023-08-01 15:48:41+00:00,-15.895941809050944,-48.10489399995692
03/08/2023,03:20:52,275,Acidente c,8.0,BR-060/DF,Sul,Colisão Traseira,2,0,0,0,0,0,0,0,0,0,2,0,0,0,0,060,2023-08-03 06:20:52+00:00,-15.904031616731608,-48.13159786817079
06/08/2023,06:58:10,89,Acidente c,21.0,BR-060/DF,Norte,Colisão Traseira,1,0,0,1,0,0,0,0,0,0,0,1,0,1,1,060,2023-08-06 09:58:10+00:00,-15.980282887787558,-48.20723244241915
06/08/2023,09:12:00,161,Acidente c,8.0,BR-060/DF,Norte,Capotamento,1,0,0,0,0,0,0,0,0,0,0,0,0,1,0,060,2023-08-06 12:12:00+00:00,-15.904031616731608,-48.13159786817079
09/08/2023,07:14:42,453,Acidente c,26.0,BR-060/DF,Norte,Queda de Moto,0,0,0,1,0,0,0,0,0,0,1,0,0,0,0,060,2023-08-09 10:14:42+00:00,-16.00389849375887,-48.24523829325778
12/08/2023,05:34:51,45,Acidente c,15.0,BR-060/DF,Norte,Choque- Poste/Equipamento,1,0,0,0,0,0,0,0,0,0,5,0,0,0,0,060,2023-08-12 08:34:51+00:00,-15.944004953122208,-48.17199298206615
12/08/2023,05:57:29,442,Acidente c,3.0,BR-060/DF,Norte,Capotamento,1,0,0,0,0,0,0,0,0,0,0,1,0,1,0,060,2023-08-12 08:57:29+00:00,-15.890570424543295,-48.087081067044366
15/08/2023,05:48:11,62,Acidente c,21.3,BR-060/DF,Sul,Saida de Pista,0,0,1,0,0,0,0,0,0,0,1,0,0,0,0,060,2023-08-15 08:48:11+00:00,-15.981524597059211,-48.20972042242343
18/08/2023,08:19:05,529,Acidente c,2.0,BR-060/DF,Sul,Colisão Lateral,0,0,0,1,0,0,0,0,0,1,2,0,0,0,0,060,2023-08-18 11:19:05+00:00,-15.887894398539888,-48.078171576973595
20/08/2023,09:12:00,383,Acidente c,7.0,BR-060/DF,Sul,Colisão Lateral,0,0,0,1,0,0,0,0,0,1,4,0,0,1,0,060,2023-08-20 12:12:00+00:00,-15.90132891731299,-48.122699735434956
21/08/2023,07:35:00,66,Acidente c,3.0,BR-060/DF,Sul,Colisão Traseira,1,0,0,1,0,0,0,0,0,0,2,0,0,0,0,060,2023-08-21 10:35:00+00:00,-15.890570424543295,-48.087081067044366
21/08/2023,08:44:58,109,Acidente c,3.0,BR-060/DF,Norte,Queda de Moto,1,0,0,0,0,0,0,0,0,0,1,0,0,0,0,060,2023-08-21 11:44:58+00:00,-15.890570424543295,-48.087081067044366
24/08/2023,07:59:00,533,Acidente c,17.0,BR-060/DF,Sul,Saida de Pista,0,0,1,0,0,0,0,0,0,0,1,0,1,0,1,060,2023-08-24 10:59:00+00:00,-15.960913976370524,-48.17808097568499
24/08/2023,11:50:00,585,Acidente c,5.0,BR-060/DF,Norte,Colisão Traseira,0,0,2,0,0,0,0,0,0,0,1,0,1,0,0,060,2023-08-24 14:50:00+00:00,-15.895941809050944,-48.10489399995692
29/08/2023,06:07:07,351,Acidente c,12.0,BR-060/DF,Sul,Colisão Traseira,0,0,1,1,0,0,0,0,0,0,1,0,0,1,0,060,2023-08-29 09:07:07+00:00,-15.917950731309672,-48.164541812566426
01/09/2023,05:36:09,35,Acidente c,26.0,BR-060/DF,Norte,Saida de Pista,0,0,0,0,0,0,0,0,0,1,1,0,0,0,0,060,2023-09-01 08:36:09+00:00,-16.00389849375887,-48.24523829325778
02/09/2023,07:38:47,103,Acidente c,16.0,BR-060/DF,Norte,Capotamento,1,0,0,0,0,0,0,0,0,0,1,0,0,0,0,060,2023-09-02 10:38:47+00:00,-15.95270730521758,-48.174474751029436
02/09/2023,02:27:24,302,Acidente c,7.0,BR-060/DF,Norte,Capotamento,1,0,0,0,0,0,0,0,0,0,0,1,0,0,0,060,2023-09-02 05:27:24+00:00,-15.90132891731299,-48.122699735434956
03/09/2023,01:15:39,322,Acidente c,22.0,BR-060/DF,Norte,Queda de Moto,1,0,0,1,0,0,0,0,0,0,1,0,0,1,0,060,2023-09-03 04:15:39+00:00,-15.984421419053252,-48.215525994734165
03/09/2023,08:00:13,506,Acidente c,1.0,BR-060/DF,Norte,Atropelamento - Morador,1,0,0,0,0,0,0,0,0,0,1,0,0,1,0,060,2023-09-03 11:00:13+00:00,-15.885213402294612,-48.069263714026626
04/09/2023,06:40:00,64,Acidente c,28.0,BR-060/DF,Sul,Colisão Traseira,2,0,0,0,0,0,0,0,0,0,2,0,0,0,0,060,2023-09-04 09:40:00+00:00,-16.021021519767856,-48.25081787423561
05/09/2023,06:09:19,53,Acidente c,25.0,BR-060/DF,Sul,Colisão Frontal,0,0,1,0,0,0,0,0,0,0,1,0,0,0,0,060,2023-09-05 09:09:19+00:00,-15.996666900982364,-48.2401083109208
05/09/2023,09:32:56,393,Acidente c,7.0,BR-060/DF,Sul,Colisão Traseira,1,0,0,0,0,0,0,0,0,1,1,1,0,0,0,060,2023-09-05 12:32:56+00:00,-15.90132891731299,-48.122699735434956
09/09/2023,08:34:00,436,Acidente c,3.0,BR-060/DF,Sul,Colisão Traseira,1,0,0,1,0,0,0,0,0,0,1,1,0,0,0,060,2023-09-09 11:34:00+00:00,-15.890570424543295,-48.087081067044366
10/09/2023,12:36:33,8,Acidente c,19.0,BR-060/DF,Norte,Saida de Pista,1,0,0,0,0,0,0,0,0,0,1,0,0,0,0,060,2023-09-10 15:36:33+00:00,-15.974895370007726,-48.189626613849754