data,horario,n_da_ocorrencia,tipo_de_ocorrencia,km,trecho,sentido,tipo_de_acidente,automovel,bicicleta,caminhao,moto,onibus,outros,tracao_animal,transporte_de_cargas_especiais,trator_maquinas,utilitarios,ilesos,levemente_feridos,moderadamente_feridos,gravemente_feridos,mortos,vl_br,timestamp_utc,latitude_acidente,longitude_acidente
14/09/2023,05:14:44,296,Acidente c,10.0,BR-060/DF,Sul,Colisão Frontal,0,1,0,0,0,0,0,0,0,1,2,0,0,0,0,060,2023-09-14 08:14:44+00:00,-15.909433209563039,-48.149399239139086
15/09/2023,07:17:05,67,Acidente c,15.6,BR-060/DF,Norte,Saida de Pista,0,0,0,0,0,0,0,0,0,1,1,0,0,0,0,060,2023-09-15 10:17:05+00:00,-15.949225859972511,-48.17348391435167
23/09/2023,09:50:27,491,Acidente c,8.0,BR-060/DF,Norte,Saida de Pista,1,0,0,0,0,0,0,0,0,0,2,0,0,0,0,060,2023-09-23 12:50:27+00:00,-15.904031616731608,-48.13159786817079
30/09/2023,03:02:31,263,Acidente c,7.0,BR-060/DF,Norte,Colisão Traseira,1,0,0,1,0,0,0,0,0,0,1,1,0,0,0,060,2023-09-30 06:02:31+00:00,-15.90132891731299,-48.122699735434956
02/10/2023,09:50:16,513,Acidente c,26.0,BR-060/DF,Norte,Capotamento,0,0,0,0,0,0,0,0,0,1,1,1,3,0,0,060,2023-10-02 12:50:16+00:00,-16.00389849375887,-48.24523829325778
03/10/2023,10:03:06,199,Acidente c,3.0,BR-060/DF,Sul,Colisão Traseira,1,0,0,0,0,0,0,0,0,0,2,1,0,0,0,060,2023-10-03 13:03:06+00:00,-15.890570424543295,-48.087081067044366
07/10/2023,03:00:44,25,Acidente c,7.0,BR-060/DF,Norte,Engavetamento,3,0,0,0,0,0,0,0,0,0,3,0,0,0,0,060,2023-10-07 06:00:44+00:00,-15.90132891731299,-48.122699735434956
08/10/2023,05:32:28,30,Acidente c,30.0,BR-060/DF,Norte,Atropelamento de Animal,1,0,0,0,0,0,0,0,0,0,2,0,0,0,0,060,2023-10-08 08:32:28+00:00,-16.038044280533132,-48.255773204625484
12/10/2023,08:38:00,142,Acidente c,2.7,BR-060/DF,Norte,Choque- Poste/Equipamento,1,0,0,1,0,0,0,0,0,0,0,0,1,0,0,060,2023-10-12 11:38:00+00:00,-15.889766670314438,-48.08440853581659
15/10/2023,06:15:13,428,Acidente c,6.0,BR-060/DF,Norte,Colisão Lateral,0,1,0,0,0,0,0,0,0,1,2,0,1,0,0,060,2023-10-15 09:15:13+00:00,-15.898636978479185,-48.11379745322939
23/10/2023,06:56:27,447,Acidente c,8.0,BR-060/DF,Sul,Atropelamento de Animal,0,0,0,1,0,0,0,0,0,0,0,0,1,0,0,060,2023-10-23 09:56:27+00:00,-15.904031616731608,-48.13159786817079
25/10/2023,07:09:19,405,Acidente c,24.0,BR-060/DF,Norte,Saida de Pista,1,0,0,0,0,0,0,0,0,0,1,0,1,0,0,060,2023-10-25 10:09:19+00:00,-15.992144413890477,-48.23207994070532
28/10/2023,07:55:48,106,Acidente c,26.0,BR-060/DF,Norte,Capotamento,1,0,0,0,0,0,0,0,0,0,2,0,0,0,0,060,2023-10-28 10:55:48+00:00,-16.00389849375887,-48.24523829325778
28/10/2023,07:22:46,592,Acidente c,9.5,BR-060/DF,Norte,Atropelamento - Sem Informação,1,0,0,0,0,0,0,0,0,0,0,0,1,0,0,060,2023-10-28 10:22:46+00:00,-15.908044652537315,-48.14496117600436
29/10/2023,09:48:20,492,Acidente c,14.0,BR-060/DF,Norte,Colisão Traseira,2,0,0,0,0,0,0,0,0,0,2,0,0,0,0,060,2023-10-29 12:48:20+00:00,-15.935302713590612,-48.169510831519545
30/10/2023,09:27:48,117,Acidente c,29.0,BR-060/DF,Sul,Atropelamento - Funcionário,1,0,0,0,0,0,0,0,0,0,1,1,0,0,0,060,2023-10-30 12:27:48+00:00,-16.029528313854414,-48.253355455172226
31/10/2023,03:33:25,330,Acidente c,6.0,BR-060/DF,Sul,Saida de Pista,0,0,1,0,0,0,0,0,0,0,2,0,0,0,0,060,2023-10-31 06:33:25+00:00,-15.898636978479185,-48.11379745322939
01/11/2023,06:52:43,393,Acidente c,28.0,BR-060/DF,Norte,Capotamento,1,0,0,0,0,0,0,0,0,0,4,0,0,0,0,060,2023-11-01 09:52:43+00:00,-16.021021519767856,-48.25081787423561
01/11/2023,10:24:20,472,Acidente c,28.0,BR-060/DF,Sul,Saida de Pista,0,0,1,0,0,0,0,0,0,0,1,0,0,0,0,060,2023-11-01 13:24:20+00:00,-16.021021519767856,-48.25081787423561
03/11/2023,01:46:07,272,Acidente c,27.0,BR-060/DF,Norte,Capotamento,1,0,0,0,0,0,0,0,0,0,1,0,0,0,0,060,2023-11-03 04:46:07+00:00,-16.012633635837343,-48.24755169324156
03/11/2023,10:45:25,543,Acidente c,9.0,BR-060/DF,Sul,Tombamento,0,0,1,0,0,0,0,0,0,0,1,0,0,0,0,060,2023-11-03 13:45:25+00:00,-15.906738448827172,-48.140497635744
11/11/2023,08:25:00,467,Acidente c,9.0,BR-060/DF,Norte,Colisão Traseira,2,0,0,0,0,0,0,0,0,0,1,1,0,0,0,060,2023-11-11 11:25:00+00:00,-15.906738448827172,-48.140497635744
12/11/2023,04:37:00,55,Acidente c,8.0,BR-060/DF,Norte,Saida de Pista,1,0,0,0,0,0,0,0,0,0,4,0,0,0,0,060,2023-11-12 07:37:00+00:00,-15.904031616731608,-48.13159786817079
12/11/2023,12:58:40,256,Acidente c,2.0,BR-060/DF,Sul,Queda de Moto,0,0,0,1,0,0,0,0,0,0,1,1,0,0,0,060,2023-11-12 15:58:40+00:00,-15.887894398539888,-48.078171576973595
15/11/2023,08:54:12,490,Acidente c,16.0,BR-060/DF,Sul,Capotamento,0,0,0,0,0,0,0,0,0,1,1,0,0,0,0,060,2023-11-15 11:54:12+00:00,-15.95270730521758,-48.174474751029436
19/11/2023,08:17:25,75,Acidente c,23.0,BR-060/DF,Sul,Queda de Moto,0,0,0,1,0,0,0,0,0,0,1,0,0,0,0,060,2023-11-19 11:17:25+00:00,-15.988437429591501,-48.223876027201335
19/11/2023,05:13:42,295,Acidente c,3.0,BR-060/DF,Norte,Colisão Lateral,2,0,0,0,0,0,0,0,0,0,5,1,0,0,0,060,2023-11-19 08:13:42+00:00,-15.890570424543295,-48.087081067044366
23/11/2023,04:36:27,553,Acidente c,16.0,BR-060/DF,Norte,Colisão Traseira,0,0,2,0,0,0,0,0,0,0,2,0,0,0,0,060,2023-11-23 07:36:27+00:00,-15.95270730521758,-48.174474751029436
01/12/2023,04:29:56,503,Acidente c,0.1,BR-060/DF,Norte,Atropelamento - Usuário,1,0,0,0,0,0,0,0,0,0,2,0,0,0,1,060,2023-12-01 07:29:56+00:00,-15.882815458182089,-48.06124193278919
03/12/2023,08:22:51,464,Acidente c,3.0,BR-060/DF,Sul,Colisão Traseira,1,0,0,1,0,0,0,0,0,0,1,0,1,1,0,060,2023-12-03 11:22:51+00:00,-15.890570424543295,-48.087081067044366
04/12/2023,10:23:00,215,Acidente c,2.7,BR-060/DF,Sul,Capotamento,0,0,0,0,0,0,0,0,0,1,1,0,0,0,0,060,2023-12-04 13:23:00+00:00,-15.889766670314438,-48.08440853581659
08/12/2023,08:57:12,685,Acidente c,1.0,BR-060/DF,Norte,Colisão Traseira,2,0,0,0,0,0,0,0,0,0,2,0,0,0,0,060,2023-12-08 11:57:12+00:00,-15.885213402294612,-48.069263714026626
10/12/2023,05:46:00,539,Acidente c,7.0,BR-060/DF,Sul,Colisão Traseira,1,0,0,0,0,0,0,0,0,0,4,0,0,0,0,060,2023-12-10 08:46:00+00:00,-15.90132891731299,-48.122699735434956
10/12/2023,10:55:42,824,Acidente c,23.0,BR-060/DF,Norte,Capotamento,1,0,0,0,0,0,0,0,0,0,1,0,0,0,0,060,2023-12-10 13:55:42+00:00,-15.988437429591501,-48.223876027201335
13/12/2023,07:38:52,648,Acidente c,10.0,BR-060/DF,Norte,Colisão Lateral,1,0,1,0,0,0,0,0,0,0,2,0,0,0,0,060,2023-12-13 10:38:52+00:00,-15.909433209563039,-48.149399239139086
20/12/2023,02:44:15,388,Acidente c,23.0,BR-060/DF,Sul,Capotamento,1,0,0,0,0,0,0,0,0,0,3,1,0,0,0,060,2023-12-20 05:44:15+00:00,-15.988437429591501,-48.223876027201335
21/12/2023,01:09:44,255,Acidente c,27.0,BR-060/DF,Norte,Queda de Moto,0,0,0,1,0,0,0,0,0,0,1,0,0,0,0,060,2023-12-21 04:09:44+00:00,-16.012633635837343,-48.24755169324156
22/12/2023,10:04:00,237,Acidente c,10.0,BR-060/DF,Sul,Colisão Frontal,3,0,0,0,0,0,0,0,0,0,1,1,2,0,0,060,2023-12-22 13:04:00+00:00,-15.909433209563039,-48.149399239139086
22/12/2023,10:57:00,268,Acidente c,16.0,BR-060/DF,Norte,Saida de Pista,1,0,0,0,0,0,0,0,0,0,2,0,0,0,0,060,2023-12-22 13:57:00+00:00,-15.95270730521758,-48.174474751029436
22/12/2023,05:42:34,441,Acidente c,25.0,BR-060/DF,Norte,Saida de Pista,1,0,0,0,0,0,0,0,0,0,0,2,0,0,0,060,2023-12-22 08:42:34+00:00,-15.996666900982364,-48.2401083109208
25/12/2023,07:30:32,381,Acidente c,16.0,BR-060/DF,Norte,Queda de Moto,0,0,0,1,0,0,0,0,0,0,0,0,1,0,0,060,2023-12-25 10:30:32+00:00,-15.95270730521758,-48.174474751029436
26/12/2023,11:35:00,1046,Acidente c,2.0,BR-060/DF,Norte,Capotamento,1,0,0,0,0,0,0,0,0,0,1,0,0,0,0,060,2023-12-26 14:35:00+00:00,-15.887894398539888,-48.078171576973595
28/12/2023,07:19:11,390,Acidente c,1.5,BR-060/DF,Sul,Colisão Lateral,0,0,0,2,0,0,0,0,0,0,1,0,0,0,0,060,2023-12-28 10:19:11+00:00,-15.886551587787343,-48.07371840795247
01/01/2024,04:04:45,12,Com vítima,1.0,BR-060/DF,Crescente,Atropelamento de pedestre,0,0,0,0,0,0,0,0,0,0,2,0,0,0,0,060,2024-01-01 07:04:45+00:00,-15.885213402294612,-48.069263714026626
01/01/2024,08:14:00,443,Sem vítima,0.5,BR-060/DF,Crescente,Colisão traseira,0,0,0,0,0,0,0,0,0,0,4,0,0,0,0,060,2024-01-01 11:14:00+00:00,-15.883874648754393,-48.064809265741
02/01/2024,08:20:30,67,Sem vítima,8.0,BR-060/DF,Decrescente,Colisão lateral no mesmo sentido,0,0,0,0,0,0,0,0,0,0,4,0,0,0,0,060,2024-01-02 11:20:30+00:00,-15.904031616731608,-48.13159786817079
02/01/2024,08:32:05,75,Com vítima,13.0,BR-060/DF,Decrescente,Queda de moto,0,0,0,0,0,0,0,0,0,0,0,0,2,0,0,060,2024-01-02 11:32:05+00:00,-15.926640521124574,-48.167015383529694
03/01/2024,10:31:15,273,Sem vítima,22.9,BR-060/DF,Decrescente,Tombamento,0,0,0,0,0,0,0,0,0,0,0,0,0,0,0,060,2024-01-03 13:31:15+00:00,-15.988125037800588,-48.2230010866408
03/01/2024,05:06:28,555,Com vítima,7.0,BR-060/DF,Crescente,Atropelamento de pedestre,0,0,0,0,0,0,0,0,0,0,2,0,0,0,0,060,2024-01-03 08:06:28+00:00,-15.90132891731299,-48.122699735434956
05/01/2024,11:34:11,284,Sem vítima,8.0,BR-060/DF,Crescente,Acidentes de outra natureza,0,0,0,0,0,0,0,0,0,0,2,0,0,0,0,060,2024-01-05 14:34:11+00:00,-15.904031616731608,-48.13159786817079
06/01/2024,04:45:00,501,Sem vítima,15.4,BR-060/DF,Decrescente,Colisão lateral no mesmo sentido,0,0,0,0,0,0,0,0,0,0,2,0,0,0,0,060,2024-01-06 07:45:00+00:00,-15.94748601527228,-48.17298524118472
11/01/2024,10:57:23,549,Com vítima,0.3,BR-060/DF,Decrescente,Atropelamento de ciclista,0,0,0,0,0,0,0,0,0,0,2,0,0,0,0,060,2024-01-11 13:57:23+00:00,-15.883343656716994,-48.063026051802055
16/01/2024,10:58:34,634,Com vítima,6.0,BR-060/DF,Decrescente,Colisão lateral no mesmo sentido,0,0,0,0,0,0,0,0,0,0,2,0,0,2,2,060,2024-01-16 13:58:34+00:00,-15.898636978479185,-48.11379745322939
20/01/2024,07:34:00,584,Sem vítima,7.0,BR-060/DF,Crescente,Capotamento,0,0,0,0,0,0,0,0,0,0,2,0,0,0,0,060,2024-01-20 10:34:00+00:00,-15.90132891731299,-48.122699735434956
21/01/2024,04:10:18,19,Sem vítima,21.8,BR-060/DF,Decrescente,Acidentes de outra natureza,0,0,0,0,0,0,0,0,0,0,2,0,0,0,0,060,2024-01-21 07:10:18+00:00,-15.983594526912439,-48.213866853437366
21/01/2024,05:18:00,538,Sem vítima,31.5,BR-060/DF,Decrescente,Colisão traseira,0,0,0,0,0,0,0,0,0,0,4,0,0,0,0,060,2024-01-21 08:18:00+00:00,-16.0510288833355,-48.2591731622825
22/01/2024,04:07:00,351,Sem vítima,27.0,BR-060/DF,Crescente,Acidentes de outra natureza,0,0,0,0,0,0,0,0,0,0,2,0,0,0,0,060,2024-01-22 07:07:00+00:00,-16.012633635837343,-48.24755169324156
25/01/2024,01:52:00,310,Com vítima,27.8,BR-060/DF,Crescente,Capotamento,0,0,0,0,0,0,0,0,0,0,0,0,8,0,0,060,2024-01-25 04:52:00+00:00,-16.01944393636853,-48.249910223372474
25/01/2024,06:35:14,433,Sem vítima,8.0,BR-060/DF,Decrescente,Colisão lateral no mesmo sentido,0,0,0,0,0,0,0,0,0,0,2,0,0,0,0,060,2024-01-25 09:35:14+00:00,-15.904031616731608,-48.13159786817079
06/02/2024,12:29:53,267,Sem vítima,28.0,BR-060/DF,Decrescente,Tombamento,0,0,0,0,0,0,0,0,0,0,6,0,0,0,0,060,2024-02-06 15:29:53+00:00,-16.021021519767856,-48.25081787423561
09/02/2024,03:29:00,357,Sem vítima,17.0,BR-060/DF,Decrescente,Tombamento,0,0,0,0,0,0,0,0,0,0,0,0,0,0,0,060,2024-02-09 06:29:00+00:00,-15.960913976370524,-48.17808097568499
17/02/2024,05:48:00,479,Com vítima,17.0,BR-060/DF,Decrescente,Queda de bicicleta,0,0,0,0,0,0,0,0,0,0,0,0,0,0,0,060,2024-02-17 08:48:00+00:00,-15.960913976370524,-48.17808097568499
18/02/2024,09:29:00,614,Sem vítima,9.0,BR-060/DF,Decrescente,Acidentes de outra natureza,0,0,0,0,0,0,0,0,0,0,2,0,0,0,0,060,2024-02-18 12:29:00+00:00,-15.906738448827172,-48.140497635744
24/02/2024,01:58:00,564,Com vítima,25.0,BR-060/DF,Crescente,Acidentes de outra natureza,0,0,0,0,0,0,0,0,0,0,0,2,2,0,0,060,2024-02-24 04:58:00+00:00,-15.996666900982364,-48.2401083109208
24/02/2024,10:57:00,864,Sem vítima,5.0,BR-060/DF,Crescente,Colisão lateral no mesmo sentido,0,0,0,0,0,0,0,0,0,0,4,0,0,0,0,060,2024-02-24 13:57:00+00:00,-15.895941809050944,-48.10489399995692
02/03/2024,01:24:00,271,Com vítima,9.0,BR-060/DF,Crescente,Queda de moto,0,0,0,0,0,0,0,0,0,0,2,2,0,0,0,060,2024-03-02 04:24:00+00:00,-15.906738448827172,-48.140497635744
03/03/2024,01:11:56,342,Sem vítima,27.0,BR-060/DF,Decrescente,Acidentes de outra natureza,0,0,0,0,0,0,0,0,0,0,6,0,0,0,0,060,2024-03-03 04:11:56+00:00,-16.012633635837343,-48.24755169324156
04/03/2024,02:17:00,405,Com vítima,27.0,BR-060/DF,Crescente,Capotamento,0,0,0,0,0,0,0,0,0,0,0,0,0,2,0,060,2024-03-04 05:17:00+00:00,-16.012633635837343,-48.24755169324156
04/03/2024,02:30:00,416,Sem vítima,15.0,BR-060/DF,Crescente,Colisão lateral no mesmo sentido,0,0,0,0,0,0,0,0,0,0,4,0,0,0,0,060,2024-03-04 05:30:00+00:00,-15.944004953122208,-48.17199298206615
05/03/2024,11:06:51,208,Sem vítima,22.0,BR-060/DF,Decrescente,Capotamento,0,0,0,0,0,0,0,0,0,0,2,0,0,0,0,060,2024-03-05 14:06:51+00:00,-15.984421419053252,-48.215525994734165
05/03/2024,02:44:09,364,Com vítima,8.0,BR-060/DF,Decrescente,Colisão traseira,0,0,0,0,0,0,0,0,0,0,2,0,2,0,0,060,2024-03-05 05:44:09+00:00,-15.904031616731608,-48.13159786817079
08/03/2024,07:14:05,124,Com vítima,7.0,BR-060/DF,Decrescente,Capotamento,0,0,0,0,0,0,0,0,0,0,0,2,0,0,0,060,2024-03-08 10:14:05+00:00,-15.90132891731299,-48.122699735434956
08/03/2024,08:03:04,147,Sem vítima,3.0,BR-060/DF,Decrescente,Colisão traseira,0,0,0,0,0,0,0,0,0,0,4,0,0,0,0,060,2024-03-08 11:03:04+00:00,-15.890570424543295,-48.087081067044366
09/03/2024,04:11:17,502,Sem vítima,19.0,BR-060/DF,Decrescente,Colisão traseira,0,0,0,0,0,0,0,0,0,0,4,0,0,0,0,060,2024-03-09 07:11:17+00:00,-15.974895370007726,-48.189626613849754
13/03/2024,06:31:26,551,Sem vítima,26.0,BR-060/DF,Decrescente,Tombamento,0,0,0,0,0,0,0,0,0,0,2,0,0,0,0,060,2024-03-13 09:31:26+00:00,-16.00389849375887,-48.24523829325778
16/03/2024,03:55:52,452,Sem vítima,12.0,BR-060/DF,Crescente,Colisão transversal,0,0,0,0,0,0,0,0,0,0,8,0,0,0,0,060,2024-03-16 06:55:52+00:00,-15.917950731309672,-48.164541812566426
17/03/2024,07:12:57,258,Sem vítima,28.1,BR-060/DF,Crescente,Queda de moto,0,0,0,0,0,0,0,0,0,0,2,0,0,0,0,060,2024-03-17 10:12:57+00:00,-16.02181199953551,-48.25126854886867
17/03/2024,09:30:10,774,Sem vítima,9.0,BR-060/DF,Decrescente,Colisão lateral no mesmo sentido,0,0,0,0,0,0,0,0,0,0,4,0,0,0,0,060,2024-03-17 12:30:10+00:00,-15.906738448827172,-48.140497635744
21/03/2024,08:01:05,231,Sem vítima,12.0,BR-060/DF,Decrescente,Queda de moto,0,0,0,0,0,0,0,0,0,0,2,0,0,0,0,060,2024-03-21 11:01:05+00:00,-15.917950731309672,-48.164541812566426
25/03/2024,12:48:07,311,Sem vítima,9.0,BR-060/DF,Decrescente,Choque,0,0,0,0,0,0,0,0,0,0,2,0,0,0,0,060,2024-03-25 15:48:07+00:00,-15.906738448827172,-48.140497635744
28/03/2024,04:15:00,466,Sem vítima,23.0,BR-060/DF,Crescente,Acidentes de outra natureza,0,0,0,0,0,0,0,0,0,0,2,0,0,0,0,060,2024-03-28 07:15:00+00:00,-15.988437429591501,-48.223876027201335
02/04/2024,05:18:01,888,Sem vítima,9.0,BR-060/DF,Decrescente,Acidentes de outra natureza,0,0,0,0,0,0,0,0,0,1,0,0,0,0,0,060,2024-04-02 08:18:01+00:00,-15.906738448827172,-48.140497635744
05/04/2024,08:44:50,168,Sem vítima,2.0,BR-060/DF,Crescente,Colisão traseira,4,0,0,0,0,0,0,0,0,0,8,0,0,0,0,060,2024-04-05 11:44:50+00:00,-15.887894398539888,-48.078171576973595
05/04/2024,07:30:00,610,Com vítima,5.0,BR-060/DF,Crescente,Atropelamento de pedestre,0,0,0,1,0,0,0,0,0,0,2,1,0,0,0,060,2024-04-05 10:30:00+00:00,-15.895941809050944,-48.10489399995692
07/04/2024,09:59:38,242,Sem vítima,2.0,BR-060/DF,Decrescente,Colisão traseira,2,0,0,0,0,0,0,0,0,0,4,0,0,0,0,060,2024-04-07 12:59:38+00:00,-15.887894398539888,-48.078171576973595
07/04/2024,03:43:49,525,Sem vítima,24.0,BR-060/DF,Decrescente,Colisão frontal,1,0,0,0,0,0,0,0,0,0,2,0,0,0,0,060,2024-04-07 06:43:49+00:00,-15.992144413890477,-48.23207994070532
08/04/2024,11:37:53,551,Com vítima,3.0,BR-060/DF,Crescente,Colisão lateral no mesmo sentido,2,0,0,0,0,0,0,0,0,0,6,4,0,0,0,060,2024-04-08 14:37:53+00:00,-15.890570424543295,-48.087081067044366
12/04/2024,06:31:00,563,Com vítima,1.0,BR-060/DF,Decrescente,Colisão frontal,1,0,0,1,0,0,0,0,0,0,2,0,2,0,0,060,2024-04-12 09:31:00+00:00,-15.885213402294612,-48.069263714026626
12/04/2024,07:56:04,590,Sem vítima,14.0,BR-060/DF,Decrescente,Colisão traseira,0,0,2,0,0,0,0,0,0,0,6,0,0,0,0,060,2024-04-12 10:56:04+00:00,-15.935302713590612,-48.169510831519545
13/04/2024,09:58:00,143,Sem vítima,22.0,BR-060/DF,Crescente,Acidentes de outra natureza,0,0,0,0,0,0,0,0,0,1,4,0,0,0,0,060,2024-04-13 12:58:00+00:00,-15.984421419053252,-48.215525994734165
14/04/2024,03:18:21,143,Sem vítima,6.0,BR-060/DF,Decrescente,Acidentes de outra natureza,1,0,0,0,0,0,0,0,0,0,2,0,0,0,0,060,2024-04-14 06:18:21+00:00,-15.898636978479185,-48.11379745322939
17/04/2024,07:06:00,142,Sem vítima,11.0,BR-060/DF,Decrescente,Engavetamento,2,0,0,1,0,0,0,0,0,0,6,0,0,0,0,060,2024-04-17 10:06:00+00:00,-15.91214363530004,-48.1582979635198
20/04/2024,02:22:59,653,Sem vítima,20.0,BR-060/DF,Crescente,Colisão traseira,2,0,0,0,0,0,0,0,0,0,4,0,0,0,0,060,2024-04-20 05:22:59+00:00,-15.976474517957563,-48.19880946279917
21/04/2024,12:10:45,3,Sem vítima,0.5,BR-060/DF,Decrescente,Colisão frontal,2,0,0,0,0,0,0,0,0,0,4,0,0,0,0,060,2024-04-21 15:10:45+00:00,-15.883874648754393,-48.064809265741
25/04/2024,06:01:15,94,Sem vítima,24.0,BR-060/DF,Decrescente,Capotamento,0,0,0,0,0,0,0,0,0,1,2,0,0,0,0,060,2024-04-25 09:01:15+00:00,-15.992144413890477,-48.23207994070532
25/04/2024,08:10:47,173,Sem vítima,7.0,BR-060/DF,Decrescente,Colisão traseira,1,0,0,0,0,0,0,0,0,1,4,0,0,0,0,060,2024-04-25 11:10:47+00:00,-15.90132891731299,-48.122699735434956
25/04/2024,09:10:26,212,Com vítima,0.2,BR-060/DF,Decrescente,Engavetamento,2,0,0,1,0,0,0,0,0,0,6,0,2,0,0,060,2024-04-25 12:10:26+00:00,-15.883079789718268,-48.06213392407057
29/04/2024,12:00:26,371,Com vítima,6.4,BR-060/DF,Decrescente,Colisão lateral no mesmo sentido,0,0,0,1,0,0,0,0,0,1,2,0,2,0,0,060,2024-04-29 15:00:26+00:00,-15.89971595001308,-48.11735858929161
01/05/2024,06:23:08,516,Sem vítima,22.0,BR-060/DF,Crescente,Capotamento,1,0,0,0,0,0,0,0,0,0,4,0,0,0,0,060,2024-05-01 09:23:08+00:00,-15.984421419053252,-48.215525994734165
04/05/2024,08:40:00,237,Sem vítima,6.5,BR-060/DF,Decrescente,Queda de moto,0,0,0,1,0,0,0,0,0,0,2,0,0,0,0,060,2024-05-04 11:40:00+00:00,-15.899984212662646,-48.11824935279593
04/05/2024,08:56:45,260,Com vítima,21.5,BR-060/DF,Decrescente,Queda de moto,0,0,0,1,0,0,0,0,0,0,0,4,0,0,0,060,2024-05-04 11:56:45+00:00,-15.982351057791197,-48.211379801911406
07/05/2024,07:24:00,91,Sem vítima,2.7,BR-060/DF,Decrescente,Colisão traseira,1,0,0,0,0,0,0,0,0,0,0,0,0,0,0,060,2024-05-07 10:24:00+00:00,-15.889766670314438,-48.08440853581659
07/05/2024,06:26:08,611,Sem vítima,2.0,BR-060/DF,Decrescente,Acidentes de outra natureza,0,0,1,0,0,0,0,0,0,0,2,0,0,0,0,060,2024-05-07 09:26:08+00:00,-15.887894398539888,-48.078171576973595
10/05/2024,11:02:30,371,Sem vítima,17.5,BR-060/DF,Decrescente,Acidentes de outra natureza,1,0,0,0,0,0,0,0,0,0,2,0,0,0,0,060,2024-05-10 14:02:30+00:00,-15.964580426725794,-48.180802260952355
13/05/2024,06:12:12,141,Sem vítima,9.2,BR-060/DF,Decrescente,Colisão traseira,1,0,0,1,0,0,0,0,0,0,4,0,0,0,0,060,2024-05-13 09:12:12+00:00,-15.907235820258222,-48.14229019320047
18/05/2024,11:33:36,289,Com vítima,4.0,BR-060/DF,Decrescente,Queda de moto,0,0,0,1,0,0,0,0,0,0,0,0,2,0,0,060,2024-05-18 14:33:36+00:00,-15.893259852449107,-48.09598631327878
19/05/2024,06:58:54,115,Sem vítima,23.2,BR-060/DF,Crescente,Queda de moto,0,0,0,1,0,0,0,0,0,0,2,0,0,0,0,060,2024-05-19 09:58:54+00:00,-15.98882102775905,-48.22569884941703
23/05/2024,09:01:48,418,Com vítima,3.0,BR-060/DF,Crescente,Colisão traseira,0,0,1,1,0,0,0,0,0,0,2,2,0,0,0,060,2024-05-23 12:01:48+00:00,-15.890570424543295,-48.087081067044366
23/05/2024,06:49:47,960,Sem vítima,8.0,BR-060/DF,Decrescente,Colisão lateral no mesmo sentido,1,0,0,0,0,0,0,0,0,1,4,0,0,0,0,060,2024-05-23 09:49:47+00:00,-15.904031616731608,-48.13159786817079
26/05/2024,03:49:59,630,Com vítima,8.0,BR-060/DF,Decrescente,Colisão lateral no mesmo sentido,1,0,0,1,0,0,0,0,0,0,2,2,0,0,0,060,2024-05-26 06:49:59+00:00,-15.904031616731608,-48.13159786817079
01/06/2024,04:28:41,48,Com vítima,4.841,BR-060/DF,Crescente,Acidentes de outra natureza,1,0,0,0,0,0,0,0,0,0,2,2,0,0,0,060,2024-06-01 07:28:41+00:00,-15.895513470937168,-48.10347828389856
01/06/2024,12:08:36,288,Sem vítima,28.0,BR-060/DF,Decrescente,Acidentes de outra natureza,1,0,0,0,0,0,0,0,0,0,4,0,0,0,0,060,2024-06-01 15:08:36+00:00,-16.021021519767856,-48.25081787423561
03/06/2024,11:03:00,400,Sem vítima,5.0,BR-060/DF,Crescente,Colisão traseira,1,0,0,1,0,0,0,0,0,0,4,0,0,0,0,060,2024-06-03 14:03:00+00:00,-15.895941809050944,-48.10489399995692
08/06/2024,06:27:00,129,Com vítima,12.0,BR-060/DF,Decrescente,Acidentes de outra natureza,0,0,0,1,0,0,0,0,0,0,0,2,2,0,0,060,2024-06-08 09:27:00+00:00,-15.917950731309672,-48.164541812566426
09/06/2024,06:37:47,42,Com vítima,26.5,BR-060/DF,Crescente,Colisão transversal,2,0,0,0,0,0,0,0,0,0,4,6,0,0,0,060,2024-06-09 09:37:47+00:00,-16.008242350942147,-48.246473412208395