data,horario,n_da_ocorrencia,tipo_de_ocorrencia,km,trecho,sentido,tipo_de_acidente,automovel,bicicleta,caminhao,moto,onibus,outros,tracao_animal,transporte_de_cargas_especiais,trator_maquinas,utilitarios,ilesos,levemente_feridos,moderadamente_feridos,gravemente_feridos,mortos,vl_br,timestamp_utc,latitude_acidente,longitude_acidente
09/06/2024,08:37:11,426,Sem vítima,2.7,BR-060/DF,Decrescente,Engavetamento,3,0,0,0,0,0,0,0,0,0,6,0,0,0,0,060,2024-06-09 11:37:11+00:00,-15.889766670314438,-48.08440853581659
11/06/2024,06:45:00,623,Sem vítima,8.0,BR-060/DF,Decrescente,Colisão traseira,1,0,1,0,0,0,0,0,0,0,4,0,0,0,0,060,2024-06-11 09:45:00+00:00,-15.904031616731608,-48.13159786817079
11/06/2024,07:50:29,641,Com vítima,3.0,BR-060/DF,Crescente,Choque,1,0,0,0,0,0,0,0,0,0,0,2,0,0,0,060,2024-06-11 10:50:29+00:00,-15.890570424543295,-48.087081067044366
15/06/2024,06:57:00,156,Com vítima,5.0,BR-060/DF,Decrescente,Colisão lateral no mesmo sentido,1,0,0,1,0,0,0,0,0,0,2,2,0,0,0,060,2024-06-15 09:57:00+00:00,-15.895941809050944,-48.10489399995692
17/06/2024,09:26:08,174,Sem vítima,1.0,BR-060/DF,Crescente,Colisão lateral no mesmo sentido,1,0,1,0,0,0,0,0,0,0,4,0,0,0,0,060,2024-06-17 12:26:08+00:00,-15.885213402294612,-48.069263714026626
19/06/2024,11:23:58,364,Sem vítima,9.0,BR-060/DF,Crescente,Acidentes de outra natureza,1,0,0,0,0,0,0,0,0,0,0,0,0,0,0,060,2024-06-19 14:23:58+00:00,-15.906738448827172,-48.140497635744
19/06/2024,03:52:00,600,Com vítima,11.0,BR-060/DF,Crescente,Queda de bicicleta,0,1,0,0,0,0,0,0,0,0,0,2,0,0,0,060,2024-06-19 06:52:00+00:00,-15.91214363530004,-48.1582979635198
19/06/2024,07:51:48,707,Com vítima,26.5,BR-060/DF,Crescente,Tombamento,0,0,1,0,0,0,0,0,0,0,2,2,0,0,0,060,2024-06-19 10:51:48+00:00,-16.008242350942147,-48.246473412208395
20/06/2024,04:10:17,510,Sem vítima,5.0,BR-060/DF,Decrescente,Acidentes de outra natureza,1,0,0,0,0,0,0,0,0,0,2,0,0,0,0,060,2024-06-20 07:10:17+00:00,-15.895941809050944,-48.10489399995692
21/06/2024,04:11:56,194,Sem vítima,28.0,BR-060/DF,Decrescente,Acidentes de outra natureza,1,0,0,0,0,0,0,0,0,0,2,0,0,0,0,060,2024-06-21 07:11:56+00:00,-16.021021519767856,-48.25081787423561
23/06/2024,09:17:48,282,Com vítima,11.0,BR-060/DF,Crescente,Acidentes de outra natureza,0,0,0,1,0,0,0,0,0,0,0,2,2,0,0,060,2024-06-23 12:17:48+00:00,-15.91214363530004,-48.1582979635198
23/06/2024,12:15:00,390,Com vítima,31.0,BR-060/DF,Decrescente,Queda de moto,0,0,0,1,0,0,0,0,0,0,0,2,0,0,0,060,2024-06-23 15:15:00+00:00,-16.046840191480747,-48.25744222853095
26/06/2024,10:30:19,402,Com vítima,3.0,BR-060/DF,Crescente,Colisão lateral no mesmo sentido,3,0,0,0,0,0,0,0,0,0,10,0,4,0,0,060,2024-06-26 13:30:19+00:00,-15.890570424543295,-48.087081067044366
27/06/2024,04:51:29,74,Sem vítima,29.0,BR-060/DF,Decrescente,Atropelamento de animal,1,0,0,0,0,0,0,0,0,0,2,0,0,0,0,060,2024-06-27 07:51:29+00:00,-16.029528313854414,-48.253355455172226
28/06/2024,07:26:36,104,Com vítima,12.0,BR-060/DF,Decrescente,Queda de moto,0,0,0,1,0,0,0,0,0,0,2,2,0,0,0,060,2024-06-28 10:26:36+00:00,-15.917950731309672,-48.164541812566426
05/07/2024,05:03:01,683,Sem vítima,8.8,BR-060/DF,Crescente,Capotamento,0,0,0,0,0,0,0,0,0,1,2,0,0,0,0,060,2024-07-05 08:03:01+00:00,-15.906194351540822,-48.138718565366574
06/07/2024,11:43:00,494,Sem vítima,9.0,BR-060/DF,Decrescente,Colisão traseira,1,0,1,0,0,0,0,0,0,0,4,0,0,0,0,060,2024-07-06 14:43:00+00:00,-15.906738448827172,-48.140497635744
13/07/2024,02:11:30,45,Sem vítima,3.0,BR-060/DF,Decrescente,Acidentes de outra natureza,1,0,0,0,0,0,0,0,0,0,2,0,0,0,0,060,2024-07-13 05:11:30+00:00,-15.890570424543295,-48.087081067044366
15/07/2024,04:37:20,579,Com vítima,3.0,BR-060/DF,Decrescente,Acidentes de outra natureza,1,0,0,0,0,0,0,0,0,0,0,4,0,0,0,060,2024-07-15 07:37:20+00:00,-15.890570424543295,-48.087081067044366
20/07/2024,02:40:49,550,Com vítima,16.2,BR-060/DF,Decrescente,Acidentes de outra natureza,1,0,0,0,0,0,0,0,0,0,0,2,0,0,0,060,2024-07-20 05:40:49+00:00,-15.954447954815105,-48.174970437299706
22/07/2024,07:31:25,772,Sem vítima,7.0,BR-060/DF,Decrescente,Choque,1,0,0,0,0,0,0,0,0,0,2,0,0,0,0,060,2024-07-22 10:31:25+00:00,-15.90132891731299,-48.122699735434956
25/07/2024,06:30:00,101,Sem vítima,26.0,BR-060/DF,Crescente,Acidentes de outra natureza,1,0,0,0,0,0,0,0,0,0,2,0,0,0,0,060,2024-07-25 09:30:00+00:00,-16.00389849375887,-48.24523829325778
05/08/2024,07:11:04,169,Com vítima,3.1,BR-060/DF,Decrescente,Engavetamento,2,0,0,0,0,0,0,0,0,1,4,4,0,0,0,060,2024-08-05 10:11:04+00:00,-15.890837816067066,-48.08797208800573
08/08/2024,11:47:06,1060,Com vítima,1.0,BR-060/DF,Decrescente,Colisão traseira,1,0,1,0,0,0,0,0,0,0,2,2,0,0,0,060,2024-08-08 14:47:06+00:00,-15.885213402294612,-48.069263714026626
09/08/2024,07:36:50,219,Sem vítima,1.1,BR-060/DF,Decrescente,Colisão lateral no mesmo sentido,2,0,0,0,0,0,0,0,0,0,4,0,0,0,0,060,2024-08-09 10:36:50+00:00,-15.885479549307025,-48.0701551330102
11/08/2024,08:17:00,212,Sem vítima,22.0,BR-060/DF,Crescente,Acidentes de outra natureza,1,0,0,0,0,0,0,0,0,0,4,0,0,0,0,060,2024-08-11 11:17:00+00:00,-15.984421419053252,-48.215525994734165
12/08/2024,04:01:33,161,Sem vítima,19.0,BR-060/DF,Decrescente,Acidentes de outra natureza,1,0,0,0,0,0,0,0,0,0,2,0,0,0,0,060,2024-08-12 07:01:33+00:00,-15.974895370007726,-48.189626613849754
13/08/2024,07:15:32,810,Com vítima,7.0,BR-060/DF,Decrescente,Capotamento,2,0,0,0,0,0,0,0,0,0,2,4,0,0,0,060,2024-08-13 10:15:32+00:00,-15.90132891731299,-48.122699735434956
17/08/2024,09:13:07,181,Com vítima,24.2,BR-060/DF,Decrescente,Acidentes de outra natureza,0,0,0,1,0,0,0,0,0,0,0,0,2,0,0,060,2024-08-17 12:13:07+00:00,-15.993314514594703,-48.23349766785052
18/08/2024,03:33:13,35,Com vítima,0.1,BR-060/DF,Crescente,Acidentes de outra natureza,1,0,0,0,0,0,0,0,0,0,0,8,0,0,0,060,2024-08-18 06:33:13+00:00,-15.882815458182089,-48.06124193278919
19/08/2024,08:56:00,211,Sem vítima,9.5,BR-060/DF,Crescente,Choque,1,0,0,0,0,0,0,0,0,0,0,0,0,0,0,060,2024-08-19 11:56:00+00:00,-15.908044652537315,-48.14496117600436
19/08/2024,09:52:24,260,Sem vítima,9.0,BR-060/DF,Crescente,Choque,1,0,0,0,0,0,0,0,0,0,2,0,0,0,0,060,2024-08-19 12:52:24+00:00,-15.906738448827172,-48.140497635744
25/08/2024,12:36:00,444,Com vítima,11.0,BR-060/DF,Crescente,Capotamento,2,0,0,0,0,0,0,0,0,0,8,2,0,0,0,060,2024-08-25 15:36:00+00:00,-15.91214363530004,-48.1582979635198
29/08/2024,03:51:49,686,Sem vítima,3.2,BR-060/DF,Decrescente,Colisão lateral no mesmo sentido,0,0,0,1,0,0,0,0,0,0,2,0,0,0,0,060,2024-08-29 06:51:49+00:00,-15.891107587616109,-48.088862341580636
31/08/2024,03:58:38,39,Sem vítima,24.0,BR-060/DF,Crescente,Acidentes de outra natureza,1,0,0,0,0,0,0,0,0,0,2,0,0,0,0,060,2024-08-31 06:58:38+00:00,-15.992144413890477,-48.23207994070532
15/09/2024,03:27:12,29,Sem vítima,24.0,BR-060/DF,Decrescente,Acidentes de outra natureza,1,0,0,0,0,0,0,0,0,0,0,0,0,0,0,060,2024-09-15 06:27:12+00:00,-15.992144413890477,-48.23207994070532
17/09/2024,07:23:24,100,Com vítima,10.0,BR-060/DF,Decrescente,Colisão traseira,1,0,0,1,0,0,0,0,0,0,2,0,2,0,0,060,2024-09-17 10:23:24+00:00,-15.909433209563039,-48.149399239139086
17/09/2024,08:50:23,154,Sem vítima,10.0,BR-060/DF,Decrescente,Engavetamento,3,0,0,0,0,0,0,0,0,0,6,0,0,0,0,060,2024-09-17 11:50:23+00:00,-15.909433209563039,-48.149399239139086
18/09/2024,09:48:00,360,Com vítima,4.0,BR-060/DF,Crescente,Colisão lateral no mesmo sentido,1,0,1,0,0,0,0,0,0,0,2,2,0,0,0,060,2024-09-18 12:48:00+00:00,-15.893259852449107,-48.09598631327878
19/09/2024,12:19:25,387,Com vítima,3.2,BR-060/DF,Decrescente,Colisão lateral no mesmo sentido,1,0,0,1,0,0,0,0,0,0,2,2,0,0,0,060,2024-09-19 15:19:25+00:00,-15.891107587616109,-48.088862341580636
20/09/2024,01:52:00,21,Sem vítima,13.0,BR-060/DF,Crescente,Acidentes de outra natureza,1,0,0,0,0,0,0,0,0,0,2,0,0,0,0,060,2024-09-20 04:52:00+00:00,-15.926640521124574,-48.167015383529694
20/09/2024,08:02:19,585,Sem vítima,7.0,BR-060/DF,Decrescente,Capotamento,2,0,0,0,0,0,0,0,0,0,6,0,0,0,0,060,2024-09-20 11:02:19+00:00,-15.90132891731299,-48.122699735434956
21/09/2024,09:32:33,896,Com vítima,4.5,BR-060/DF,Decrescente,Colisão traseira,2,0,0,0,0,0,0,0,0,0,2,0,2,0,0,060,2024-09-21 12:32:33+00:00,-15.894601941264158,-48.100439780793714
22/09/2024,10:33:14,267,Sem vítima,5.3,BR-060/DF,Crescente,Acidentes de outra natureza,1,0,0,1,0,0,0,0,0,0,2,0,0,0,0,060,2024-09-22 13:33:14+00:00,-15.896746865061624,-48.107566131406216
24/09/2024,01:45:47,508,Sem vítima,20.0,BR-060/DF,Decrescente,Acidentes de outra natureza,1,0,1,0,0,0,0,0,0,0,10,0,0,0,0,060,2024-09-24 04:45:47+00:00,-15.976474517957563,-48.19880946279917
01/10/2024,10:28:51,488,Com vítima,3.0,BR-060/DF,Crescente,Colisão lateral no mesmo sentido,0,0,0,1,0,0,0,0,0,0,0,2,0,0,0,060,2024-10-01 13:28:51+00:00,-15.890570424543295,-48.087081067044366
03/10/2024,04:48:44,595,Com vítima,4.0,BR-060/DF,Crescente,Queda de moto,1,0,0,1,0,0,0,0,0,0,2,2,0,0,0,060,2024-10-03 07:48:44+00:00,-15.893259852449107,-48.09598631327878
07/10/2024,12:00:45,1,Com vítima,15.0,BR-060/DF,Decrescente,Acidentes de outra natureza,0,0,0,1,0,0,0,0,0,0,0,2,0,0,0,060,2024-10-07 15:00:45+00:00,-15.944004953122208,-48.17199298206615
08/10/2024,02:37:28,369,Sem vítima,9.3,BR-060/DF,Decrescente,Acidentes de outra natureza,1,0,0,0,0,0,0,0,0,0,2,0,0,0,0,060,2024-10-08 05:37:28+00:00,-15.907501647392431,-48.14318174198814
08/10/2024,10:31:15,793,Sem vítima,4.0,BR-060/DF,Decrescente,Colisão traseira,0,0,1,1,0,0,0,0,0,0,4,0,0,0,0,060,2024-10-08 13:31:15+00:00,-15.893259852449107,-48.09598631327878
15/10/2024,01:43:26,23,Sem vítima,3.0,BR-060/DF,Decrescente,Colisão lateral no mesmo sentido,0,0,1,0,1,0,0,0,0,0,2,0,0,0,0,060,2024-10-15 04:43:26+00:00,-15.890570424543295,-48.087081067044366
16/10/2024,03:04:00,482,Sem vítima,9.0,BR-060/DF,Crescente,Acidentes de outra natureza,0,0,1,0,0,0,0,0,0,0,1,0,0,0,0,060,2024-10-16 06:04:00+00:00,-15.906738448827172,-48.140497635744
16/10/2024,03:44:13,528,Sem vítima,8.0,BR-060/DF,Decrescente,Acidentes de outra natureza,0,0,1,0,1,0,0,0,0,0,8,0,0,0,0,060,2024-10-16 06:44:13+00:00,-15.904031616731608,-48.13159786817079
18/10/2024,11:00:56,288,Sem vítima,3.0,BR-060/DF,Crescente,Colisão lateral no mesmo sentido,2,0,0,0,0,0,0,0,0,0,2,0,0,0,0,060,2024-10-18 14:00:56+00:00,-15.890570424543295,-48.087081067044366
20/10/2024,07:20:00,122,Com vítima,9.0,BR-060/DF,Decrescente,Queda de moto,0,0,0,1,0,0,0,0,0,0,0,0,1,0,0,060,2024-10-20 10:20:00+00:00,-15.906738448827172,-48.140497635744
21/10/2024,08:09:15,233,Sem vítima,28.2,BR-060/DF,Decrescente,Acidentes de outra natureza,1,0,0,0,0,0,0,0,0,0,0,0,0,0,0,060,2024-10-21 11:09:15+00:00,-16.022603505110656,-48.251717300245765
22/10/2024,10:09:00,832,Com vítima,28.0,BR-060/DF,Decrescente,Capotamento,0,0,0,0,0,0,0,0,0,1,0,1,0,0,0,060,2024-10-22 13:09:00+00:00,-16.021021519767856,-48.25081787423561
24/10/2024,05:45:58,614,Com vítima,11.2,BR-060/DF,Decrescente,Queda de moto,0,0,0,1,0,0,0,0,0,0,0,1,1,0,0,060,2024-10-24 08:45:58+00:00,-15.9126880094574,-48.16007697673964
26/10/2024,02:37:40,277,Sem vítima,8.0,BR-060/DF,Decrescente,Tombamento,0,0,1,0,0,0,0,0,0,0,1,0,0,0,0,060,2024-10-26 05:37:40+00:00,-15.904031616731608,-48.13159786817079
03/11/2024,08:14:00,666,Com vítima,2.7,BR-060/DF,Decrescente,Atropelamento de pedestre,1,0,0,0,0,0,0,0,0,0,1,1,0,0,0,060,2024-11-03 11:14:00+00:00,-15.889766670314438,-48.08440853581659
03/11/2024,10:31:43,704,Sem vítima,2.0,BR-060/DF,Crescente,Colisão lateral no mesmo sentido,1,0,0,0,0,0,0,0,0,0,2,0,0,0,0,060,2024-11-03 13:31:43+00:00,-15.887894398539888,-48.078171576973595
08/11/2024,04:35:00,565,Sem vítima,18.0,BR-060/DF,Decrescente,Colisão traseira,1,0,0,1,0,0,0,0,0,0,2,0,0,0,0,060,2024-11-08 07:35:00+00:00,-15.968248777029663,-48.18352085268955
08/11/2024,08:11:03,637,Sem vítima,28.1,BR-060/DF,Decrescente,Colisão lateral no mesmo sentido,1,0,1,0,0,0,0,0,0,0,2,0,0,0,0,060,2024-11-08 11:11:03+00:00,-16.02181199953551,-48.25126854886867
21/11/2024,12:43:43,357,Sem vítima,2.9,BR-060/DF,Crescente,Tombamento,0,0,1,0,0,0,0,0,0,0,1,0,0,0,0,060,2024-11-21 15:43:43+00:00,-15.890304623136768,-48.0861895542263
27/11/2024,10:38:11,216,Sem vítima,13.0,BR-060/DF,Decrescente,Acidentes de outra natureza,1,0,0,0,0,0,0,0,0,0,1,0,0,0,0,060,2024-11-27 13:38:11+00:00,-15.926640521124574,-48.167015383529694
27/11/2024,05:41:02,486,Sem vítima,24.5,BR-060/DF,Crescente,Acidentes de outra natureza,1,0,0,0,0,0,0,0,0,0,0,0,0,0,0,060,2024-11-27 08:41:02+00:00,-15.994598331748607,-48.23596103836254
28/11/2024,12:26:46,365,Sem vítima,9.0,BR-060/DF,Decrescente,Acidentes de outra natureza,0,0,1,0,0,0,0,0,0,0,1,0,0,0,0,060,2024-11-28 15:26:46+00:00,-15.906738448827172,-48.140497635744
28/11/2024,03:53:48,461,Sem vítima,8.0,BR-060/DF,Crescente,Tombamento,0,0,1,0,0,0,0,0,0,0,1,0,0,0,0,060,2024-11-28 06:53:48+00:00,-15.904031616731608,-48.13159786817079
01/12/2024,07:58:23,111,Com vítima,9.0,BR-060/DF,Decrescente,Queda de moto,0,0,0,1,0,0,0,0,0,0,0,0,1,0,0,060,2024-12-01 10:58:23+00:00,-15.906738448827172,-48.140497635744
02/12/2024,08:06:55,116,Sem vítima,3.7,BR-060/DF,Crescente,Colisão lateral no mesmo sentido,1,0,1,0,0,0,0,0,0,0,2,0,0,0,0,060,2024-12-02 11:06:55+00:00,-15.892452698773246,-48.09331483343966
02/12/2024,09:16:00,484,Sem vítima,21.2,BR-060/DF,Crescente,Acidentes de outra natureza,1,0,0,0,0,0,0,0,0,0,1,0,0,0,0,060,2024-12-02 12:16:00+00:00,-15.981111157326165,-48.20889084824914
05/12/2024,08:08:03,77,Sem vítima,3.0,BR-060/DF,Crescente,Colisão lateral no mesmo sentido,1,0,0,1,0,0,0,0,0,0,2,0,0,0,0,060,2024-12-05 11:08:03+00:00,-15.890570424543295,-48.087081067044366
13/12/2024,03:28:36,485,Com vítima,0.5,BR-060/DF,Decrescente,Colisão lateral no mesmo sentido,1,0,0,1,0,0,0,0,0,0,1,0,1,0,0,060,2024-12-13 06:28:36+00:00,-15.883874648754393,-48.064809265741
13/12/2024,11:39:00,672,Com vítima,7.0,BR-060/DF,Crescente,Colisão lateral no mesmo sentido,1,0,1,0,0,0,0,0,0,0,1,1,0,0,0,060,2024-12-13 14:39:00+00:00,-15.90132891731299,-48.122699735434956
21/12/2024,07:54:00,126,Sem vítima,31.0,BR-060/DF,Decrescente,Engavetamento,0,0,2,0,0,0,0,0,0,1,7,0,0,0,0,060,2024-12-21 10:54:00+00:00,-16.046840191480747,-48.25744222853095
22/12/2024,01:57:19,21,Com vítima,6.0,BR-060/DF,Decrescente,Colisão traseira,1,0,0,1,0,0,0,0,0,0,1,1,0,0,0,060,2024-12-22 04:57:19+00:00,-15.898636978479185,-48.11379745322939
22/12/2024,12:15:00,346,Sem vítima,5.0,BR-060/DF,Decrescente,Colisão traseira,2,0,0,0,0,0,0,0,0,0,2,0,0,0,0,060,2024-12-22 15:15:00+00:00,-15.895941809050944,-48.10489399995692
22/12/2024,05:03:57,520,Sem vítima,8.5,BR-060/DF,Decrescente,Acidentes de outra natureza,0,0,1,0,0,0,0,0,0,0,1,0,0,0,0,060,2024-12-22 08:03:57+00:00,-15.905378278368525,-48.1360499469228
01/01/2025,01:08:57,402,Sem vítima,1.2,BR-060/DF,Decrescente,Acidentes de outra natureza,1,0,0,0,0,0,0,0,0,0,1,0,0,0,0,060,2025-01-01 04:08:57+00:00,-15.885747466223776,-48.07104598297108
05/01/2025,09:59:25,1026,Sem vítima,27.4,BR-060/DF,Decrescente,Acidentes de outra natureza,1,0,0,0,0,0,0,0,0,0,2,0,0,0,0,060,2025-01-05 12:59:25+00:00,-16.016144509409994,-48.248423486135366
07/01/2025,05:17:00,1209,Sem vítima,6.0,BR-060/DF,Crescente,Colisão traseira,2,0,0,0,0,0,0,0,0,0,1,0,0,0,0,060,2025-01-07 08:17:00+00:00,-15.898636978479185,-48.11379745322939
10/01/2025,04:36:38,21,Sem vítima,26.3,BR-060/DF,Crescente,Tombamento,0,0,1,0,0,0,0,0,0,0,1,0,0,0,0,060,2025-01-10 07:36:38+00:00,-16.006485051878524,-48.24604552571887
10/01/2025,08:07:05,868,Com vítima,23.3,BR-060/DF,Crescente,Atropelamento de pedestre,1,0,0,0,0,0,0,0,0,0,0,0,0,0,1,060,2025-01-10 11:07:05+00:00,-15.988965664232952,-48.22662000021874
10/01/2025,11:30:31,1123,Sem vítima,4.0,BR-060/DF,Decrescente,Acidentes de outra natureza,0,0,1,0,0,0,0,0,0,0,1,0,0,0,0,060,2025-01-10 14:30:31+00:00,-15.893259852449107,-48.09598631327878
13/01/2025,01:04:00,621,Com vítima,31.0,BR-060/DF,Decrescente,Acidentes de outra natureza,1,0,0,0,0,0,0,0,0,0,0,0,1,0,0,060,2025-01-13 04:04:00+00:00,-16.046840191480747,-48.25744222853095
14/01/2025,05:13:00,736,Com vítima,28.5,BR-060/DF,Crescente,Acidentes de outra natureza,1,0,0,0,0,0,0,0,0,0,1,1,0,0,0,060,2025-01-14 08:13:00+00:00,-16.025040296596266,-48.25291936067039
16/01/2025,08:18:10,752,Com vítima,26.0,BR-060/DF,Decrescente,Capotamento,1,0,0,0,0,0,0,0,0,0,0,0,1,0,0,060,2025-01-16 11:18:10+00:00,-16.00389849375887,-48.24523829325778
19/01/2025,09:28:18,415,Com vítima,3.0,BR-060/DF,Decrescente,Colisão lateral no mesmo sentido,2,0,0,0,0,0,0,0,0,0,3,2,0,0,0,060,2025-01-19 12:28:18+00:00,-15.890570424543295,-48.087081067044366
22/01/2025,12:50:00,3,Sem vítima,3.0,BR-060/DF,Crescente,Colisão traseira,2,0,0,0,0,0,0,0,0,0,0,0,0,0,0,060,2025-01-22 15:50:00+00:00,-15.890570424543295,-48.087081067044366
25/01/2025,03:48:51,406,Com vítima,2.2,BR-060/DF,Crescente,Colisão lateral no mesmo sentido,0,0,0,1,0,0,0,0,1,0,0,0,0,0,1,060,2025-01-25 06:48:51+00:00,-15.888426562295006,-48.07995445169966
29/01/2025,04:10:16,530,Sem vítima,17.0,BR-060/DF,Crescente,Acidentes de outra natureza,1,0,0,0,0,0,0,0,0,0,1,0,0,0,0,060,2025-01-29 07:10:16+00:00,-15.960913976370524,-48.17808097568499
30/01/2025,07:24:00,119,Com vítima,1.0,BR-060/DF,Decrescente,Colisão traseira,2,0,0,0,0,0,0,0,0,0,4,2,0,0,0,060,2025-01-30 10:24:00+00:00,-15.885213402294612,-48.069263714026626
31/01/2025,01:29:24,703,Sem vítima,27.0,BR-060/DF,Decrescente,Acidentes de outra natureza,1,0,0,0,0,0,0,0,0,0,1,0,0,0,0,060,2025-01-31 04:29:24+00:00,-16.012633635837343,-48.24755169324156
02/02/2025,03:33:39,79,Sem vítima,9.0,BR-060/DF,Decrescente,Acidentes de outra natureza,0,0,1,0,0,0,0,0,0,0,1,0,0,0,0,060,2025-02-02 06:33:39+00:00,-15.906738448827172,-48.140497635744
02/02/2025,06:07:15,557,Sem vítima,10.3,BR-060/DF,Decrescente,Colisão traseira,2,0,0,0,0,0,0,0,0,0,2,0,0,0,0,060,2025-02-02 09:07:15+00:00,-15.910252831902985,-48.152066729988015
08/02/2025,04:10:00,426,Sem vítima,28.0,BR-060/DF,Decrescente,Queda de moto,0,0,0,1,0,0,0,0,0,0,1,0,0,0,0,060,2025-02-08 07:10:00+00:00,-16.021021519767856,-48.25081787423561
09/02/2025,01:18:00,366,Com vítima,2.0,BR-060/DF,Decrescente,Acidentes de outra natureza,1,0,0,0,0,0,0,0,0,0,0,1,0,0,0,060,2025-02-09 04:18:00+00:00,-15.887894398539888,-48.078171576973595
12/02/2025,02:07:26,410,Sem vítima,7.01,BR-060/DF,Decrescente,Atropelamento de animal,0,0,0,0,0,0,0,0,0,1,1,0,0,0,0,060,2025-02-12 05:07:26+00:00,-15.901356172417092,-48.122788673111735
12/02/2025,02:20:06,425,Com vítima,7.05,BR-060/DF,Decrescente,Colisão traseira,1,0,0,1,0,0,0,0,0,0,1,0,1,0,0,060,2025-02-12 05:20:06+00:00,-15.901465510449352,-48.12314431972878
16/02/2025,05:58:50,711,Sem vítima,27.0,BR-060/DF,Decrescente,Colisão traseira,2,0,0,0,0,0,0,0,0,0,9,0,0,0,0,060,2025-02-16 08:58:50+00:00,-16.012633635837343,-48.24755169324156
17/02/2025,03:18:57,578,Sem vítima,0.3,BR-060/DF,Crescente,Colisão traseira,1,0,0,0,0,0,0,0,0,0,1,0,0,0,0,060,2025-02-17 06:18:57+00:00,-15.883343656716994,-48.063026051802055
21/02/2025,09:33:27,205,Com vítima,10.2,BR-060/DF,Crescente,Colisão lateral no mesmo sentido,0,0,0,0,0,0,0,0,0,2,1,0,1,0,0,060,2025-02-21 12:33:27+00:00,-15.909979734881688,-48.15117752360386
23/02/2025,11:43:42,803,Sem vítima,16.0,BR-060/DF,Decrescente,Colisão lateral no mesmo sentido,2,0,0,0,0,0,0,0,0,0,3,0,0,0,0,060,2025-02-23 14:43:42+00:00,-15.95270730521758,-48.174474751029436
24/02/2025,04:46:00,80,Sem vítima,15.0,BR-060/DF,Decrescente,Acidentes de outra natureza,1,0,0,0,0,0,0,0,0,0,3,0,0,0,0,060,2025-02-24 07:46:00+00:00,-15.944004953122208,-48.17199298206615
26/02/2025,01:41:55,346,Sem vítima,16.1,BR-060/DF,Decrescente,Colisão traseira,1,0,1,0,0,0,0,0,0,0,2,0,0,0,0,060,2025-02-26 04:41:55+00:00,-15.953578069699628,-48.17472094309886
26/02/2025,02:28:37,356,Com vítima,4.3,BR-060/DF,Crescente,Colisão traseira,0,0,0,1,1,0,0,0,0,0,1,1,0,0,0,060,2025-02-26 05:28:37+00:00,-15.894066198953405,-48.098658046035666
26/02/2025,09:22:13,626,Sem vítima,27.0,BR-060/DF,Decrescente,Acidentes de outra natureza,1,0,0,0,0,0,0,0,0,0,1,0,0,0,0,060,2025-02-26 12:22:13+00:00,-16.012633635837343,-48.24755169324156
28/02/2025,07:17:00,652,Com vítima,1.0,BR-060/DF,Crescente,Colisão lateral no mesmo sentido,0,0,0,1,0,0,0,0,0,1,1,1,0,0,0,060,2025-02-28 10:17:00+00:00,-15.885213402294612,-48.069263714026626
02/03/2025,01:56:00,477,Com vítima,6.0,BR-060/DF,Decrescente,Acidentes de outra natureza,1,0,0,0,0,0,0,0,0,0,0,0,1,0,0,060,2025-03-02 04:56:00+00:00,-15.898636978479185,-48.11379745322939
02/03/2025,06:20:51,609,Sem vítima,3.5,BR-060/DF,Crescente,Colisão traseira,1,0,0,0,1,0,0,0,0,0,3,0,0,0,0,060,2025-03-02 09:20:51+00:00,-15.89191561071502,-48.09153351881577
08/03/2025,12:28:24,12,Sem vítima,4.0,BR-060/DF,Decrescente,Colisão traseira,3,0,0,0,0,0,0,0,0,0,5,0,0,0,0,060,2025-03-08 15:28:24+00:00,-15.893259852449107,-48.09598631327878
08/03/2025,03:09:00,40,Sem vítima,30.0,BR-060/DF,Decrescente,Tombamento,0,0,1,0,0,0,0,0,0,0,1,0,0,0,0,060,2025-03-08 06:09:00+00:00,-16.038044280533132,-48.255773204625484