data,horario,n_da_ocorrencia,tipo_de_ocorrencia,km,trecho,sentido,tipo_de_acidente,automovel,bicicleta,caminhao,moto,onibus,outros,tracao_animal,transporte_de_cargas_especiais,trator_maquinas,utilitarios,ilesos,levemente_feridos,moderadamente_feridos,gravemente_feridos,mortos,vl_br,timestamp_utc,latitude_acidente,longitude_acidente
08/03/2025,04:41:44,59,Sem vítima,30.0,BR-060/DF,Crescente,Colisão frontal,1,0,0,0,0,0,0,0,0,0,1,0,0,0,0,060,2025-03-08 07:41:44+00:00,-16.038044280533132,-48.255773204625484
09/03/2025,04:48:20,47,Sem vítima,28.0,BR-060/DF,Crescente,Acidentes de outra natureza,0,0,1,0,0,0,0,0,0,0,1,0,0,0,0,060,2025-03-09 07:48:20+00:00,-16.021021519767856,-48.25081787423561
13/03/2025,02:53:46,318,Sem vítima,19.3,BR-060/DF,Decrescente,Acidentes de outra natureza,1,0,0,0,0,0,0,0,0,0,1,0,0,0,0,060,2025-03-13 05:53:46+00:00,-15.975419020433348,-48.192369144995574
18/03/2025,04:54:37,358,Sem vítima,11.2,BR-060/DF,Decrescente,Acidentes de outra natureza,1,0,0,0,0,0,0,0,0,0,1,0,0,0,0,060,2025-03-18 07:54:37+00:00,-15.9126880094574,-48.16007697673964
22/03/2025,11:14:00,148,Com vítima,19.5,BR-060/DF,Crescente,Queda de moto,0,0,0,1,0,0,0,0,0,0,0,0,1,0,0,060,2025-03-22 14:14:00+00:00,-15.975738465352089,-48.1942060017083
28/03/2025,06:48:31,381,Com vítima,1.9,BR-060/DF,Crescente,Colisão lateral no mesmo sentido,1,0,0,1,0,0,0,0,0,0,1,2,0,0,0,060,2025-03-28 09:48:31+00:00,-15.887625863312326,-48.07728092085935
08/04/2025,06:25:50,315,Sem vítima,19.0,BR-060/DF,Decrescente,Acidentes de outra natureza,1,0,0,0,0,0,0,0,0,0,1,0,0,0,0,060,2025-04-08 09:25:50+00:00,-15.974895370007726,-48.189626613849754
09/04/2025,05:33:00,26,Sem vítima,25.0,BR-060/DF,Decrescente,Acidentes de outra natureza,1,0,0,0,0,0,0,0,0,0,0,0,0,0,0,060,2025-04-09 08:33:00+00:00,-15.996666900982364,-48.2401083109208
12/04/2025,06:02:11,317,Sem vítima,25.0,BR-060/DF,Crescente,Acidentes de outra natureza,1,0,0,0,0,0,0,0,0,0,1,0,0,0,0,060,2025-04-12 09:02:11+00:00,-15.996666900982364,-48.2401083109208
15/04/2025,07:59:14,253,Com vítima,3.0,BR-060/DF,Decrescente,Colisão lateral no mesmo sentido,1,0,0,1,0,0,0,0,0,0,0,0,1,0,0,060,2025-04-15 10:59:14+00:00,-15.890570424543295,-48.087081067044366
17/04/2025,07:49:43,326,Sem vítima,0.1,BR-060/DF,Crescente,Colisão lateral no mesmo sentido,1,0,1,0,0,0,0,0,0,0,0,0,0,0,0,060,2025-04-17 10:49:43+00:00,-15.882815458182089,-48.06124193278919
21/04/2025,10:28:29,147,Sem vítima,24.0,BR-060/DF,Crescente,Choque,1,0,0,0,0,0,0,0,0,0,0,0,0,0,0,060,2025-04-21 13:28:29+00:00,-15.992144413890477,-48.23207994070532
21/04/2025,03:54:31,239,Sem vítima,18.0,BR-060/DF,Decrescente,Colisão lateral no mesmo sentido,1,0,0,0,0,0,0,0,0,1,2,0,0,0,0,060,2025-04-21 06:54:31+00:00,-15.968248777029663,-48.18352085268955
22/04/2025,08:13:36,104,Sem vítima,1.0,BR-060/DF,Decrescente,Engavetamento,3,0,0,0,0,0,0,0,0,0,1,0,0,0,0,060,2025-04-22 11:13:36+00:00,-15.885213402294612,-48.069263714026626
26/04/2025,01:06:03,24,Sem vítima,6.0,BR-060/DF,Decrescente,Acidentes de outra natureza,1,0,0,0,0,0,0,0,0,0,2,0,0,0,0,060,2025-04-26 04:06:03+00:00,-15.898636978479185,-48.11379745322939
26/04/2025,05:10:00,241,Com vítima,30.0,BR-060/DF,Decrescente,Acidentes de outra natureza,1,0,0,0,0,0,0,0,0,0,1,0,1,0,0,060,2025-04-26 08:10:00+00:00,-16.038044280533132,-48.255773204625484
28/04/2025,12:08:21,384,Sem vítima,3.0,BR-060/DF,Crescente,Colisão traseira,0,0,1,1,0,0,0,0,0,0,1,0,0,0,0,060,2025-04-28 15:08:21+00:00,-15.890570424543295,-48.087081067044366
28/04/2025,12:59:25,404,Sem vítima,11.0,BR-060/DF,Decrescente,Choque,0,0,1,0,0,0,0,0,0,0,2,0,0,0,0,060,2025-04-28 15:59:25+00:00,-15.91214363530004,-48.1582979635198
29/04/2025,05:31:15,92,Com vítima,27.0,BR-060/DF,Decrescente,Acidentes de outra natureza,1,0,0,0,0,0,0,0,0,0,0,1,0,0,0,060,2025-04-29 08:31:15+00:00,-16.012633635837343,-48.24755169324156
29/04/2025,12:43:20,327,Sem vítima,21.0,BR-060/DF,Crescente,Acidentes de outra natureza,0,0,1,0,0,0,0,0,0,0,1,0,0,0,0,060,2025-04-29 15:43:20+00:00,-15.980282887787558,-48.20723244241915
30/04/2025,08:03:29,48,Com vítima,1.0,BR-060/DF,Decrescente,Colisão traseira,1,0,0,1,0,0,0,0,0,0,1,0,1,0,0,060,2025-04-30 11:03:29+00:00,-15.885213402294612,-48.069263714026626
23/10/2014,05:19:00,103,Acidente s,1.0,BR-040/DF,Norte,Colisão traseira,4,0,0,0,0,0,0,0,0,0,4,0,0,0,0,040,2014-10-23 07:19:00+00:00,-15.985504352691404,-47.98778626672763
26/10/2014,05:40:00,127,Acidente c,6.0,BR-040/DF,Norte,Choque com objeto fixo,0,0,0,1,0,0,0,0,0,0,1,0,0,0,0,040,2014-10-26 07:40:00+00:00,-16.02979392665731,-47.97887991205666
26/10/2014,10:53:00,188,Acidente s,1.0,BR-040/DF,Norte,Outros,1,0,0,0,0,0,0,0,0,0,2,0,0,0,0,040,2014-10-26 12:53:00+00:00,-15.985504352691404,-47.98778626672763
31/10/2014,06:25:00,137,Atropelame,1.0,BR-040/DF,Norte,Atropelamento - Pedestre caminhando,1,0,0,0,0,0,0,0,0,0,1,1,0,0,0,040,2014-10-31 08:25:00+00:00,-15.985504352691404,-47.98778626672763
02/11/2014,05:01:00,16,Acidente c,2.0,BR-040/DF,Sul,Abalroamento - Longitudinal,1,0,0,1,0,0,0,0,0,0,1,0,0,1,0,040,2014-11-02 07:01:00+00:00,-15.994359414490402,-47.985973302872196
06/11/2014,12:26:00,99,Acidente s,2.0,BR-040/DF,Sul,Colisão traseira,2,0,0,0,0,0,0,0,0,0,2,0,0,0,0,040,2014-11-06 14:26:00+00:00,-15.994359414490402,-47.985973302872196
06/11/2014,08:53:00,207,Acidente s,3.0,BR-040/DF,Sul,Colisão traseira,2,0,0,0,0,0,0,0,0,0,2,0,0,0,0,040,2014-11-06 10:53:00+00:00,-16.00321267156879,-47.98419457410762
07/11/2014,03:08:00,118,Acidente c,7.0,BR-040/DF,Norte,Capotamento,1,0,0,0,0,0,0,0,0,0,0,0,1,0,0,040,2014-11-07 05:08:00+00:00,-16.038759077568407,-47.97975170558663
07/11/2014,06:59:00,165,Acidente s,5.0,BR-040/DF,Norte,Abalroamento - Longitudinal,2,0,0,0,0,0,0,0,0,0,2,0,0,0,0,040,2014-11-07 08:59:00+00:00,-16.020913658324112,-47.980532491069454
08/11/2014,04:29:00,138,Acidente c,4.0,BR-040/DF,Norte,Abalroamento - Longitudinal,0,0,0,1,0,0,0,0,0,0,1,0,0,0,0,040,2014-11-08 06:29:00+00:00,-16.01205891004947,-47.982343089506806
11/11/2014,01:53:00,10,Acidente s,7.0,BR-040/DF,Sul,Choque com objeto fixo,1,0,0,0,0,0,0,0,0,0,1,0,0,0,0,040,2014-11-11 03:53:00+00:00,-16.038759077568407,-47.97975170558663
12/11/2014,07:47:00,29,Acidente c,7.0,BR-040/DF,Sul,Outros,0,0,0,1,0,0,0,0,0,0,1,0,0,0,0,040,2014-11-12 09:47:00+00:00,-16.038759077568407,-47.97975170558663
13/11/2014,07:23:00,31,Acidente s,5.8,BR-040/DF,Norte,Outros,1,0,0,0,0,0,0,0,0,0,1,0,0,0,0,040,2014-11-13 09:23:00+00:00,-16.02800242473236,-47.97909917254604
13/11/2014,07:26:00,33,Acidente s,5.8,BR-040/DF,Norte,Outros,1,0,0,0,0,0,0,0,0,0,1,1,0,0,0,040,2014-11-13 09:26:00+00:00,-16.02800242473236,-47.97909917254604
13/11/2014,08:50:00,47,Acidente s,5.0,BR-040/DF,Norte,Outros,0,0,0,1,0,0,0,0,0,0,1,0,0,0,0,040,2014-11-13 10:50:00+00:00,-16.020913658324112,-47.980532491069454
14/11/2014,12:00:00,2,Acidente c,3.0,BR-040/DF,Norte,Colisão traseira,1,0,0,0,0,0,0,0,0,1,1,1,0,0,0,040,2014-11-14 14:00:00+00:00,-16.00321267156879,-47.98419457410762
14/11/2014,03:24:00,107,Acidente c,5.0,BR-040/DF,Norte,Capotamento,1,0,0,0,0,0,0,0,0,0,1,0,0,0,0,040,2014-11-14 05:24:00+00:00,-16.020913658324112,-47.980532491069454
18/11/2014,08:46:00,47,Acidente c,5.0,BR-040/DF,Norte,Outros,1,0,0,1,0,0,0,0,0,0,2,0,0,0,0,040,2014-11-18 10:46:00+00:00,-16.020913658324112,-47.980532491069454
18/11/2014,01:59:00,100,Acidente s,6.0,BR-040/DF,Norte,Colisão traseira,2,0,0,0,0,0,0,0,0,0,4,0,0,0,0,040,2014-11-18 03:59:00+00:00,-16.02979392665731,-47.97887991205666
19/11/2014,10:32:00,51,Acidente s,4.0,BR-040/DF,Norte,Colisão traseira,1,0,0,0,0,0,0,0,0,0,1,0,0,0,0,040,2014-11-19 12:32:00+00:00,-16.01205891004947,-47.982343089506806
19/11/2014,04:53:00,112,Acidente c,7.0,BR-040/DF,Norte,Colisão traseira,1,0,1,0,0,0,0,0,0,0,2,0,0,0,0,040,2014-11-19 06:53:00+00:00,-16.038759077568407,-47.97975170558663
20/11/2014,07:56:00,38,Acidente c,7.0,BR-040/DF,Norte,Abalroamento - Longitudinal,1,0,0,1,0,0,0,0,0,0,2,0,0,0,0,040,2014-11-20 09:56:00+00:00,-16.038759077568407,-47.97975170558663
22/11/2014,02:53:00,100,Acidente s,8.0,BR-040/DF,Norte,Colisão traseira,3,0,0,0,0,0,0,0,0,0,4,0,0,0,0,040,2014-11-22 04:53:00+00:00,-16.047681786920172,-47.98117913715479
22/11/2014,05:10:00,123,Acidente s,6.0,BR-040/DF,Norte,Abalroamento - Longitudinal,2,0,0,0,0,0,0,0,0,0,5,0,0,0,0,040,2014-11-22 07:10:00+00:00,-16.02979392665731,-47.97887991205666
24/11/2014,09:00:00,64,Acidente c,8.33,BR-040/DF,Norte,Abalroamento - Longitudinal,1,0,0,1,0,0,0,0,0,0,1,0,1,0,0,040,2014-11-24 11:00:00+00:00,-16.05061874138308,-47.981661849540814
24/11/2014,10:46:00,90,Acidente s,4.0,BR-040/DF,Sul,Queda de Carga,0,0,2,0,0,0,0,0,0,0,2,0,0,0,0,040,2014-11-24 12:46:00+00:00,-16.01205891004947,-47.982343089506806
24/11/2014,09:55:00,197,Acidente c,0.0,BR-040/DF,Norte,Choque em defensa,1,0,0,0,0,0,0,0,0,0,2,0,0,0,0,040,2014-11-24 11:55:00+00:00,-15.976866599999944,-47.99032136999995
26/11/2014,02:18:00,104,Acidente s,3.0,BR-040/DF,Norte,Colisão traseira,1,0,0,0,0,0,0,0,0,0,1,0,0,0,0,040,2014-11-26 04:18:00+00:00,-16.00321267156879,-47.98419457410762
26/11/2014,08:15:00,180,Acidente s,0.0,BR-040/DF,Norte,Colisão traseira,2,0,0,0,0,0,0,0,0,0,3,0,0,0,0,040,2014-11-26 10:15:00+00:00,-15.976866599999944,-47.99032136999995
28/11/2014,08:11:00,171,Acidente s,8.0,BR-040/DF,Sul,Colisão traseira,1,0,0,0,0,0,0,0,0,0,1,0,0,0,0,040,2014-11-28 10:11:00+00:00,-16.047681786920172,-47.98117913715479
30/11/2014,08:49:00,42,Acidente s,5.633,BR-040/DF,Sul,Abalroamento - Longitudinal,1,0,0,0,0,0,0,0,0,0,1,0,0,0,0,040,2014-11-30 10:49:00+00:00,-16.026521899682496,-47.97939433829664
03/12/2014,07:13:00,24,Acidente s,4.0,BR-040/DF,Norte,Outros,0,0,0,1,0,0,0,0,0,0,1,0,0,0,0,040,2014-12-03 09:13:00+00:00,-16.01205891004947,-47.982343089506806
03/12/2014,10:21:00,55,Acidente c,7.4,BR-040/DF,Norte,Outros,0,0,0,1,0,0,0,0,0,0,1,1,0,0,0,040,2014-12-03 12:21:00+00:00,-16.042329180275452,-47.980315903102515
03/12/2014,10:31:00,175,Acidente c,8.388,BR-040/DF,Sul,Outros,0,0,0,1,0,0,0,0,0,0,0,1,0,0,0,040,2014-12-03 12:31:00+00:00,-16.051132377709934,-47.98176303201495
06/12/2014,10:03:00,94,Acidente s,4.0,BR-040/DF,Norte,Colisão traseira,2,0,0,0,0,0,0,0,0,0,2,0,0,0,0,040,2014-12-06 12:03:00+00:00,-16.01205891004947,-47.982343089506806
06/12/2014,08:47:00,223,Acidente s,8.0,BR-040/DF,Sul,Colisão traseira,2,0,0,0,0,0,0,0,0,0,2,0,0,0,0,040,2014-12-06 10:47:00+00:00,-16.047681786920172,-47.98117913715479
08/12/2014,06:51:00,21,Acidente s,0.4,BR-040/DF,Norte,Outros,0,0,0,0,0,0,0,0,0,0,0,0,0,0,0,040,2014-12-08 08:51:00+00:00,-15.980401391605048,-47.989562707036
08/12/2014,07:05:00,25,Acidente s,3.0,BR-040/DF,Norte,Colisão traseira,2,0,0,0,0,0,0,0,0,0,2,0,0,0,0,040,2014-12-08 09:05:00+00:00,-16.00321267156879,-47.98419457410762
08/12/2014,08:06:00,35,Acidente s,3.5,BR-040/DF,Norte,Outros,0,0,0,1,0,0,0,0,0,0,1,0,0,0,0,040,2014-12-08 10:06:00+00:00,-16.007631320840915,-47.98325451231453
08/12/2014,09:46:00,52,Acidente c,8.388,BR-040/DF,Norte,Colisão traseira,1,0,0,1,0,0,0,0,0,0,2,0,1,0,0,040,2014-12-08 11:46:00+00:00,-16.051132377709934,-47.98176303201495
09/12/2014,05:48:00,119,Acidente c,2.0,BR-040/DF,Sul,Outros,0,0,0,0,0,0,0,0,0,0,0,0,1,0,0,040,2014-12-09 07:48:00+00:00,-15.994359414490402,-47.985973302872196
09/12/2014,06:35:00,128,Acidente s,6.0,BR-040/DF,Sul,Abalroamento - Longitudinal,1,0,0,1,0,0,0,0,0,0,2,1,0,0,0,040,2014-12-09 08:35:00+00:00,-16.02979392665731,-47.97887991205666
10/12/2014,05:22:00,146,Acidente c,5.0,BR-040/DF,Sul,Outros,0,0,0,1,0,0,0,0,0,0,1,1,0,0,0,040,2014-12-10 07:22:00+00:00,-16.020913658324112,-47.980532491069454
11/12/2014,07:27:00,44,Acidente c,5.4,BR-040/DF,Norte,Abalroamento - Longitudinal,2,0,0,0,0,0,0,0,0,0,3,0,0,0,0,040,2014-12-11 09:27:00+00:00,-16.024456635920256,-47.97980807581175
11/12/2014,03:51:00,151,Acidente c,6.0,BR-040/DF,Sul,Outros,0,0,0,1,0,0,0,0,0,0,1,1,0,0,0,040,2014-12-11 05:51:00+00:00,-16.02979392665731,-47.97887991205666
12/12/2014,04:07:00,134,Acidente s,8.4,BR-040/DF,Norte,Abalroamento - Longitudinal,3,0,0,0,0,0,0,0,0,0,3,0,0,0,0,040,2014-12-12 06:07:00+00:00,-16.051189089999976,-47.98177271999998
14/12/2014,04:44:00,28,Acidente s,3.0,BR-040/DF,Sul,Capotamento,1,0,0,0,0,0,0,0,0,0,1,1,0,0,0,040,2014-12-14 06:44:00+00:00,-16.00321267156879,-47.98419457410762
15/12/2014,12:18:00,106,Acidente s,5.0,BR-040/DF,Norte,Colisão traseira,2,0,0,0,0,0,0,0,0,0,2,0,0,0,0,040,2014-12-15 14:18:00+00:00,-16.020913658324112,-47.980532491069454
18/12/2014,02:53:00,106,Acidente c,1.0,BR-040/DF,Sul,Outros,0,0,0,1,0,0,0,0,0,0,0,0,1,0,0,040,2014-12-18 04:53:00+00:00,-15.985504352691404,-47.98778626672763
19/12/2014,04:22:00,152,Acidente c,8.0,BR-040/DF,Norte,Colisão traseira,2,0,0,0,0,0,0,0,0,0,4,0,0,0,0,040,2014-12-19 06:22:00+00:00,-16.047681786920172,-47.98117913715479
22/12/2014,01:18:00,6,Acidente s,7.0,BR-040/DF,Sul,Atropelamento - Animal,0,0,1,0,0,0,0,0,0,0,1,0,0,0,0,040,2014-12-22 03:18:00+00:00,-16.038759077568407,-47.97975170558663
22/12/2014,06:10:00,154,Acidente s,6.0,BR-040/DF,Norte,Outros,0,0,0,1,0,0,0,0,0,0,1,0,0,0,0,040,2014-12-22 08:10:00+00:00,-16.02979392665731,-47.97887991205666
22/12/2014,07:08:00,171,Acidente c,7.5,BR-040/DF,Sul,Outros,0,0,0,1,0,0,0,0,0,0,0,2,0,0,0,040,2014-12-22 09:08:00+00:00,-16.04322068417927,-47.980463553328384
23/12/2014,09:14:00,240,Acidente s,5.0,BR-040/DF,Sul,Colisão traseira,2,0,0,0,0,0,0,0,0,0,2,0,0,0,0,040,2014-12-23 11:14:00+00:00,-16.020913658324112,-47.980532491069454
23/12/2014,09:40:00,246,Acidente s,8.0,BR-040/DF,Sul,Abalroamento - Longitudinal,2,0,0,0,0,0,0,0,0,0,2,0,0,0,0,040,2014-12-23 11:40:00+00:00,-16.047681786920172,-47.98117913715479
25/12/2014,11:25:00,163,Acidente s,2.005,BR-040/DF,Sul,Outros,1,0,0,0,0,0,0,0,0,0,1,1,0,0,0,040,2014-12-25 13:25:00+00:00,-15.99440374837992,-47.98596449529219
31/12/2014,04:26:00,157,Acidente c,2.0,BR-040/DF,Sul,Outros,0,0,0,1,0,0,0,0,0,0,1,1,0,0,0,040,2014-12-31 06:26:00+00:00,-15.994359414490402,-47.985973302872196
01/01/2015,03:03:00,86,Acidente s,7.0,BR-040/DF,Norte,Outros,1,0,0,0,0,0,0,0,0,0,1,0,0,0,0,040,2015-01-01 05:03:00+00:00,-16.038759077568407,-47.97975170558663
02/01/2015,01:27:00,79,Acidente s,2.0,BR-040/DF,Norte,Abalroamento - Longitudinal,2,0,0,0,0,0,0,0,0,0,2,0,0,0,0,040,2015-01-02 03:27:00+00:00,-15.994359414490402,-47.985973302872196
03/01/2015,02:41:00,107,Acidente c,5.0,BR-040/DF,Sul,Colisão traseira,1,0,0,1,0,0,0,0,0,0,1,0,1,0,0,040,2015-01-03 04:41:00+00:00,-16.020913658324112,-47.980532491069454
08/01/2015,06:21:00,66,Acidente c,2.8,BR-040/DF,Norte,Abalroamento - Longitudinal,1,0,0,1,0,0,0,0,0,0,1,1,0,0,0,040,2015-01-08 08:21:00+00:00,-16.001439596929313,-47.98451406070111
08/01/2015,07:02:00,70,Acidente s,2.0,BR-040/DF,Norte,Colisão traseira,2,0,0,0,1,0,0,0,0,0,3,0,0,0,0,040,2015-01-08 09:02:00+00:00,-15.994359414490402,-47.985973302872196
08/01/2015,07:56:00,80,Acidente s,0.9,BR-040/DF,Norte,Abalroamento - Longitudinal,1,0,0,1,0,0,0,0,0,0,2,0,0,0,0,040,2015-01-08 09:56:00+00:00,-15.98461892557327,-47.98796897134449
08/01/2015,07:09:00,233,Acidente s,4.0,BR-040/DF,Sul,Colisão traseira,1,0,0,1,0,0,0,0,0,0,2,1,0,0,0,040,2015-01-08 09:09:00+00:00,-16.01205891004947,-47.982343089506806
08/01/2015,09:17:00,264,Acidente c,0.0,BR-040/DF,Norte,Choque com objeto fixo,1,0,0,0,0,0,0,0,0,0,0,3,1,0,0,040,2015-01-08 11:17:00+00:00,-15.976866599999944,-47.99032136999995
09/01/2015,10:33:00,330,Acidente s,4.0,BR-040/DF,Sul,Colisão traseira,2,0,0,0,0,0,0,0,0,0,5,0,0,0,0,040,2015-01-09 12:33:00+00:00,-16.01205891004947,-47.982343089506806
10/01/2015,01:42:00,108,Acidente s,4.0,BR-040/DF,Norte,Abalroamento - Transversal,2,0,0,0,0,0,0,0,0,0,2,0,0,0,0,040,2015-01-10 03:42:00+00:00,-16.01205891004947,-47.982343089506806
13/01/2015,06:10:00,191,Atropelame,5.0,BR-040/DF,Sul,Atropelamento - Pedestre atravessando,0,0,0,0,0,0,0,0,0,0,0,0,0,0,0,040,2015-01-13 08:10:00+00:00,-16.020913658324112,-47.980532491069454
15/01/2015,04:46:00,22,Acidente s,1.0,BR-040/DF,Sul,Choque com objeto fixo,1,0,0,0,0,0,0,0,0,0,1,0,0,0,0,040,2015-01-15 06:46:00+00:00,-15.985504352691404,-47.98778626672763
15/01/2015,03:37:00,179,Acidente s,4.0,BR-040/DF,Sul,Abalroamento - Transversal,1,0,1,0,0,0,0,0,0,0,2,0,0,0,0,040,2015-01-15 05:37:00+00:00,-16.01205891004947,-47.982343089506806
15/01/2015,05:27:00,200,Acidente s,5.0,BR-040/DF,Norte,Outros,1,0,1,0,0,0,0,0,0,0,2,0,0,0,0,040,2015-01-15 07:27:00+00:00,-16.020913658324112,-47.980532491069454
16/01/2015,06:01:00,39,Atropelame,6.8,BR-040/DF,Norte,Atropelamento - Pedestre caminhando,1,0,0,0,0,0,0,0,0,0,1,0,1,0,0,040,2015-01-16 08:01:00+00:00,-16.036973905924885,-47.97947034300178
21/01/2015,06:34:00,27,Acidente c,5.8,BR-040/DF,Norte,Outros,1,0,0,1,0,0,0,0,0,0,1,0,0,0,1,040,2015-01-21 08:34:00+00:00,-16.02800242473236,-47.97909917254604
22/01/2015,03:07:00,11,Acidente s,6.0,BR-040/DF,Sul,Outros,1,0,0,0,0,0,0,0,0,0,1,0,0,0,0,040,2015-01-22 05:07:00+00:00,-16.02979392665731,-47.97887991205666
22/01/2015,07:44:00,35,Acidente c,3.4,BR-040/DF,Norte,Outros,0,0,0,1,0,0,0,0,0,0,0,1,0,0,0,040,2015-01-22 09:44:00+00:00,-16.00674531156606,-47.98343412528876
23/01/2015,12:04:00,2,Acidente s,4.0,BR-040/DF,Sul,Colisão traseira,2,0,0,0,0,0,0,0,0,0,2,0,0,0,0,040,2015-01-23 14:04:00+00:00,-16.01205891004947,-47.982343089506806
24/01/2015,11:55:00,119,Acidente s,5.0,BR-040/DF,Norte,Colisão traseira,2,0,0,0,0,0,0,0,0,0,2,0,0,0,0,040,2015-01-24 13:55:00+00:00,-16.020913658324112,-47.980532491069454
24/01/2015,03:11:00,170,Acidente c,3.0,BR-040/DF,Sul,Choque com objeto fixo,1,0,0,0,0,0,0,0,0,0,0,1,0,0,0,040,2015-01-24 05:11:00+00:00,-16.00321267156879,-47.98419457410762
24/01/2015,05:03:00,215,Acidente c,2.0,BR-040/DF,Sul,Outros,1,0,0,0,0,0,0,0,0,0,0,0,0,0,0,040,2015-01-24 07:03:00+00:00,-15.994359414490402,-47.985973302872196
25/01/2015,10:09:00,212,Acidente c,4.0,BR-040/DF,Norte,Outros,1,0,0,0,0,0,0,0,0,0,0,0,0,1,0,040,2015-01-25 12:09:00+00:00,-16.01205891004947,-47.982343089506806
26/01/2015,03:17:00,13,Acidente c,6.0,BR-040/DF,Norte,Outros,1,0,0,0,0,0,0,0,0,0,0,1,1,0,0,040,2015-01-26 05:17:00+00:00,-16.02979392665731,-47.97887991205666
26/01/2015,07:07:00,30,Acidente c,7.0,BR-040/DF,Sul,Outros,0,0,0,1,0,0,0,0,0,0,0,0,1,0,0,040,2015-01-26 09:07:00+00:00,-16.038759077568407,-47.97975170558663
26/01/2015,08:19:00,42,Acidente s,3.0,BR-040/DF,Sul,Colisão traseira,2,0,0,0,0,0,0,0,0,0,2,0,0,0,0,040,2015-01-26 10:19:00+00:00,-16.00321267156879,-47.98419457410762
28/01/2015,08:06:00,38,Acidente s,5.0,BR-040/DF,Norte,Outros,0,0,0,1,0,0,0,0,0,0,2,0,0,0,0,040,2015-01-28 10:06:00+00:00,-16.020913658324112,-47.980532491069454
28/01/2015,10:16:00,72,Acidente s,1.8,BR-040/DF,Norte,Colisão traseira,2,0,0,0,0,0,0,0,0,0,2,0,0,0,0,040,2015-01-28 12:16:00+00:00,-15.992588808085221,-47.98633017752721
29/01/2015,09:22:00,222,Acidente s,4.0,BR-040/DF,Norte,Abalroamento - Longitudinal,1,0,0,0,0,0,0,0,0,1,2,0,0,0,0,040,2015-01-29 11:22:00+00:00,-16.01205891004947,-47.982343089506806
30/01/2015,06:44:00,188,Acidente s,0.0,BR-040/DF,Norte,Outros,1,0,0,0,0,0,0,0,0,0,2,0,0,0,0,040,2015-01-30 08:44:00+00:00,-15.976866599999944,-47.99032136999995
31/01/2015,08:55:00,62,Acidente c,4.0,BR-040/DF,Norte,Abalroamento - Longitudinal,1,0,0,1,0,0,0,0,0,0,0,1,1,0,0,040,2015-01-31 10:55:00+00:00,-16.01205891004947,-47.982343089506806
31/01/2015,03:41:00,161,Acidente c,1.0,BR-040/DF,Norte,Choque com objeto fixo,0,0,0,1,0,0,0,0,0,0,0,0,1,0,0,040,2015-01-31 05:41:00+00:00,-15.985504352691404,-47.98778626672763
31/01/2015,05:14:00,190,Acidente s,8.0,BR-040/DF,Sul,Abalroamento - Longitudinal,2,0,0,0,0,0,0,0,0,0,2,0,0,0,0,040,2015-01-31 07:14:00+00:00,-16.047681786920172,-47.98117913715479
01/02/2015,09:11:00,224,Acidente s,4.005,BR-040/DF,Norte,Capotamento,2,0,0,0,0,0,0,0,0,0,4,0,0,0,0,040,2015-02-01 11:11:00+00:00,-16.012103222680352,-47.982334167113116
04/02/2015,09:48:00,252,Acidente s,1.0,BR-040/DF,Norte,Colisão traseira,1,0,1,0,0,0,0,0,0,0,2,0,0,0,0,040,2015-02-04 11:48:00+00:00,-15.985504352691404,-47.98778626672763
05/02/2015,04:02:00,180,Acidente s,3.0,BR-040/DF,Sul,Choque com objeto fixo,1,0,0,0,0,0,0,0,0,0,1,0,0,0,0,040,2015-02-05 06:02:00+00:00,-16.00321267156879,-47.98419457410762
07/02/2015,06:17:00,120,Acidente c,6.5,BR-040/DF,Norte,Outros,1,0,0,0,0,0,0,0,0,0,1,0,1,0,0,040,2015-02-07 08:17:00+00:00,-16.034296673630603,-47.97904501336752
08/02/2015,05:37:00,29,Acidente s,0.5,BR-040/DF,Sul,Outros,1,0,0,0,0,0,0,0,0,0,1,0,0,0,0,040,2015-02-08 07:37:00+00:00,-15.981258998801273,-47.98927117648948
12/02/2015,02:26:00,15,Acidente s,8.0,BR-040/DF,Norte,Abalroamento - Longitudinal,2,0,0,0,0,0,0,0,0,0,3,0,0,0,0,040,2015-02-12 04:26:00+00:00,-16.047681786920172,-47.98117913715479