data,horario,n_da_ocorrencia,tipo_de_ocorrencia,km,trecho,sentido,tipo_de_acidente,automovel,bicicleta,caminhao,moto,onibus,outros,tracao_animal,transporte_de_cargas_especiais,trator_maquinas,utilitarios,ilesos,levemente_feridos,moderadamente_feridos,gravemente_feridos,mortos,vl_br,timestamp_utc,latitude_acidente,longitude_acidente
14/02/2015,03:52:00,36,Acidente s,4.0,BR-040/DF,Norte,Capotamento,1,0,0,0,0,0,0,0,0,0,1,0,0,0,0,040,2015-02-14 05:52:00+00:00,-16.01205891004947,-47.982343089506806
14/02/2015,04:09:00,37,Acidente c,7.0,BR-040/DF,Sul,Colisão traseira,2,0,0,0,0,0,0,0,0,0,1,1,1,0,0,040,2015-02-14 06:09:00+00:00,-16.038759077568407,-47.97975170558663
14/02/2015,07:40:00,68,Acidente c,3.0,BR-040/DF,Norte,Outros,1,0,0,1,0,0,0,0,0,0,1,1,0,0,0,040,2015-02-14 09:40:00+00:00,-16.00321267156879,-47.98419457410762
16/02/2015,12:32:00,5,Acidente s,0.005,BR-040/DF,Norte,Outros,1,0,0,0,0,0,0,0,0,0,1,0,0,0,0,040,2015-02-16 14:32:00+00:00,-15.976910825745737,-47.99031200092316
18/02/2015,09:48:00,80,Acidente c,5.0,BR-040/DF,Sul,Capotamento,0,0,1,0,0,0,0,0,0,0,0,1,0,0,0,040,2015-02-18 11:48:00+00:00,-16.020913658324112,-47.980532491069454
18/02/2015,04:46:00,194,Atropelame,4.0,BR-040/DF,Sul,Atropelamento - Pedestre atravessando,1,0,0,1,0,0,0,0,0,0,3,1,0,0,0,040,2015-02-18 06:46:00+00:00,-16.01205891004947,-47.982343089506806
24/02/2015,03:49:00,170,Acidente c,6.0,BR-040/DF,Sul,Abalroamento - Longitudinal,0,0,0,2,0,0,0,0,0,0,1,1,0,0,0,040,2015-02-24 06:49:00+00:00,-16.02979392665731,-47.97887991205666
25/02/2015,07:53:00,43,Acidente c,3.0,BR-040/DF,Norte,Abalroamento - Longitudinal,2,0,0,1,0,0,0,0,0,0,3,0,0,0,0,040,2015-02-25 10:53:00+00:00,-16.00321267156879,-47.98419457410762
02/03/2015,12:27:00,117,Acidente c,2.0,BR-040/DF,Norte,Choque com objeto fixo,1,0,0,0,0,0,0,0,0,0,0,0,0,0,0,040,2015-03-02 15:27:00+00:00,-15.994359414490402,-47.985973302872196
02/03/2015,04:12:00,154,Acidente c,0.0,BR-040/DF,Norte,Capotamento,1,0,0,0,1,0,0,0,0,0,1,1,0,0,0,040,2015-03-02 07:12:00+00:00,-15.976866599999944,-47.99032136999995
03/03/2015,09:31:00,246,Acidente s,2.0,BR-040/DF,Norte,Abalroamento - Longitudinal,2,0,0,0,0,0,0,0,0,0,3,0,0,0,0,040,2015-03-03 12:31:00+00:00,-15.994359414490402,-47.985973302872196
05/03/2015,06:18:00,22,Acidente c,0.1,BR-040/DF,Norte,Outros,1,0,0,0,0,0,0,0,0,0,0,0,2,0,0,040,2015-03-05 09:18:00+00:00,-15.977752055500277,-47.99014022432026
10/03/2015,05:38:00,215,Acidente c,2.0,BR-040/DF,Sul,Outros,0,0,0,1,0,0,0,0,0,0,0,0,0,0,0,040,2015-03-10 08:38:00+00:00,-15.994359414490402,-47.985973302872196
11/03/2015,10:38:00,111,Acidente s,0.0,BR-040/DF,Norte,Outros,0,0,0,1,0,0,0,0,0,0,1,0,0,0,0,040,2015-03-11 13:38:00+00:00,-15.976866599999944,-47.99032136999995
12/03/2015,06:40:00,48,Acidente s,6.0,BR-040/DF,Norte,Abalroamento - Longitudinal,2,0,0,0,0,0,0,0,0,0,2,0,0,0,0,040,2015-03-12 09:40:00+00:00,-16.02979392665731,-47.97887991205666
13/03/2015,07:54:00,50,Acidente c,6.0,BR-040/DF,Norte,Abalroamento - Longitudinal,1,0,0,1,0,0,0,0,0,0,2,0,1,0,0,040,2015-03-13 10:54:00+00:00,-16.02979392665731,-47.97887991205666
13/03/2015,09:20:00,296,Acidente s,4.0,BR-040/DF,Sul,Colisão traseira,1,0,1,0,0,0,0,0,0,0,2,0,0,0,0,040,2015-03-13 12:20:00+00:00,-16.01205891004947,-47.982343089506806
19/03/2015,05:16:00,209,Acidente c,7.0,BR-040/DF,Norte,Colisão traseira,3,0,0,0,0,0,0,0,0,0,7,1,0,0,0,040,2015-03-19 08:16:00+00:00,-16.038759077568407,-47.97975170558663
28/03/2015,07:28:00,47,Acidente c,6.0,BR-040/DF,Sul,Outros,0,0,0,1,0,0,0,0,0,0,0,1,0,0,0,040,2015-03-28 10:28:00+00:00,-16.02979392665731,-47.97887991205666
29/03/2015,01:06:00,4,Acidente c,2.2,BR-040/DF,Sul,Capotamento,1,0,0,0,0,0,0,0,0,0,0,1,0,0,0,040,2015-03-29 04:06:00+00:00,-15.99612997186753,-47.9856063357417
29/03/2015,06:00:00,22,Acidente s,2.1,BR-040/DF,Norte,Capotamento,1,0,0,0,0,0,0,0,0,0,3,0,0,0,0,040,2015-03-29 09:00:00+00:00,-15.995244590909683,-47.98578930635743
30/03/2015,07:25:00,249,Acidente c,7.0,BR-040/DF,Norte,Colisão traseira,1,0,1,0,0,0,0,0,0,0,1,0,0,0,1,040,2015-03-30 10:25:00+00:00,-16.038759077568407,-47.97975170558663
04/04/2015,07:09:00,134,Acidente s,3.005,BR-040/DF,Norte,Colisão traseira,2,0,0,0,0,0,0,0,0,0,2,0,0,0,0,040,2015-04-04 10:09:00+00:00,-16.003256381552614,-47.984183095862385
05/04/2015,02:56:00,139,Acidente s,5.0,BR-040/DF,Norte,Colisão traseira,2,0,0,0,0,0,0,0,0,0,2,0,0,0,0,040,2015-04-05 05:56:00+00:00,-16.020913658324112,-47.980532491069454
06/04/2015,07:48:00,86,Acidente c,2.3,BR-040/DF,Norte,Outros,0,0,0,1,0,0,0,0,0,0,0,1,0,0,0,040,2015-04-06 10:48:00+00:00,-15.997019849427009,-47.98544946905459
08/04/2015,06:22:00,27,Acidente s,6.5,BR-040/DF,Norte,Abalroamento - Longitudinal,1,0,0,1,0,0,0,0,0,0,2,0,0,0,0,040,2015-04-08 09:22:00+00:00,-16.034296673630603,-47.97904501336752
08/04/2015,02:21:00,191,Acidente c,6.0,BR-040/DF,Sul,Colisão traseira,2,0,0,0,0,0,0,0,0,0,2,1,0,0,0,040,2015-04-08 05:21:00+00:00,-16.02979392665731,-47.97887991205666
08/04/2015,06:44:00,246,Acidente s,4.005,BR-040/DF,Norte,Colisão traseira,2,0,0,0,0,0,0,0,0,0,2,0,0,0,0,040,2015-04-08 09:44:00+00:00,-16.012103222680352,-47.982334167113116
10/04/2015,06:23:00,274,Acidente c,5.7,BR-040/DF,Sul,Outros,1,0,0,1,0,0,0,0,0,0,1,0,0,0,1,040,2015-04-10 09:23:00+00:00,-16.027115181158486,-47.9792721455203
11/04/2015,03:17:00,13,Acidente s,2.5,BR-040/DF,Sul,Colisão traseira,1,0,0,0,0,0,0,0,0,1,3,0,0,0,0,040,2015-04-11 06:17:00+00:00,-15.998786510314467,-47.9850654509188
14/04/2015,06:15:00,24,Acidente c,5.005,BR-040/DF,Sul,Colisão traseira,2,0,0,1,0,0,0,0,0,0,2,0,1,0,0,040,2015-04-14 09:15:00+00:00,-16.02095798795352,-47.98052365880316
15/04/2015,07:50:00,85,Acidente s,6.0,BR-040/DF,Norte,Colisão traseira,1,0,0,1,0,0,0,0,0,0,2,0,0,0,0,040,2015-04-15 10:50:00+00:00,-16.02979392665731,-47.97887991205666
17/04/2015,09:12:00,111,Acidente s,6.01,BR-040/DF,Norte,Outros,1,0,0,0,0,0,0,0,0,0,1,0,0,0,0,040,2015-04-17 12:12:00+00:00,-16.02988401300694,-47.978873644187765
17/04/2015,09:17:00,116,Acidente s,0.7,BR-040/DF,Sul,Outros,0,0,0,1,0,0,0,0,0,0,1,0,0,0,0,040,2015-04-17 12:17:00+00:00,-15.982896144382996,-47.98851065541036
18/04/2015,07:15:00,70,Acidente s,7.144,BR-040/DF,Norte,Colisão traseira,2,0,0,0,0,0,0,0,0,0,2,0,0,0,0,040,2015-04-18 10:15:00+00:00,-16.040044013280205,-47.979956912628786
18/04/2015,07:59:00,88,Acidente c,5.47,BR-040/DF,Norte,Abalroamento - Longitudinal,1,0,0,1,0,0,0,0,0,0,1,0,1,0,0,040,2015-04-18 10:59:00+00:00,-16.025077528980265,-47.97968621610821
18/04/2015,02:54:00,238,Acidente s,7.433,BR-040/DF,Norte,Abalroamento - Longitudinal,1,0,1,0,0,0,0,0,0,0,2,0,0,0,0,040,2015-04-18 05:54:00+00:00,-16.04262371293319,-47.98036243878545
20/04/2015,12:54:00,7,Acidente s,5.5,BR-040/DF,Sul,Outros,1,0,0,0,0,0,0,0,0,0,2,0,0,0,0,040,2015-04-20 15:54:00+00:00,-16.025343468566483,-47.97963307234679
21/04/2015,04:39:00,21,Acidente s,4.05,BR-040/DF,Sul,Choque com objeto fixo,0,0,0,0,0,0,0,0,0,1,1,0,0,0,0,040,2015-04-21 07:39:00+00:00,-16.012502141298576,-47.98225442528605
22/04/2015,06:52:00,298,Acidente c,0.5,BR-040/DF,Sul,Colisão traseira,1,0,0,1,0,0,0,0,0,0,2,2,0,0,0,040,2015-04-22 09:52:00+00:00,-15.981258998801273,-47.98927117648948
24/04/2015,06:41:00,212,Acidente s,7.9,BR-040/DF,Norte,Outros,1,0,0,0,0,0,0,0,0,0,2,0,0,0,0,040,2015-04-24 09:41:00+00:00,-16.04678973148939,-47.98103491661812
30/04/2015,08:54:00,328,Acidente s,3.0,BR-040/DF,Sul,Colisão traseira,1,0,0,1,0,0,0,0,0,0,2,1,0,0,0,040,2015-04-30 11:54:00+00:00,-16.00321267156879,-47.98419457410762
04/05/2015,07:39:00,68,Acidente c,5.5,BR-040/DF,Norte,Abalroamento - Longitudinal,1,0,1,1,0,0,0,0,0,0,2,1,0,0,0,040,2015-05-04 10:39:00+00:00,-16.025343468566483,-47.97963307234679
05/05/2015,08:02:00,277,Acidente s,2.5,BR-040/DF,Norte,Colisão traseira,3,0,0,0,0,0,0,0,0,0,4,0,0,0,0,040,2015-05-05 11:02:00+00:00,-15.998786510314467,-47.9850654509188
06/05/2015,07:16:00,268,Acidente s,5.1,BR-040/DF,Sul,Outros,0,0,0,1,0,0,0,0,0,0,2,0,0,0,0,040,2015-05-06 10:16:00+00:00,-16.021799386502895,-47.98035128738056
07/05/2015,07:47:00,62,Acidente s,7.332,BR-040/DF,Norte,Colisão traseira,1,0,0,1,0,0,0,0,0,0,2,0,0,0,0,040,2015-05-07 10:47:00+00:00,-16.04172178978262,-47.980223229900155
07/05/2015,07:12:00,250,Acidente c,7.6,BR-040/DF,Sul,Colisão traseira,1,0,0,1,0,0,0,0,0,0,1,1,0,0,0,040,2015-05-07 10:12:00+00:00,-16.044113614566683,-47.980601877368805
08/05/2015,12:05:00,169,Acidente s,3.0,BR-040/DF,Norte,Abalroamento - Longitudinal,1,0,0,1,0,0,0,0,0,0,2,0,0,0,0,040,2015-05-08 15:05:00+00:00,-16.00321267156879,-47.98419457410762
09/05/2015,11:37:00,104,Acidente s,3.9,BR-040/DF,Norte,Outros,0,0,0,1,0,0,0,0,0,0,1,0,0,0,0,040,2015-05-09 14:37:00+00:00,-16.011173238448922,-47.98252457385157
12/05/2015,06:26:00,227,Acidente s,3.1,BR-040/DF,Sul,Colisão traseira,2,0,0,0,0,0,0,0,0,0,2,0,0,0,0,040,2015-05-12 09:26:00+00:00,-16.004089752213368,-47.98398265573781
13/05/2015,06:42:00,42,Acidente c,3.5,BR-040/DF,Norte,Colisão traseira,3,0,0,1,0,0,0,0,0,0,5,0,1,0,0,040,2015-05-13 09:42:00+00:00,-16.007631320840915,-47.98325451231453
13/05/2015,07:34:00,64,Acidente c,3.5,BR-040/DF,Norte,Outros,0,0,0,1,0,0,0,0,0,0,1,0,1,0,0,040,2015-05-13 10:34:00+00:00,-16.007631320840915,-47.98325451231453
14/05/2015,06:54:00,43,Acidente c,6.0,BR-040/DF,Norte,Outros,1,0,0,1,0,0,0,0,0,0,1,1,0,0,0,040,2015-05-14 09:54:00+00:00,-16.02979392665731,-47.97887991205666
14/05/2015,02:10:00,172,Acidente s,3.3,BR-040/DF,Sul,Colisão traseira,2,0,0,0,0,0,0,0,0,0,2,0,0,0,0,040,2015-05-14 05:10:00+00:00,-16.00585722531901,-47.983602171525455
15/05/2015,07:27:00,63,Acidente c,8.0,BR-040/DF,Norte,Outros,0,0,0,1,0,0,0,0,0,0,1,1,0,0,0,040,2015-05-15 10:27:00+00:00,-16.047681786920172,-47.98117913715479
19/05/2015,03:31:00,199,Acidente s,7.2,BR-040/DF,Norte,Colisão traseira,1,0,0,1,0,0,0,0,0,0,2,0,0,0,0,040,2015-05-19 06:31:00+00:00,-16.040543759517895,-47.98003640645204
22/05/2015,12:10:00,127,Acidente c,5.5,BR-040/DF,Norte,Choque com objeto fixo,1,0,0,0,0,0,0,0,0,0,0,1,0,0,0,040,2015-05-22 15:10:00+00:00,-16.025343468566483,-47.97963307234679
23/05/2015,09:34:00,84,Atropelame,6.0,BR-040/DF,Norte,,1,0,0,0,0,0,0,0,0,0,1,0,0,0,0,040,2015-05-23 12:34:00+00:00,-16.02979392665731,-47.97887991205666
24/05/2015,11:30:00,89,Acidente c,2.6,BR-040/DF,Sul,Outros,0,0,0,1,0,0,0,0,0,0,1,1,0,0,0,040,2015-05-24 14:30:00+00:00,-15.99967585339181,-47.98490997338192
26/05/2015,06:54:00,51,Acidente c,1.0,BR-040/DF,Norte,Colisão traseira,2,0,0,0,0,0,0,0,0,0,2,1,0,0,0,040,2015-05-26 09:54:00+00:00,-15.985504352691404,-47.98778626672763
28/05/2015,11:45:00,330,Acidente c,6.2,BR-040/DF,Norte,Abalroamento - Longitudinal,0,0,0,1,1,0,0,0,0,0,2,0,0,1,0,040,2015-05-28 14:45:00+00:00,-16.031598243563078,-47.97882464034835
29/05/2015,04:43:00,32,Acidente s,4.0,BR-040/DF,Sul,Colisão traseira,1,0,0,1,0,0,0,0,0,0,3,0,0,0,0,040,2015-05-29 07:43:00+00:00,-16.01205891004947,-47.982343089506806
29/05/2015,07:28:00,79,Acidente s,4.8,BR-040/DF,Norte,Colisão traseira,0,0,2,0,0,0,0,0,0,0,2,0,0,0,0,040,2015-05-29 10:28:00+00:00,-16.019141702254522,-47.980892274949284
29/05/2015,05:06:00,214,Acidente s,2.05,BR-040/DF,Sul,Colisão traseira,2,0,0,0,0,0,0,0,0,0,2,0,0,0,0,040,2015-05-29 08:06:00+00:00,-15.994802193649356,-47.985882280616764
01/06/2015,06:20:00,33,Acidente c,6.0,BR-040/DF,Sul,Colisão traseira,1,0,0,1,0,0,0,0,0,0,2,1,0,0,0,040,2015-06-01 09:20:00+00:00,-16.02979392665731,-47.97887991205666
03/06/2015,06:16:00,28,Acidente c,5.3,BR-040/DF,Norte,Abalroamento - Longitudinal,1,0,0,1,0,0,0,0,0,0,1,1,0,0,0,040,2015-06-03 09:16:00+00:00,-16.02357134588851,-47.9799915271314
03/06/2015,06:45:00,40,Acidente s,7.2,BR-040/DF,Sul,Colisão traseira,2,0,0,0,0,0,0,0,0,0,2,0,0,0,0,040,2015-06-03 09:45:00+00:00,-16.040543759517895,-47.98003640645204
05/06/2015,06:45:00,200,Acidente s,8.2,BR-040/DF,Sul,Colisão traseira,2,0,0,0,0,0,0,0,0,0,2,0,0,0,0,040,2015-06-05 09:45:00+00:00,-16.049465699683573,-47.981453167995376
08/06/2015,07:24:00,53,Acidente c,6.1,BR-040/DF,Norte,Outros,0,0,0,1,0,0,0,0,0,0,0,1,0,0,0,040,2015-06-08 10:24:00+00:00,-16.030695474275564,-47.9788300101082
08/06/2015,08:28:00,84,Acidente c,5.3,BR-040/DF,Norte,Abalroamento - Longitudinal,1,0,1,0,0,0,0,0,0,0,1,0,0,0,1,040,2015-06-08 11:28:00+00:00,-16.02357134588851,-47.9799915271314
11/06/2015,05:04:00,183,Acidente s,6.002,BR-040/DF,Norte,Colisão traseira,2,0,0,0,0,0,0,0,0,0,2,0,0,0,0,040,2015-06-11 08:04:00+00:00,-16.029811941478002,-47.97887862413032
11/06/2015,05:25:00,187,Acidente s,8.1,BR-040/DF,Sul,Colisão traseira,1,0,0,0,1,0,0,0,0,0,2,0,0,0,0,040,2015-06-11 08:25:00+00:00,-16.048574876122156,-47.98131638357745
12/06/2015,12:20:00,4,Acidente s,5.2,BR-040/DF,Sul,Abalroamento - Longitudinal,1,0,1,0,0,0,0,0,0,0,2,0,0,0,0,040,2015-06-12 15:20:00+00:00,-16.022685500982586,-47.980172122616
12/06/2015,09:47:00,132,Atropelame,7.4,BR-040/DF,Sul,Atropelamento - Ciclista,0,0,0,0,1,0,0,0,0,0,1,0,0,0,1,040,2015-06-12 12:47:00+00:00,-16.042329180275452,-47.980315903102515
12/06/2015,04:07:00,234,Acidente c,0.05,BR-040/DF,Sul,Abalroamento - Longitudinal,0,0,0,1,1,0,0,0,0,0,1,0,0,1,0,040,2015-06-12 07:07:00+00:00,-15.977310678260844,-47.990238208104266
13/06/2015,12:43:00,126,Acidente s,2.112,BR-040/DF,Sul,Colisão traseira,2,0,0,0,0,0,0,0,0,0,7,0,0,0,0,040,2015-06-13 15:43:00+00:00,-15.995350928861892,-47.98576783071227
13/06/2015,01:41:00,151,Acidente s,3.5,BR-040/DF,Sul,Colisão traseira,3,0,0,0,0,0,0,0,0,0,6,0,0,0,0,040,2015-06-13 04:41:00+00:00,-16.007631320840915,-47.98325451231453
14/06/2015,10:20:00,55,Acidente s,2.2,BR-040/DF,Norte,Choque com objeto fixo,1,0,0,0,0,0,0,0,0,0,1,0,0,0,0,040,2015-06-14 13:20:00+00:00,-15.99612997186753,-47.9856063357417
14/06/2015,06:51:00,164,Acidente s,4.8,BR-040/DF,Norte,Colisão traseira,2,0,0,0,0,0,0,0,0,0,2,0,0,0,0,040,2015-06-14 09:51:00+00:00,-16.019141702254522,-47.980892274949284
15/06/2015,06:41:00,193,Acidente s,3.1,BR-040/DF,Sul,Colisão traseira,2,0,0,1,0,0,0,0,0,0,3,0,0,0,0,040,2015-06-15 09:41:00+00:00,-16.004089752213368,-47.98398265573781
20/06/2015,11:38:00,108,Acidente c,7.3,BR-040/DF,Sul,Abalroamento - Longitudinal,1,0,0,1,0,0,0,0,0,0,1,0,1,0,0,040,2015-06-20 14:38:00+00:00,-16.041436265242957,-47.98017750440991
20/06/2015,06:14:00,190,Acidente s,7.0,BR-040/DF,Norte,Colisão traseira,2,0,0,0,0,0,0,0,0,0,2,0,0,0,0,040,2015-06-20 09:14:00+00:00,-16.038759077568407,-47.97975170558663
20/06/2015,09:06:00,234,Acidente s,5.0,BR-040/DF,Norte,Capotamento,1,0,0,0,0,0,0,0,0,0,1,0,0,0,0,040,2015-06-20 12:06:00+00:00,-16.020913658324112,-47.980532491069454
22/06/2015,10:11:00,256,Acidente c,7.15,BR-040/DF,Sul,Colisão traseira,1,0,0,1,0,0,0,0,0,0,1,0,1,0,0,040,2015-06-22 13:11:00+00:00,-16.040097561962277,-47.979965400351965
24/06/2015,09:08:00,78,Acidente s,4.0,BR-040/DF,Sul,Abalroamento - Longitudinal,2,0,0,0,0,0,0,0,0,0,2,0,0,0,0,040,2015-06-24 12:08:00+00:00,-16.01205891004947,-47.982343089506806
24/06/2015,07:58:00,222,Acidente c,4.0,BR-040/DF,Sul,Colisão traseira,0,0,0,0,2,0,0,0,0,0,83,1,0,0,0,040,2015-06-24 10:58:00+00:00,-16.01205891004947,-47.982343089506806
25/06/2015,07:30:00,62,Acidente c,4.9,BR-040/DF,Norte,Colisão traseira,1,0,0,1,0,0,0,0,0,0,1,1,0,0,0,040,2015-06-25 10:30:00+00:00,-16.020027679506335,-47.98071238763174
26/06/2015,11:01:00,132,Acidente c,2.0,BR-040/DF,Sul,Abalroamento - Transversal,1,0,0,1,0,0,0,0,0,0,2,1,0,0,0,040,2015-06-26 14:01:00+00:00,-15.994359414490402,-47.985973302872196
26/06/2015,06:26:00,221,Acidente c,5.6,BR-040/DF,Norte,Capotamento,1,0,0,0,0,0,0,0,0,0,0,0,1,0,0,040,2015-06-26 09:26:00+00:00,-16.026229632509633,-47.97945419544009
26/06/2015,06:59:00,228,Acidente c,1.15,BR-040/DF,Sul,Colisão traseira,1,0,0,1,0,0,0,0,0,0,2,0,1,0,0,040,2015-06-26 09:59:00+00:00,-15.98683280934005,-47.98751386561503
03/07/2015,08:14:00,90,Acidente c,1.3,BR-040/DF,Norte,Abalroamento - Longitudinal,1,0,0,1,0,0,0,0,0,0,1,1,0,0,0,040,2015-07-03 11:14:00+00:00,-15.988161707075648,-47.98724375511734
03/07/2015,09:04:00,118,Acidente s,4.8,BR-040/DF,Norte,Colisão traseira,3,0,0,0,0,0,0,0,0,0,3,0,0,0,0,040,2015-07-03 12:04:00+00:00,-16.019141702254522,-47.980892274949284
06/07/2015,08:20:00,68,Acidente s,5.109,BR-040/DF,Norte,Abalroamento - Longitudinal,2,0,0,0,0,0,0,0,0,0,2,0,0,0,0,040,2015-07-06 11:20:00+00:00,-16.021879115641124,-47.980335049239024
06/07/2015,08:12:00,309,Acidente s,7.6,BR-040/DF,Sul,Abalroamento - Longitudinal,1,0,1,0,0,0,0,0,0,0,2,0,0,0,0,040,2015-07-06 11:12:00+00:00,-16.044113614566683,-47.980601877368805
08/07/2015,08:48:00,80,Acidente s,2.473,BR-040/DF,Norte,Colisão traseira,3,0,0,0,0,0,0,0,0,0,4,0,0,0,0,040,2015-07-08 11:48:00+00:00,-15.99854783287331,-47.98511674793877
09/07/2015,07:26:00,244,Acidente s,6.1,BR-040/DF,Sul,Colisão traseira,3,0,0,0,0,0,0,0,0,0,3,0,0,0,0,040,2015-07-09 10:26:00+00:00,-16.030695474275564,-47.9788300101082
10/07/2015,08:26:00,71,Acidente c,2.5,BR-040/DF,Norte,Abalroamento - Longitudinal,1,0,0,1,0,0,0,0,0,0,1,1,0,0,0,040,2015-07-10 11:26:00+00:00,-15.998786510314467,-47.9850654509188
13/07/2015,06:35:00,218,Acidente s,5.9,BR-040/DF,Norte,Capotamento,1,0,0,0,0,0,0,0,0,0,3,0,0,0,0,040,2015-07-13 09:35:00+00:00,-16.02889749266502,-47.97898561658784
14/07/2015,08:16:00,274,Acidente s,0.45,BR-040/DF,Norte,Abalroamento - Longitudinal,1,0,1,0,0,0,0,0,0,0,2,0,0,0,0,040,2015-07-14 11:16:00+00:00,-15.980832136305498,-47.98942301102779
15/07/2015,07:11:00,244,Acidente c,1.5,BR-040/DF,Norte,Colisão traseira,1,0,0,1,0,0,0,0,0,0,1,0,1,0,0,040,2015-07-15 10:11:00+00:00,-15.989932639686035,-47.98687875185026
16/07/2015,02:57:00,19,Acidente c,7.3,BR-040/DF,Norte,Abalroamento - Transversal,2,0,0,0,0,0,0,0,0,0,1,1,0,0,0,040,2015-07-16 05:57:00+00:00,-16.041436265242957,-47.98017750440991
17/07/2015,08:29:00,227,Acidente c,6.4,BR-040/DF,Sul,Colisão traseira,1,0,0,1,0,0,0,0,0,0,2,1,0,0,0,040,2015-07-17 11:29:00+00:00,-16.03340046349643,-47.978932034439126
24/07/2015,07:41:00,55,Acidente c,5.25,BR-040/DF,Norte,Colisão traseira,1,0,0,1,0,0,0,0,0,0,1,0,1,0,0,040,2015-07-24 10:41:00+00:00,-16.023128563411895,-47.980082560106716
24/07/2015,07:26:00,291,Acidente s,1.3,BR-040/DF,Sul,Colisão traseira,2,0,0,0,0,0,0,0,0,0,2,0,0,0,0,040,2015-07-24 10:26:00+00:00,-15.988161707075648,-47.98724375511734
25/07/2015,07:30:00,55,Acidente c,3.9,BR-040/DF,Sul,Choque em barreira New Jersey,2,0,0,0,0,0,0,0,0,0,1,1,0,0,0,040,2015-07-25 10:30:00+00:00,-16.011173238448922,-47.98252457385157
25/07/2015,12:18:00,130,Acidente c,2.3,BR-040/DF,Norte,Capotamento,2,0,0,0,0,0,0,0,0,0,2,1,0,0,0,040,2015-07-25 15:18:00+00:00,-15.997019849427009,-47.98544946905459
26/07/2015,02:55:00,189,Acidente c,6.8,BR-040/DF,Norte,Abalroamento - Transversal,1,0,0,1,0,0,0,0,0,0,3,0,0,1,0,040,2015-07-26 05:55:00+00:00,-16.036973905924885,-47.97947034300178
27/07/2015,06:15:00,57,Acidente s,6.001,BR-040/DF,Norte,Colisão traseira,3,0,0,0,0,0,0,0,0,0,3,0,0,0,0,040,2015-07-27 09:15:00+00:00,-16.029802932536892,-47.97887924662321
27/07/2015,08:54:00,132,Acidente s,5.005,BR-040/DF,Norte,Colisão traseira,2,0,0,0,0,0,0,0,0,0,2,0,0,0,0,040,2015-07-27 11:54:00+00:00,-16.02095798795352,-47.98052365880316
28/07/2015,07:44:00,61,Acidente s,3.4,BR-040/DF,Norte,Colisão traseira,3,0,0,0,0,0,0,0,0,0,3,0,0,0,0,040,2015-07-28 10:44:00+00:00,-16.00674531156606,-47.98343412528876
01/08/2015,02:24:00,206,Acidente c,0.1,BR-040/DF,Norte,Colisão traseira,2,0,0,2,0,0,0,0,0,0,3,1,0,0,0,040,2015-08-01 05:24:00+00:00,-15.977752055500277,-47.99014022432026
03/08/2015,10:03:00,139,Acidente s,5.1,BR-040/DF,Norte,Colisão traseira,3,0,0,0,0,0,0,0,0,0,3,0,0,0,0,040,2015-08-03 13:03:00+00:00,-16.021799386502895,-47.98035128738056
07/08/2015,07:53:00,73,Acidente s,8.0,BR-040/DF,Norte,Capotamento,1,0,0,0,0,0,0,0,0,0,1,0,0,0,0,040,2015-08-07 10:53:00+00:00,-16.047681786920172,-47.98117913715479
08/08/2015,03:55:00,44,Acidente c,5.005,BR-040/DF,Norte,Atropelamento - Animal,0,0,0,1,0,0,0,0,0,0,0,1,0,0,0,040,2015-08-08 06:55:00+00:00,-16.02095798795352,-47.98052365880316
09/08/2015,03:44:00,26,Acidente c,7.2,BR-040/DF,Norte,Capotamento,2,0,0,0,0,0,0,0,0,0,0,0,0,0,0,040,2015-08-09 06:44:00+00:00,-16.040543759517895,-47.98003640645204
10/08/2015,09:50:00,131,Acidente s,0.9,BR-040/DF,Norte,Abalroamento - Longitudinal,0,0,0,0,0,2,0,0,0,0,2,0,0,0,0,040,2015-08-10 12:50:00+00:00,-15.98461892557327,-47.98796897134449
11/08/2015,07:23:00,57,Acidente c,6.566,BR-040/DF,Norte,Colisão traseira,2,0,0,3,0,0,0,0,0,0,3,1,1,0,0,040,2015-08-11 10:23:00+00:00,-16.034886401640005,-47.97913352227916
12/08/2015,05:58:00,41,Acidente c,5.113,BR-040/DF,Norte,Colisão traseira,1,0,0,1,0,0,0,0,0,0,1,1,0,0,0,040,2015-08-12 08:58:00+00:00,-16.02191455871077,-47.98032787354123
12/08/2015,07:40:00,253,Acidente s,3.0,BR-040/DF,Sul,Colisão traseira,3,0,0,0,0,0,0,0,0,0,3,0,0,0,0,040,2015-08-12 10:40:00+00:00,-16.00321267156879,-47.98419457410762