data,horario,n_da_ocorrencia,tipo_de_ocorrencia,km,trecho,sentido,tipo_de_acidente,automovel,bicicleta,caminhao,moto,onibus,outros,tracao_animal,transporte_de_cargas_especiais,trator_maquinas,utilitarios,ilesos,levemente_feridos,moderadamente_feridos,gravemente_feridos,mortos,vl_br,timestamp_utc,latitude_acidente,longitude_acidente
14/08/2015,07:52:00,63,Acidente s,8.3,BR-040/DF,Norte,Abalroamento - Longitudinal,1,0,0,1,0,0,0,0,0,0,2,0,0,0,0,040,2015-08-14 10:52:00+00:00,-16.050353308035202,-47.98160642553609
15/08/2015,07:00:00,35,Acidente c,2.55,BR-040/DF,Norte,Abalroamento - Transversal,1,0,0,1,0,0,0,0,0,0,1,2,0,0,0,040,2015-08-15 10:00:00+00:00,-15.999229596110936,-47.984976097879795
15/08/2015,11:27:00,331,Acidente s,5.6,BR-040/DF,Sul,Outros,0,0,0,1,0,0,0,0,0,0,1,0,0,0,0,040,2015-08-15 14:27:00+00:00,-16.026229632509633,-47.97945419544009
18/08/2015,01:08:00,7,Acidente c,2.8,BR-040/DF,Sul,Capotamento,1,0,0,0,0,0,0,0,0,0,1,0,1,0,0,040,2015-08-18 04:08:00+00:00,-16.001439596929313,-47.98451406070111
20/08/2015,01:34:00,210,Acidente s,7.15,BR-040/DF,Norte,Colisão traseira,3,0,1,0,0,0,0,0,0,0,9,0,0,0,0,040,2015-08-20 04:34:00+00:00,-16.040097561962277,-47.979965400351965
21/08/2015,08:36:00,300,Acidente c,3.3,BR-040/DF,Sul,Abalroamento - Transversal,2,0,0,0,0,0,0,0,0,0,5,1,0,0,0,040,2015-08-21 11:36:00+00:00,-16.00585722531901,-47.983602171525455
22/08/2015,06:35:00,44,Acidente c,2.2,BR-040/DF,Norte,Queda de Carga,0,0,0,0,0,1,0,0,0,0,0,0,0,0,0,040,2015-08-22 09:35:00+00:00,-15.99612997186753,-47.9856063357417
23/08/2015,11:48:00,98,Acidente s,4.4,BR-040/DF,Norte,Abalroamento - Longitudinal,1,0,0,1,0,0,0,0,0,0,2,0,0,0,0,040,2015-08-23 14:48:00+00:00,-16.01560185184811,-47.981618569137744
23/08/2015,11:07:00,333,Acidente c,0.2,BR-040/DF,Norte,Choque com objeto fixo,1,0,0,0,0,0,0,0,0,0,0,0,1,0,0,040,2015-08-23 14:07:00+00:00,-15.97863703805657,-47.989955296137616
25/08/2015,12:44:00,197,Acidente s,8.1,BR-040/DF,Norte,Colisão traseira,2,0,0,0,0,0,0,0,0,0,2,0,0,0,0,040,2015-08-25 15:44:00+00:00,-16.048574876122156,-47.98131638357745
25/08/2015,06:35:00,290,Acidente s,2.9,BR-040/DF,Sul,Colisão traseira,2,0,0,0,0,0,0,0,0,0,3,0,0,0,0,040,2015-08-25 09:35:00+00:00,-16.00232379083997,-47.984347565616254
28/08/2015,07:04:00,296,Acidente c,3.8,BR-040/DF,Norte,Outros,0,0,0,1,0,0,0,0,0,0,0,1,0,0,0,040,2015-08-28 10:04:00+00:00,-16.010287930410097,-47.98270794867232
29/08/2015,02:00:00,20,Acidente s,7.4,BR-040/DF,Norte,Choque com objeto fixo,1,0,0,0,0,0,0,0,0,0,2,0,0,0,0,040,2015-08-29 05:00:00+00:00,-16.042329180275452,-47.980315903102515
30/08/2015,03:18:00,28,Acidente s,4.75,BR-040/DF,Sul,Capotamento,1,0,0,0,0,0,0,0,0,0,1,0,0,0,0,040,2015-08-30 06:18:00+00:00,-16.018699153018154,-47.980984514436436
30/08/2015,05:30:00,209,Acidente s,7.2,BR-040/DF,Norte,Colisão traseira,3,0,0,0,0,0,0,0,0,0,7,0,0,0,0,040,2015-08-30 08:30:00+00:00,-16.040543759517895,-47.98003640645204
30/08/2015,10:57:00,316,Acidente s,8.1,BR-040/DF,Sul,Capotamento,1,0,0,0,0,0,0,0,0,0,1,0,0,0,0,040,2015-08-30 13:57:00+00:00,-16.048574876122156,-47.98131638357745
31/08/2015,02:12:00,19,Acidente s,5.5,BR-040/DF,Norte,Outros,0,0,0,1,0,0,0,0,0,0,1,0,0,0,0,040,2015-08-31 05:12:00+00:00,-16.025343468566483,-47.97963307234679
31/08/2015,06:20:00,31,Acidente s,2.5,BR-040/DF,Norte,Colisão traseira,3,0,0,0,0,0,0,0,0,0,3,0,0,0,0,040,2015-08-31 09:20:00+00:00,-15.998786510314467,-47.9850654509188
01/09/2015,06:49:00,266,Acidente s,7.9,BR-040/DF,Sul,Colisão traseira,2,0,0,0,0,0,0,0,0,0,2,0,0,0,0,040,2015-09-01 09:49:00+00:00,-16.04678973148939,-47.98103491661812
03/09/2015,06:30:00,36,Acidente c,6.026,BR-040/DF,Norte,Abalroamento - Longitudinal,1,0,0,1,0,0,0,0,0,0,1,1,0,0,0,040,2015-09-03 09:30:00+00:00,-16.03002814963158,-47.97886358536949
04/09/2015,08:05:00,380,Acidente c,0.0,BR-040/DF,Sul,Colisão traseira,0,0,1,1,0,0,0,0,0,0,1,0,1,0,0,040,2015-09-04 11:05:00+00:00,-15.976866599999944,-47.99032136999995
04/09/2015,09:38:00,410,Acidente s,4.4,BR-040/DF,Sul,Colisão traseira,3,0,0,0,0,0,0,0,0,0,4,0,0,0,0,040,2015-09-04 12:38:00+00:00,-16.01560185184811,-47.981618569137744
05/09/2015,09:35:00,124,Atropelame,0.005,BR-040/DF,Sul,Atropelamento - Pedestre caminhando,1,0,0,0,0,0,0,0,0,0,1,0,0,1,0,040,2015-09-05 12:35:00+00:00,-15.976910825745737,-47.99031200092316
05/09/2015,03:41:00,289,Acidente s,4.6,BR-040/DF,Norte,Abalroamento - Longitudinal,1,0,1,0,0,0,0,0,0,0,3,0,0,0,0,040,2015-09-05 06:41:00+00:00,-16.017378285481144,-47.98128846011467
07/09/2015,11:52:00,448,Acidente s,0.2,BR-040/DF,Norte,Capotamento,1,0,0,0,0,0,0,0,0,0,1,0,0,0,0,040,2015-09-07 14:52:00+00:00,-15.97863703805657,-47.989955296137616
08/09/2015,06:04:00,51,Acidente s,4.001,BR-040/DF,Norte,Outros,0,0,0,1,0,0,0,0,0,0,1,0,0,0,0,040,2015-09-08 09:04:00+00:00,-16.012067772575627,-47.98234130502825
09/09/2015,09:24:00,137,Acidente s,0.1,BR-040/DF,Sul,Colisão traseira,3,0,0,0,0,0,0,0,0,0,3,0,0,0,0,040,2015-09-09 12:24:00+00:00,-15.977752055500277,-47.99014022432026
10/09/2015,06:52:00,59,Acidente c,3.006,BR-040/DF,Norte,Colisão traseira,2,0,0,0,0,0,0,0,0,0,1,0,0,0,0,040,2015-09-10 09:52:00+00:00,-16.00326521007945,-47.98418113962617
10/09/2015,07:16:00,70,Acidente c,8.018,BR-040/DF,Norte,Outros,0,0,0,1,0,0,0,0,0,0,1,1,0,0,0,040,2015-09-10 10:16:00+00:00,-16.047842431881016,-47.98120460281425
15/09/2015,05:12:00,219,Acidente c,5.5,BR-040/DF,Sul,Abalroamento - Longitudinal,1,0,0,1,0,0,0,0,0,0,1,0,0,0,0,040,2015-09-15 08:12:00+00:00,-16.025343468566483,-47.97963307234679
18/09/2015,06:33:00,71,Acidente c,2.2,BR-040/DF,Norte,Colisão traseira,2,0,0,1,0,0,0,0,0,0,2,0,0,0,0,040,2015-09-18 09:33:00+00:00,-15.99612997186753,-47.9856063357417
18/09/2015,08:35:00,130,Acidente s,3.5,BR-040/DF,Sul,Colisão traseira,2,0,0,0,0,0,0,0,0,0,2,0,0,0,0,040,2015-09-18 11:35:00+00:00,-16.007631320840915,-47.98325451231453
18/09/2015,09:24:00,152,Acidente s,1.358,BR-040/DF,Norte,Colisão traseira,3,0,0,0,0,0,0,0,0,0,3,0,0,0,0,040,2015-09-18 12:24:00+00:00,-15.98867521467804,-47.98713758172901
22/09/2015,06:56:00,83,Acidente s,6.39,BR-040/DF,Norte,Colisão traseira,1,0,1,0,0,0,0,0,0,0,2,0,0,0,0,040,2015-09-22 09:56:00+00:00,-16.033310629074652,-47.9789226764217
23/09/2015,10:24:00,143,Acidente s,4.5,BR-040/DF,Norte,Colisão traseira,2,0,0,0,0,0,0,0,0,0,2,0,0,0,0,040,2015-09-23 13:24:00+00:00,-16.016488213220736,-47.98144083480431
25/09/2015,07:40:00,385,Atropelame,5.0,BR-040/DF,Norte,Atropelamento - Ciclista,1,0,0,0,0,0,0,0,0,0,1,0,1,0,0,040,2015-09-25 10:40:00+00:00,-16.020913658324112,-47.980532491069454
27/09/2015,08:28:00,310,Acidente s,0.3,BR-040/DF,Norte,Choque com objeto fixo,1,0,0,0,0,0,0,0,0,0,4,0,0,0,0,040,2015-09-27 11:28:00+00:00,-15.97952436803145,-47.9897831292533
28/09/2015,07:37:00,73,Acidente c,6.3,BR-040/DF,Norte,Abalroamento - Longitudinal,1,0,0,1,0,0,0,0,0,0,1,1,0,0,0,040,2015-09-28 10:37:00+00:00,-16.03250050372421,-47.97885805738806
29/09/2015,07:27:00,68,Acidente c,4.15,BR-040/DF,Norte,Abalroamento - Longitudinal,1,0,0,1,0,0,0,0,0,0,1,1,0,0,0,040,2015-09-29 10:27:00+00:00,-16.0133874849099,-47.98207123673564
01/10/2015,07:45:00,264,Acidente s,2.2,BR-040/DF,Sul,Colisão traseira,2,0,0,0,0,0,0,0,0,0,2,0,0,0,0,040,2015-10-01 10:45:00+00:00,-15.99612997186753,-47.9856063357417
02/10/2015,07:56:00,101,Acidente c,3.1,BR-040/DF,Norte,Colisão traseira,2,0,0,0,0,0,0,0,0,0,2,1,0,0,0,040,2015-10-02 10:56:00+00:00,-16.004089752213368,-47.98398265573781
03/10/2015,04:42:00,262,Acidente c,5.9,BR-040/DF,Sul,Abalroamento - Longitudinal,2,0,0,0,0,0,0,0,0,0,2,0,0,0,0,040,2015-10-03 07:42:00+00:00,-16.02889749266502,-47.97898561658784
08/10/2015,06:55:00,310,Acidente c,7.5,BR-040/DF,Norte,Abalroamento - Transversal,0,0,1,1,0,0,0,0,0,0,2,0,1,0,0,040,2015-10-08 09:55:00+00:00,-16.04322068417927,-47.980463553328384
08/10/2015,07:19:00,314,Acidente c,0.005,BR-040/DF,Sul,Colisão traseira,0,0,0,2,0,0,0,0,0,0,3,1,0,0,0,040,2015-10-08 10:19:00+00:00,-15.976910825745737,-47.99031200092316
09/10/2015,07:17:00,49,Acidente s,5.6,BR-040/DF,Norte,Abalroamento - Longitudinal,1,0,0,1,0,0,0,0,0,0,2,0,0,0,0,040,2015-10-09 10:17:00+00:00,-16.026229632509633,-47.97945419544009
09/10/2015,04:40:00,224,Acidente s,7.2,BR-040/DF,Sul,Colisão traseira,1,0,0,1,0,0,0,0,0,0,2,0,0,0,0,040,2015-10-09 07:40:00+00:00,-16.040543759517895,-47.98003640645204
09/10/2015,06:47:00,291,Acidente s,3.5,BR-040/DF,Norte,Colisão traseira,2,0,0,0,0,0,0,0,0,0,9,0,0,0,0,040,2015-10-09 09:47:00+00:00,-16.007631320840915,-47.98325451231453
16/10/2015,05:44:00,296,Acidente s,0.3,BR-040/DF,Norte,Choque com objeto fixo,0,0,1,0,0,0,0,0,0,0,1,0,0,0,0,040,2015-10-16 08:44:00+00:00,-15.97952436803145,-47.9897831292533
17/10/2015,01:49:00,19,Acidente c,1.9,BR-040/DF,Norte,Capotamento,1,0,0,0,0,0,0,0,0,0,0,0,1,0,0,040,2015-10-17 04:49:00+00:00,-15.993470778341672,-47.9861313533078
17/10/2015,11:14:00,168,Acidente c,7.3,BR-040/DF,Sul,Outros,0,0,0,1,0,0,0,0,0,0,1,1,0,0,0,040,2015-10-17 14:14:00+00:00,-16.041436265242957,-47.98017750440991
18/10/2015,04:32:00,194,Acidente c,3.2,BR-040/DF,Norte,Abalroamento - Longitudinal,2,0,0,0,0,0,0,0,0,0,1,3,0,0,0,040,2015-10-18 06:32:00+00:00,-16.004970432301306,-47.983777564631566
18/10/2015,10:51:00,300,Acidente s,0.1,BR-040/DF,Sul,Abalroamento - Longitudinal,1,0,0,1,0,0,0,0,0,0,3,0,0,0,0,040,2015-10-18 12:51:00+00:00,-15.977752055500277,-47.99014022432026
19/10/2015,06:49:00,356,Acidente c,0.811,BR-040/DF,Sul,Abalroamento - Longitudinal,1,0,0,1,0,0,0,0,0,0,1,0,1,0,0,040,2015-10-19 08:49:00+00:00,-15.983835466139782,-47.988152294595565
24/10/2015,02:11:00,15,Acidente s,1.2,BR-040/DF,Norte,Queda de Carga,0,0,1,0,0,0,0,0,0,0,1,0,0,0,0,040,2015-10-24 04:11:00+00:00,-15.987275770722288,-47.98742379831673
24/10/2015,10:54:00,264,Acidente s,0.3,BR-040/DF,Norte,Capotamento,1,0,0,0,0,0,0,0,0,0,1,0,0,0,0,040,2015-10-24 12:54:00+00:00,-15.97952436803145,-47.9897831292533
25/10/2015,10:18:00,277,Acidente s,0.45,BR-040/DF,Sul,Choque com objeto fixo,1,0,0,0,0,0,0,0,0,0,2,0,0,0,0,040,2015-10-25 12:18:00+00:00,-15.980832136305498,-47.98942301102779
26/10/2015,06:43:00,311,Acidente c,3.7,BR-040/DF,Sul,Abalroamento - Longitudinal,1,0,0,1,0,0,0,0,0,0,1,1,0,0,0,040,2015-10-26 08:43:00+00:00,-16.009402495610235,-47.98289067763329
27/10/2015,08:20:00,114,Acidente c,4.3,BR-040/DF,Norte,Outros,0,0,0,1,0,0,0,0,0,0,1,1,0,0,0,040,2015-10-27 10:20:00+00:00,-16.014716352935057,-47.98180092115799
27/10/2015,09:44:00,390,Atropelame,8.3,BR-040/DF,Sul,Atropelamento - Pedestre atravessando,1,0,0,0,0,0,0,0,0,0,1,0,0,1,0,040,2015-10-27 11:44:00+00:00,-16.050353308035202,-47.98160642553609
28/10/2015,09:28:00,116,Acidente s,2.8,BR-040/DF,Norte,Colisão traseira,3,0,0,0,0,0,0,0,0,0,3,0,0,0,0,040,2015-10-28 11:28:00+00:00,-16.001439596929313,-47.98451406070111
29/10/2015,10:59:00,156,Acidente c,6.1,BR-040/DF,Norte,Outros,0,0,0,1,0,0,0,0,0,0,0,1,0,0,0,040,2015-10-29 12:59:00+00:00,-16.030695474275564,-47.9788300101082
30/10/2015,04:43:00,203,Acidente s,3.6,BR-040/DF,Sul,Colisão traseira,3,0,0,0,0,0,0,0,0,0,3,0,0,0,0,040,2015-10-30 06:43:00+00:00,-16.008516933398386,-47.98307272923642
31/10/2015,12:24:00,10,Acidente s,3.7,BR-040/DF,Sul,Outros,1,0,0,1,0,0,0,0,0,0,2,0,0,0,0,040,2015-10-31 14:24:00+00:00,-16.009402495610235,-47.98289067763329
02/11/2015,06:51:00,46,Acidente s,4.2,BR-040/DF,Norte,Capotamento,1,0,0,0,0,0,0,0,0,0,2,0,0,0,0,040,2015-11-02 08:51:00+00:00,-16.013830307420342,-47.98198044185797
03/11/2015,06:22:00,34,Acidente s,2.9,BR-040/DF,Norte,Colisão traseira,2,0,0,0,0,0,0,0,0,0,2,0,0,0,0,040,2015-11-03 08:22:00+00:00,-16.00232379083997,-47.984347565616254
06/11/2015,06:08:00,57,Acidente c,6.7,BR-040/DF,Norte,Colisão frontal,3,0,0,0,0,0,0,0,0,0,1,2,0,1,0,040,2015-11-06 08:08:00+00:00,-16.03608120113199,-47.97933047163259
06/11/2015,08:20:00,107,Acidente c,8.1,BR-040/DF,Norte,Outros,0,0,0,1,0,0,0,0,0,0,0,1,0,0,0,040,2015-11-06 10:20:00+00:00,-16.048574876122156,-47.98131638357745
09/11/2015,08:11:00,90,Acidente c,2.1,BR-040/DF,Norte,Colisão traseira,1,0,0,1,0,0,0,0,0,0,1,2,0,0,0,040,2015-11-09 10:11:00+00:00,-15.995244590909683,-47.98578930635743
12/11/2015,04:17:00,31,Acidente c,4.1,BR-040/DF,Norte,Choque com objeto fixo,1,0,0,0,0,0,0,0,0,0,0,0,0,0,1,040,2015-11-12 06:17:00+00:00,-16.012944920774345,-47.98216339245587
15/11/2015,08:14:00,294,Acidente s,2.008,BR-040/DF,Norte,Colisão traseira,2,0,0,0,0,0,0,0,0,0,2,0,0,0,0,040,2015-11-15 10:14:00+00:00,-15.9944303487137,-47.98595921074313
18/11/2015,06:09:00,27,Acidente s,2.8,BR-040/DF,Norte,Colisão traseira,2,0,0,0,1,0,0,0,0,0,3,0,0,0,0,040,2015-11-18 08:09:00+00:00,-16.001439596929313,-47.98451406070111
20/11/2015,11:44:00,164,Acidente c,0.0,BR-040/DF,Sul,Outros,0,0,0,1,0,0,0,0,0,0,1,1,0,0,0,040,2015-11-20 13:44:00+00:00,-15.976866599999944,-47.99032136999995
20/11/2015,03:36:00,249,Acidente c,7.6,BR-040/DF,Sul,Outros,0,0,0,1,0,0,0,0,0,0,0,1,0,0,0,040,2015-11-20 05:36:00+00:00,-16.044113614566683,-47.980601877368805
20/11/2015,06:54:00,333,Acidente s,2.8,BR-040/DF,Sul,Colisão traseira,2,0,0,0,0,0,0,0,0,0,3,0,0,0,0,040,2015-11-20 08:54:00+00:00,-16.001439596929313,-47.98451406070111
20/11/2015,07:18:00,344,Acidente s,7.9,BR-040/DF,Sul,Colisão traseira,2,0,0,0,0,0,0,0,0,0,2,0,0,0,0,040,2015-11-20 09:18:00+00:00,-16.04678973148939,-47.98103491661812
22/11/2015,04:33:00,183,Acidente c,0.0,BR-040/DF,Norte,Outros,0,0,0,1,0,0,0,0,0,0,0,0,1,0,0,040,2015-11-22 06:33:00+00:00,-15.976866599999944,-47.99032136999995
24/11/2015,02:36:00,195,Acidente s,6.5,BR-040/DF,Norte,Colisão traseira,2,0,0,0,0,0,0,0,0,0,2,0,0,0,0,040,2015-11-24 04:36:00+00:00,-16.034296673630603,-47.97904501336752
27/11/2015,06:52:00,89,Acidente c,6.668,BR-040/DF,Sul,Abalroamento - Transversal,1,0,0,1,0,0,0,0,0,0,1,0,1,0,0,040,2015-11-27 08:52:00+00:00,-16.035795999466714,-47.979282642630494
28/11/2015,02:40:00,36,Acidente s,1.5,BR-040/DF,Norte,Capotamento,1,0,0,0,0,0,0,0,0,0,1,0,0,0,0,040,2015-11-28 04:40:00+00:00,-15.989932639686035,-47.98687875185026
30/11/2015,06:35:00,263,Acidente c,6.62,BR-040/DF,Sul,Abalroamento - Transversal,2,0,0,0,0,0,0,0,0,0,2,1,0,0,0,040,2015-11-30 08:35:00+00:00,-16.035368057113466,-47.97921179011084
30/11/2015,08:28:00,304,Acidente s,4.5,BR-040/DF,Sul,Abalroamento - Transversal,2,0,0,0,0,0,0,0,0,0,5,0,0,0,0,040,2015-11-30 10:28:00+00:00,-16.016488213220736,-47.98144083480431
01/12/2015,09:00:00,112,Acidente s,2.5,BR-040/DF,Norte,Colisão traseira,2,0,0,0,0,0,0,0,0,0,2,0,0,0,0,040,2015-12-01 11:00:00+00:00,-15.998786510314467,-47.9850654509188
03/12/2015,09:52:00,308,Atropelame,6.4,BR-040/DF,Sul,Atropelamento - Pedestre atravessando,4,0,0,0,0,0,0,0,0,0,5,0,0,0,1,040,2015-12-03 11:52:00+00:00,-16.03340046349643,-47.978932034439126
03/12/2015,11:38:00,341,Acidente s,5.9,BR-040/DF,Sul,Colisão traseira,1,0,0,1,0,0,0,0,0,0,4,0,0,0,0,040,2015-12-03 13:38:00+00:00,-16.02889749266502,-47.97898561658784
05/12/2015,04:42:00,40,Acidente s,0.1,BR-040/DF,Sul,Capotamento,1,0,0,0,0,0,0,0,0,0,2,0,0,0,0,040,2015-12-05 06:42:00+00:00,-15.977752055500277,-47.99014022432026
05/12/2015,06:49:00,57,Acidente c,7.9,BR-040/DF,Sul,Capotamento,1,0,0,0,0,0,0,0,0,0,1,1,0,0,0,040,2015-12-05 08:49:00+00:00,-16.04678973148939,-47.98103491661812
05/12/2015,07:43:00,80,Acidente c,2.95,BR-040/DF,Sul,Colisão traseira,2,0,0,0,0,0,0,0,0,0,1,0,0,0,0,040,2015-12-05 09:43:00+00:00,-16.00276590171544,-47.9842539462799
05/12/2015,03:33:00,214,Acidente s,4.8,BR-040/DF,Norte,Choque com objeto fixo,1,0,0,0,0,0,0,0,0,0,1,0,0,0,0,040,2015-12-05 05:33:00+00:00,-16.019141702254522,-47.980892274949284
05/12/2015,03:40:00,217,Acidente s,2.5,BR-040/DF,Sul,Abalroamento - Transversal,2,0,0,0,0,0,0,0,0,0,2,0,0,0,0,040,2015-12-05 05:40:00+00:00,-15.998786510314467,-47.9850654509188
07/12/2015,06:27:00,39,Acidente c,4.7,BR-040/DF,Norte,Outros,0,0,0,1,0,0,0,0,0,0,0,1,0,0,0,040,2015-12-07 08:27:00+00:00,-16.018256651264295,-47.981076980894464
08/12/2015,10:22:00,124,Acidente s,0.4,BR-040/DF,Norte,Outros,0,0,0,1,0,0,0,0,0,0,1,0,0,0,0,040,2015-12-08 12:22:00+00:00,-15.980401391605048,-47.989562707036
08/12/2015,05:06:00,200,Acidente c,2.35,BR-040/DF,Sul,Choque em barreira New Jersey,0,0,0,0,0,0,0,0,0,1,0,0,1,0,0,040,2015-12-08 07:06:00+00:00,-15.997463082228617,-47.985360935945224
08/12/2015,08:47:00,264,Acidente c,7.01,BR-040/DF,Sul,Outros,1,0,0,1,0,0,0,0,0,0,1,1,0,0,0,040,2015-12-08 10:47:00+00:00,-16.03884838997878,-47.979765405256636
09/12/2015,01:25:00,247,Acidente c,4.005,BR-040/DF,Sul,Colisão traseira,1,0,1,0,0,0,0,0,0,0,3,1,0,0,0,040,2015-12-09 03:25:00+00:00,-16.012103222680352,-47.982334167113116
11/12/2015,07:32:00,64,Acidente s,3.7,BR-040/DF,Sul,Colisão traseira,1,0,0,0,0,0,0,0,0,1,2,0,0,0,0,040,2015-12-11 09:32:00+00:00,-16.009402495610235,-47.98289067763329
11/12/2015,03:08:00,214,Acidente s,0.5,BR-040/DF,Norte,Colisão traseira,2,0,0,0,0,0,0,0,0,0,2,0,0,0,0,040,2015-12-11 05:08:00+00:00,-15.981258998801273,-47.98927117648948
12/12/2015,03:22:00,34,Acidente c,7.8,BR-040/DF,Sul,Capotamento,2,0,0,0,0,0,0,0,0,0,3,2,3,0,0,040,2015-12-12 05:22:00+00:00,-16.04589752081111,-47.98089170201557
12/12/2015,04:40:00,171,Acidente c,3.45,BR-040/DF,Sul,Abalroamento - Transversal,2,0,0,0,0,0,0,0,0,0,1,0,1,0,0,040,2015-12-12 06:40:00+00:00,-16.007188610963645,-47.98334589641245
12/12/2015,04:59:00,177,Acidente c,3.1,BR-040/DF,Sul,Abalroamento - Longitudinal,2,0,0,1,0,0,0,0,0,0,2,0,1,0,0,040,2015-12-12 06:59:00+00:00,-16.004089752213368,-47.98398265573781
15/12/2015,06:54:00,74,Acidente c,1.3,BR-040/DF,Norte,Colisão traseira,1,0,0,1,0,0,0,0,0,0,1,1,0,0,0,040,2015-12-15 08:54:00+00:00,-15.988161707075648,-47.98724375511734
15/12/2015,08:23:00,111,Acidente s,2.2,BR-040/DF,Norte,Colisão traseira,4,0,0,0,1,0,0,0,0,0,5,0,0,0,0,040,2015-12-15 10:23:00+00:00,-15.99612997186753,-47.9856063357417
15/12/2015,09:05:00,124,Acidente c,3.5,BR-040/DF,Sul,Choque em veículo parado na pista,1,0,0,1,0,0,0,0,0,0,1,1,0,0,0,040,2015-12-15 11:05:00+00:00,-16.007631320840915,-47.98325451231453
18/12/2015,07:23:00,74,Acidente c,2.15,BR-040/DF,Norte,Abalroamento - Longitudinal,1,0,0,1,0,0,0,0,0,0,1,1,0,0,0,040,2015-12-18 09:23:00+00:00,-15.995687274850086,-47.98569779740225
19/12/2015,01:55:00,201,Acidente c,0.02,BR-040/DF,Sul,Outros,0,0,0,0,0,0,0,0,0,0,0,1,0,0,0,040,2015-12-19 03:55:00+00:00,-15.97704353355205,-47.99028406069278
19/12/2015,03:02:00,216,Acidente s,5.5,BR-040/DF,Sul,Colisão traseira,3,0,0,0,0,0,0,0,0,0,3,0,0,0,0,040,2015-12-19 05:02:00+00:00,-16.025343468566483,-47.97963307234679
20/12/2015,08:15:00,279,Acidente s,3.1,BR-040/DF,Norte,Capotamento,2,0,0,0,0,0,0,0,0,0,5,0,0,0,0,040,2015-12-20 10:15:00+00:00,-16.004089752213368,-47.98398265573781
21/12/2015,07:26:00,69,Atropelame,7.4,BR-040/DF,Sul,Atropelamento - Pedestre atravessando,0,0,0,0,0,0,0,0,0,0,0,0,0,0,0,040,2015-12-21 09:26:00+00:00,-16.042329180275452,-47.980315903102515
23/12/2015,08:00:00,84,Atropelame,6.8,BR-040/DF,Sul,Atropelamento - Pedestre atravessando,1,0,0,0,0,0,0,0,0,0,1,1,0,0,1,040,2015-12-23 10:00:00+00:00,-16.036973905924885,-47.97947034300178
26/12/2015,05:47:00,229,Acidente s,5.05,BR-040/DF,Sul,Colisão traseira,2,0,0,0,0,0,0,0,0,0,3,0,0,0,0,040,2015-12-26 07:47:00+00:00,-16.02135654376435,-47.980442003202846
27/12/2015,04:22:00,209,Acidente s,3.2,BR-040/DF,Sul,Outros,0,0,0,1,0,0,0,0,0,0,1,0,0,0,0,040,2015-12-27 06:22:00+00:00,-16.004970432301306,-47.983777564631566
28/12/2015,06:55:00,278,Acidente s,7.8,BR-040/DF,Sul,Colisão traseira,2,0,0,0,0,0,0,0,0,0,3,0,0,0,0,040,2015-12-28 08:55:00+00:00,-16.04589752081111,-47.98089170201557
28/12/2015,09:36:00,323,Acidente s,3.8,BR-040/DF,Norte,Choque em barreira New Jersey,1,0,0,0,0,0,0,0,0,0,1,0,0,0,0,040,2015-12-28 11:36:00+00:00,-16.010287930410097,-47.98270794867232
29/12/2015,06:12:00,183,Acidente s,4.3,BR-040/DF,Sul,Choque em barreira New Jersey,1,0,0,0,0,0,0,0,0,0,1,0,0,0,0,040,2015-12-29 08:12:00+00:00,-16.014716352935057,-47.98180092115799
30/12/2015,05:59:00,401,Acidente s,5.5,BR-040/DF,Norte,Colisão traseira,2,0,0,0,0,0,0,0,0,0,3,0,0,0,0,040,2015-12-30 07:59:00+00:00,-16.025343468566483,-47.97963307234679
01/01/2016,12:33:00,99,Acidente s,5.9,BR-040/DF,Sul,Abalroamento - Transversal,2,0,0,0,0,0,0,0,0,0,2,0,0,0,0,040,2016-01-01 14:33:00+00:00,-16.02889749266502,-47.97898561658784
06/01/2016,07:47:00,60,Acidente c,6.5,BR-040/DF,Norte,Outros,0,0,0,1,0,0,0,0,0,0,0,1,0,0,0,040,2016-01-06 09:47:00+00:00,-16.034296673630603,-47.97904501336752
07/01/2016,06:14:00,295,Acidente s,5.6,BR-040/DF,Sul,Colisão traseira,2,0,0,0,1,0,0,0,0,0,3,0,0,0,0,040,2016-01-07 08:14:00+00:00,-16.026229632509633,-47.97945419544009
09/01/2016,12:36:00,194,Acidente s,5.2,BR-040/DF,Sul,Outros,1,0,0,0,0,0,0,0,0,0,1,0,0,0,0,040,2016-01-09 14:36:00+00:00,-16.022685500982586,-47.980172122616
09/01/2016,10:37:00,343,Acidente c,0.4,BR-040/DF,Sul,Colisão traseira,1,0,0,1,0,0,0,0,0,0,1,0,1,0,0,040,2016-01-09 12:37:00+00:00,-15.980401391605048,-47.989562707036