data,horario,n_da_ocorrencia,tipo_de_ocorrencia,km,trecho,sentido,tipo_de_acidente,automovel,bicicleta,caminhao,moto,onibus,outros,tracao_animal,transporte_de_cargas_especiais,trator_maquinas,utilitarios,ilesos,levemente_feridos,moderadamente_feridos,gravemente_feridos,mortos,vl_br,timestamp_utc,latitude_acidente,longitude_acidente
10/01/2016,06:07:00,228,Acidente s,7.35,BR-040/DF,Norte,Colisão traseira,3,0,0,0,0,0,0,0,0,0,9,0,0,0,0,040,2016-01-10 08:07:00+00:00,-16.041882471381033,-47.9802484464356
11/01/2016,05:15:00,306,Acidente s,0.3,BR-040/DF,Sul,Abalroamento - Longitudinal,2,0,0,0,0,0,0,0,0,0,4,0,0,0,0,040,2016-01-11 07:15:00+00:00,-15.97952436803145,-47.9897831292533
11/01/2016,05:33:00,309,Acidente c,0.5,BR-040/DF,Norte,Choque com objeto fixo,1,0,0,0,0,0,0,0,0,0,2,1,0,0,0,040,2016-01-11 07:33:00+00:00,-15.981258998801273,-47.98927117648948
13/01/2016,03:39:00,22,Acidente c,7.9,BR-040/DF,Sul,Choque com objeto fixo,1,0,0,0,0,0,0,0,0,0,1,1,1,0,0,040,2016-01-13 05:39:00+00:00,-16.04678973148939,-47.98103491661812
15/01/2016,09:36:00,131,Acidente s,2.45,BR-040/DF,Norte,Colisão traseira,2,0,0,0,0,0,0,0,0,0,2,0,0,0,0,040,2016-01-15 11:36:00+00:00,-15.998346076095086,-47.98516723274803
16/01/2016,06:22:00,50,Acidente c,2.6,BR-040/DF,Norte,Choque em defensa,1,0,0,0,0,0,0,0,0,0,0,0,0,0,0,040,2016-01-16 08:22:00+00:00,-15.99967585339181,-47.98490997338192
16/01/2016,07:19:00,68,Acidente s,3.9,BR-040/DF,Sul,Choque com objeto fixo,1,0,0,0,0,0,0,0,0,0,1,0,0,0,0,040,2016-01-16 09:19:00+00:00,-16.011173238448922,-47.98252457385157
16/01/2016,12:39:00,179,Atropelame,4.5,BR-040/DF,Norte,Atropelamento - Pedestre atravessando,0,0,0,1,0,0,0,0,0,0,0,0,2,0,0,040,2016-01-16 14:39:00+00:00,-16.016488213220736,-47.98144083480431
18/01/2016,07:16:00,387,Acidente s,5.1,BR-040/DF,Sul,Colisão traseira,3,0,0,0,0,0,0,0,0,0,3,0,0,0,0,040,2016-01-18 09:16:00+00:00,-16.021799386502895,-47.98035128738056
20/01/2016,09:22:00,127,Acidente c,4.9,BR-040/DF,Sul,Colisão traseira,1,0,0,1,0,0,0,0,0,0,1,0,1,0,0,040,2016-01-20 11:22:00+00:00,-16.020027679506335,-47.98071238763174
20/01/2016,10:06:00,139,Acidente s,7.6,BR-040/DF,Norte,Colisão traseira,2,0,0,0,0,0,0,0,0,0,2,0,0,0,0,040,2016-01-20 12:06:00+00:00,-16.044113614566683,-47.980601877368805
22/01/2016,12:45:00,9,Acidente c,4.8,BR-040/DF,Sul,Colisão traseira,2,0,0,0,0,0,0,0,0,0,2,1,0,0,0,040,2016-01-22 14:45:00+00:00,-16.019141702254522,-47.980892274949284
22/01/2016,06:39:00,321,Acidente s,1.2,BR-040/DF,Sul,Colisão traseira,2,0,0,0,1,0,0,0,0,0,8,0,0,0,0,040,2016-01-22 08:39:00+00:00,-15.987275770722288,-47.98742379831673
22/01/2016,07:14:00,335,Acidente s,7.9,BR-040/DF,Sul,Colisão traseira,2,0,0,0,0,0,0,0,0,0,4,0,0,0,0,040,2016-01-22 09:14:00+00:00,-16.04678973148939,-47.98103491661812
22/01/2016,10:17:00,394,Acidente c,0.27,BR-040/DF,Sul,Choque com objeto fixo,1,0,0,0,0,0,0,0,0,0,0,0,0,0,1,040,2016-01-22 12:17:00+00:00,-15.979258398749362,-47.989836060108665
23/01/2016,04:11:00,207,Acidente s,1.9,BR-040/DF,Norte,Capotamento,1,0,0,0,0,0,0,0,0,0,1,0,0,0,0,040,2016-01-23 06:11:00+00:00,-15.993470778341672,-47.9861313533078
26/01/2016,07:35:00,343,Acidente s,7.6,BR-040/DF,Sul,Choque em barreira New Jersey,1,0,0,0,0,0,0,0,0,0,4,0,0,0,0,040,2016-01-26 09:35:00+00:00,-16.044113614566683,-47.980601877368805
27/01/2016,12:36:00,6,Acidente s,4.09,BR-040/DF,Sul,Abalroamento - Longitudinal,1,0,0,0,1,0,0,0,0,0,2,0,0,0,0,040,2016-01-27 14:36:00+00:00,-16.01285641847962,-47.982181877917604
27/01/2016,06:37:00,41,Acidente s,2.1,BR-040/DF,Norte,Colisão traseira,3,0,0,0,0,0,0,0,0,0,6,0,0,0,0,040,2016-01-27 08:37:00+00:00,-15.995244590909683,-47.98578930635743
28/01/2016,08:12:00,110,Acidente s,3.0,BR-040/DF,Norte,Outros,0,0,0,0,0,0,0,0,0,0,0,0,0,0,0,040,2016-01-28 10:12:00+00:00,-16.00321267156879,-47.98419457410762
01/02/2016,07:57:00,70,Acidente s,5.3,BR-040/DF,Sul,Colisão traseira,1,0,0,1,0,0,0,0,0,0,2,0,0,0,0,040,2016-02-01 09:57:00+00:00,-16.02357134588851,-47.9799915271314
02/02/2016,04:10:00,238,Acidente s,5.6,BR-040/DF,Norte,Outros,0,0,0,1,0,0,0,0,0,0,1,0,0,0,0,040,2016-02-02 06:10:00+00:00,-16.026229632509633,-47.97945419544009
02/02/2016,05:55:00,263,Acidente c,2.08,BR-040/DF,Sul,Abalroamento - Transversal,1,0,0,1,0,0,0,0,0,0,1,0,1,0,0,040,2016-02-02 07:55:00+00:00,-15.99506767330027,-47.985826697847614
02/02/2016,07:05:00,285,Acidente s,5.5,BR-040/DF,Sul,Outros,0,0,0,1,0,0,0,0,0,0,1,0,0,0,0,040,2016-02-02 09:05:00+00:00,-16.025343468566483,-47.97963307234679
03/02/2016,07:16:00,59,Acidente s,2.4,BR-040/DF,Norte,Colisão traseira,1,0,0,0,1,0,0,0,0,0,2,0,0,0,0,040,2016-02-03 09:16:00+00:00,-15.997905661056247,-47.98526898823757
03/02/2016,07:14:00,338,Acidente s,4.7,BR-040/DF,Sul,Colisão traseira,2,0,0,0,0,0,0,0,0,0,4,0,0,0,0,040,2016-02-03 09:14:00+00:00,-16.018256651264295,-47.981076980894464
04/02/2016,06:39:00,62,Acidente c,2.3,BR-040/DF,Norte,Abalroamento - Longitudinal,1,0,0,1,0,0,0,0,0,0,2,1,0,0,0,040,2016-02-04 08:39:00+00:00,-15.997019849427009,-47.98544946905459
05/02/2016,12:50:00,189,Acidente c,5.1,BR-040/DF,Sul,Capotamento,2,0,0,0,0,0,0,0,0,0,1,3,0,0,0,040,2016-02-05 14:50:00+00:00,-16.021799386502895,-47.98035128738056
05/02/2016,03:32:00,239,Acidente s,2.3,BR-040/DF,Sul,Colisão traseira,1,0,1,1,0,0,0,0,0,0,3,0,0,0,0,040,2016-02-05 05:32:00+00:00,-15.997019849427009,-47.98544946905459
06/02/2016,07:16:00,87,Acidente s,4.6,BR-040/DF,Sul,Colisão traseira,2,0,0,0,0,0,0,0,0,0,2,0,0,0,0,040,2016-02-06 09:16:00+00:00,-16.017378285481144,-47.98128846011467
13/02/2016,12:41:00,168,Acidente c,5.5,BR-040/DF,Norte,Capotamento,2,0,0,0,0,0,0,0,0,0,1,3,0,0,0,040,2016-02-13 14:41:00+00:00,-16.025343468566483,-47.97963307234679
13/02/2016,01:03:00,176,Acidente c,5.014,BR-040/DF,Norte,Colisão traseira,1,0,0,1,0,0,0,0,0,0,2,0,0,0,0,040,2016-02-13 03:03:00+00:00,-16.021037722120795,-47.98050745031177
13/02/2016,01:23:00,182,Acidente c,4.3,BR-040/DF,Sul,Colisão traseira,3,0,0,0,0,0,0,0,0,0,2,0,0,0,0,040,2016-02-13 03:23:00+00:00,-16.014716352935057,-47.98180092115799
13/02/2016,02:58:00,199,Acidente c,0.4,BR-040/DF,Norte,Capotamento,1,0,0,0,0,0,0,0,0,0,1,0,0,0,0,040,2016-02-13 04:58:00+00:00,-15.980401391605048,-47.989562707036
14/02/2016,10:36:00,287,Acidente c,6.1,BR-040/DF,Norte,Choque com objeto fixo,1,0,0,0,0,0,0,0,0,0,1,1,0,0,0,040,2016-02-14 12:36:00+00:00,-16.030695474275564,-47.9788300101082
18/02/2016,05:24:00,230,Acidente c,4.05,BR-040/DF,Norte,Abalroamento - Longitudinal,1,0,0,1,0,0,0,0,0,0,1,1,0,0,0,040,2016-02-18 07:24:00+00:00,-16.012502141298576,-47.98225442528605
19/02/2016,06:36:00,309,Acidente s,5.115,BR-040/DF,Sul,Abalroamento - Transversal,1,0,1,0,0,0,0,0,0,0,2,0,0,0,0,040,2016-02-19 08:36:00+00:00,-16.021932280245622,-47.980324285691786
21/02/2016,04:32:00,212,Acidente s,1.4,BR-040/DF,Sul,Capotamento,1,0,0,0,0,0,0,0,0,0,1,0,0,0,0,040,2016-02-21 07:32:00+00:00,-15.989046875353338,-47.98705972176622
25/02/2016,11:59:00,370,Acidente s,6.9,BR-040/DF,Sul,Abalroamento - Longitudinal,2,0,0,0,0,0,0,0,0,0,5,0,0,0,0,040,2016-02-25 14:59:00+00:00,-16.037866823596413,-47.97960879241375
26/02/2016,11:25:00,149,Acidente c,2.05,BR-040/DF,Norte,Colisão traseira,2,0,0,0,0,0,0,0,0,0,3,1,0,0,0,040,2016-02-26 14:25:00+00:00,-15.994802193649356,-47.985882280616764
27/02/2016,06:53:00,275,Acidente s,0.2,BR-040/DF,Norte,Choque com objeto fixo,1,0,0,0,0,0,0,0,0,0,1,0,0,0,0,040,2016-02-27 09:53:00+00:00,-15.97863703805657,-47.989955296137616
29/02/2016,06:20:00,37,Atropelame,3.5,BR-040/DF,Sul,Atropelamento - Pedestre atravessando,1,0,0,0,0,0,0,0,0,0,1,0,1,0,0,040,2016-02-29 09:20:00+00:00,-16.007631320840915,-47.98325451231453
02/03/2016,06:12:00,39,Atropelame,5.295,BR-040/DF,Norte,Atropelamento - Pedestre atravessando,0,0,0,1,0,0,0,0,0,0,1,0,0,0,0,040,2016-03-02 09:12:00+00:00,-16.023527068606498,-47.98000063597336
04/03/2016,06:06:00,253,Acidente s,4.9,BR-040/DF,Sul,Abalroamento - Transversal,1,0,0,1,0,0,0,0,0,0,3,0,0,0,0,040,2016-03-04 09:06:00+00:00,-16.020027679506335,-47.98071238763174
06/03/2016,04:41:00,163,Acidente c,7.8,BR-040/DF,Norte,Outros,2,0,0,0,0,0,0,0,0,0,1,0,1,0,0,040,2016-03-06 07:41:00+00:00,-16.04589752081111,-47.98089170201557
07/03/2016,08:10:00,326,Acidente c,1.1,BR-040/DF,Sul,Abalroamento - Longitudinal,2,0,0,1,0,0,0,0,0,0,2,1,0,0,0,040,2016-03-07 11:10:00+00:00,-15.986389775084268,-47.98760354456679
08/03/2016,06:41:00,243,Acidente s,8.01,BR-040/DF,Sul,Colisão traseira,2,0,0,0,0,0,0,0,0,0,2,0,0,0,0,040,2016-03-08 09:41:00+00:00,-16.047771007626654,-47.98119346314089
09/03/2016,06:50:00,37,Acidente c,3.9,BR-040/DF,Norte,Abalroamento - Longitudinal,1,0,0,1,0,0,0,0,0,0,1,1,0,0,0,040,2016-03-09 09:50:00+00:00,-16.011173238448922,-47.98252457385157
10/03/2016,06:15:00,305,Acidente s,8.3,BR-040/DF,Sul,Colisão traseira,2,0,0,0,0,0,0,0,0,0,2,0,0,0,0,040,2016-03-10 09:15:00+00:00,-16.050353308035202,-47.98160642553609
11/03/2016,08:03:00,373,Acidente s,5.2,BR-040/DF,Norte,Abalroamento - Longitudinal,2,0,0,0,0,0,0,0,0,0,2,0,0,0,0,040,2016-03-11 11:03:00+00:00,-16.022685500982586,-47.980172122616
12/03/2016,12:52:00,8,Acidente s,6.5,BR-040/DF,Sul,Choque com objeto fixo,1,0,0,0,0,0,0,0,0,0,1,0,0,0,0,040,2016-03-12 15:52:00+00:00,-16.034296673630603,-47.97904501336752
12/03/2016,04:58:00,24,Acidente s,1.33,BR-040/DF,Norte,Choque em defensa,1,0,0,0,0,0,0,0,0,0,1,0,0,0,0,040,2016-03-12 07:58:00+00:00,-15.98842728632135,-47.98718869965119
13/03/2016,08:58:00,230,Acidente s,5.8,BR-040/DF,Sul,Outros,1,0,0,0,0,0,0,0,0,0,1,0,0,0,0,040,2016-03-13 11:58:00+00:00,-16.02800242473236,-47.97909917254604
14/03/2016,01:11:00,209,Acidente s,3.0,BR-040/DF,Norte,Colisão traseira,2,0,0,1,0,0,0,0,0,0,7,0,0,0,0,040,2016-03-14 04:11:00+00:00,-16.00321267156879,-47.98419457410762
15/03/2016,07:06:00,328,Acidente c,3.8,BR-040/DF,Sul,Outros,0,1,0,1,0,0,0,0,0,0,1,0,1,0,0,040,2016-03-15 10:06:00+00:00,-16.010287930410097,-47.98270794867232
15/03/2016,09:56:00,374,Acidente s,5.5,BR-040/DF,Sul,Abalroamento - Longitudinal,1,0,1,0,0,0,0,0,0,0,2,0,0,0,0,040,2016-03-15 12:56:00+00:00,-16.025343468566483,-47.97963307234679
18/03/2016,06:06:00,43,Atropelame,4.3,BR-040/DF,Norte,Atropelamento - Pedestre atravessando,1,0,0,0,0,0,0,0,0,0,1,0,0,0,1,040,2016-03-18 09:06:00+00:00,-16.014716352935057,-47.98180092115799
18/03/2016,07:24:00,80,Acidente c,2.5,BR-040/DF,Norte,Colisão traseira,1,0,0,0,1,0,0,0,0,0,32,0,0,0,0,040,2016-03-18 10:24:00+00:00,-15.998786510314467,-47.9850654509188
18/03/2016,06:52:00,332,Acidente c,6.9,BR-040/DF,Norte,Abalroamento - Longitudinal,1,0,0,1,0,0,0,0,0,0,2,0,1,0,0,040,2016-03-18 09:52:00+00:00,-16.037866823596413,-47.97960879241375
18/03/2016,07:29:00,343,Acidente s,4.6,BR-040/DF,Sul,Colisão traseira,2,0,0,0,0,0,0,0,0,0,2,0,0,0,0,040,2016-03-18 10:29:00+00:00,-16.017378285481144,-47.98128846011467
19/03/2016,09:02:00,97,Acidente s,5.85,BR-040/DF,Sul,Colisão traseira,3,0,0,0,0,0,0,0,0,0,3,0,0,0,0,040,2016-03-19 12:02:00+00:00,-16.028449868299443,-47.97903867843444
20/03/2016,06:00:00,173,Acidente c,5.8,BR-040/DF,Norte,Outros,0,0,0,1,0,0,0,0,0,0,0,1,0,0,0,040,2016-03-20 09:00:00+00:00,-16.02800242473236,-47.97909917254604
21/03/2016,06:32:00,30,Acidente s,5.8,BR-040/DF,Norte,Abalroamento - Longitudinal,1,0,1,0,0,0,0,0,0,0,2,0,0,0,0,040,2016-03-21 09:32:00+00:00,-16.02800242473236,-47.97909917254604
23/03/2016,06:54:00,56,Acidente c,6.001,BR-040/DF,Sul,Abalroamento - Longitudinal,1,0,0,1,0,0,0,0,0,0,1,0,1,0,0,040,2016-03-23 09:54:00+00:00,-16.029802932536892,-47.97887924662321
29/03/2016,07:10:00,243,Acidente s,0.08,BR-040/DF,Norte,Abalroamento - Longitudinal,2,0,0,0,0,0,0,0,0,0,2,0,0,0,0,040,2016-03-29 10:10:00+00:00,-15.977575403145929,-47.99017893250153
29/03/2016,07:24:00,252,Acidente s,3.5,BR-040/DF,Sul,Colisão traseira,2,0,0,0,0,0,0,0,0,0,5,0,0,0,0,040,2016-03-29 10:24:00+00:00,-16.007631320840915,-47.98325451231453
29/03/2016,10:50:00,291,Acidente s,2.5,BR-040/DF,Sul,Outros,0,0,0,1,0,0,0,0,0,0,1,0,0,0,0,040,2016-03-29 13:50:00+00:00,-15.998786510314467,-47.9850654509188
01/04/2016,07:15:00,282,Acidente s,0.5,BR-040/DF,Norte,Colisão traseira,2,0,0,0,0,0,0,0,0,0,2,0,0,0,0,040,2016-04-01 10:15:00+00:00,-15.981258998801273,-47.98927117648948
01/04/2016,08:48:00,310,Acidente s,0.5,BR-040/DF,Sul,Colisão traseira,2,0,0,0,1,0,0,0,0,0,13,0,0,0,0,040,2016-04-01 11:48:00+00:00,-15.981258998801273,-47.98927117648948
03/04/2016,05:46:00,143,Acidente s,1.1,BR-040/DF,Norte,Colisão traseira,2,0,0,0,0,0,0,0,0,0,2,0,0,0,0,040,2016-04-03 08:46:00+00:00,-15.986389775084268,-47.98760354456679
03/04/2016,06:14:00,154,Acidente c,0.2,BR-040/DF,Norte,Outros,0,0,0,1,0,0,0,0,0,0,0,1,0,0,0,040,2016-04-03 09:14:00+00:00,-15.97863703805657,-47.989955296137616
03/04/2016,07:23:00,177,Atropelame,0.3,BR-040/DF,Norte,Atropelamento de pedestre atravessando,1,0,0,0,0,0,0,0,0,0,1,0,1,0,0,040,2016-04-03 10:23:00+00:00,-15.97952436803145,-47.9897831292533
03/04/2016,09:00:00,206,Acidente s,0.3,BR-040/DF,Norte,Colisão traseira,2,0,0,0,0,0,0,0,0,0,2,0,0,0,0,040,2016-04-03 12:00:00+00:00,-15.97952436803145,-47.9897831292533
05/04/2016,06:25:00,23,Acidente s,2.7,BR-040/DF,Norte,Abalroamento longitudinal,1,0,0,1,0,0,0,0,0,0,2,0,0,0,0,040,2016-04-05 09:25:00+00:00,-16.00055656037991,-47.98470670915244
05/04/2016,07:39:00,68,Acidente s,1.8,BR-040/DF,Sul,Abalroamento longitudinal,2,0,0,0,0,0,0,0,0,0,2,0,0,0,0,040,2016-04-05 10:39:00+00:00,-15.992588808085221,-47.98633017752721
06/04/2016,06:16:00,17,Acidente s,8.01,BR-040/DF,Norte,Abalroamento transversal,2,0,0,0,0,0,0,0,0,0,2,0,0,0,0,040,2016-04-06 09:16:00+00:00,-16.047771007626654,-47.98119346314089
06/04/2016,09:35:00,117,Acidente s,2.5,BR-040/DF,Norte,Colisão traseira,1,0,0,0,0,1,0,0,0,0,2,0,0,0,0,040,2016-04-06 12:35:00+00:00,-15.998786510314467,-47.9850654509188
06/04/2016,07:27:00,252,Acidente s,0.3,BR-040/DF,Norte,Abalroamento longitudinal,2,0,0,0,0,0,0,0,0,0,2,0,0,0,0,040,2016-04-06 10:27:00+00:00,-15.97952436803145,-47.9897831292533
07/04/2016,05:17:00,21,Acidente s,1.8,BR-040/DF,Sul,Atropelamento de animal,1,0,0,0,0,0,0,0,0,0,1,0,0,0,0,040,2016-04-07 08:17:00+00:00,-15.992588808085221,-47.98633017752721
09/04/2016,06:59:00,209,Atropelame,5.7,BR-040/DF,Norte,Atropelamento de pedestre atravessando,0,0,0,1,0,0,0,0,0,0,1,0,1,0,0,040,2016-04-09 09:59:00+00:00,-16.027115181158486,-47.9792721455203
09/04/2016,07:56:00,224,Acidente c,4.3,BR-040/DF,Sul,Abalroamento longitudinal,1,0,0,1,0,0,0,0,0,0,1,1,0,0,0,040,2016-04-09 10:56:00+00:00,-16.014716352935057,-47.98180092115799
10/04/2016,08:45:00,176,Acidente c,6.9,BR-040/DF,Sul,Colisão traseira,2,0,0,0,0,0,0,0,0,0,2,4,0,0,0,040,2016-04-10 11:45:00+00:00,-16.037866823596413,-47.97960879241375
13/04/2016,06:51:00,50,Acidente c,6.2,BR-040/DF,Norte,Outros,1,0,0,1,0,0,0,0,0,0,1,1,0,0,0,040,2016-04-13 09:51:00+00:00,-16.031598243563078,-47.97882464034835
13/04/2016,07:16:00,69,Acidente c,6.4,BR-040/DF,Norte,Colisão traseira,3,0,0,0,0,0,0,0,0,0,2,1,0,0,0,040,2016-04-13 10:16:00+00:00,-16.03340046349643,-47.978932034439126
13/04/2016,06:46:00,238,Acidente s,3.5,BR-040/DF,Sul,Colisão traseira,2,0,0,0,0,0,0,0,0,0,2,0,0,0,0,040,2016-04-13 09:46:00+00:00,-16.007631320840915,-47.98325451231453
15/04/2016,09:06:00,134,Acidente c,6.4,BR-040/DF,Norte,Capotamento,2,0,0,0,0,0,0,0,0,0,1,0,0,0,0,040,2016-04-15 12:06:00+00:00,-16.03340046349643,-47.978932034439126
18/04/2016,07:13:00,51,Acidente c,3.2,BR-040/DF,Norte,Colisão traseira,3,0,0,1,0,0,0,0,0,0,4,1,0,0,0,040,2016-04-18 10:13:00+00:00,-16.004970432301306,-47.983777564631566
19/04/2016,02:50:00,232,Acidente s,3.1,BR-040/DF,Sul,Abalroamento transversal,2,0,0,0,0,0,0,0,0,0,2,0,0,0,0,040,2016-04-19 05:50:00+00:00,-16.004089752213368,-47.98398265573781
20/04/2016,06:38:00,63,Acidente s,5.1,BR-040/DF,Norte,Colisão traseira,1,0,0,0,1,0,0,0,0,0,2,0,0,0,0,040,2016-04-20 09:38:00+00:00,-16.021799386502895,-47.98035128738056
20/04/2016,08:43:00,149,Acidente s,1.3,BR-040/DF,Sul,Outros,0,0,0,1,0,0,0,0,0,0,1,0,0,0,0,040,2016-04-20 11:43:00+00:00,-15.988161707075648,-47.98724375511734
20/04/2016,09:33:00,169,Acidente s,3.8,BR-040/DF,Norte,Colisão traseira,1,0,0,1,0,0,0,0,0,0,2,0,0,0,0,040,2016-04-20 12:33:00+00:00,-16.010287930410097,-47.98270794867232
20/04/2016,08:28:00,421,Acidente s,5.5,BR-040/DF,Norte,Choque com objeto fixo,1,0,0,0,0,0,0,0,0,0,1,0,0,0,0,040,2016-04-20 11:28:00+00:00,-16.025343468566483,-47.97963307234679
21/04/2016,05:08:00,232,Acidente s,0.2,BR-040/DF,Norte,Capotamento,1,0,0,0,0,0,0,0,0,0,1,0,0,0,0,040,2016-04-21 08:08:00+00:00,-15.97863703805657,-47.989955296137616
23/04/2016,02:24:00,163,Acidente s,4.3,BR-040/DF,Sul,Colisão traseira,2,0,0,0,0,0,0,0,0,0,2,0,0,0,0,040,2016-04-23 05:24:00+00:00,-16.014716352935057,-47.98180092115799
26/04/2016,08:01:00,73,Acidente c,0.5,BR-040/DF,Norte,Outros,0,0,0,1,0,0,0,0,0,0,0,0,1,0,0,040,2016-04-26 11:01:00+00:00,-15.981258998801273,-47.98927117648948
29/04/2016,04:42:00,292,Acidente s,1.8,BR-040/DF,Norte,Colisão traseira,3,0,0,1,0,0,0,0,0,0,5,0,0,0,0,040,2016-04-29 07:42:00+00:00,-15.992588808085221,-47.98633017752721
30/04/2016,05:53:00,31,Acidente s,3.1,BR-040/DF,Sul,Choque com objeto fixo,1,0,0,0,0,0,0,0,0,0,1,0,0,0,0,040,2016-04-30 08:53:00+00:00,-16.004089752213368,-47.98398265573781
30/04/2016,11:04:00,119,Acidente s,0.2,BR-040/DF,Norte,Colisão traseira,3,0,1,0,0,0,0,0,0,0,5,0,0,0,0,040,2016-04-30 14:04:00+00:00,-15.97863703805657,-47.989955296137616
30/04/2016,04:49:00,189,Acidente s,5.7,BR-040/DF,Norte,Capotamento,1,0,0,0,0,0,0,0,0,0,2,0,0,0,0,040,2016-04-30 07:49:00+00:00,-16.027115181158486,-47.9792721455203
02/05/2016,06:30:00,314,Acidente c,4.5,BR-040/DF,Sul,Queda de Carga,1,0,0,0,0,0,0,0,0,0,0,0,0,0,0,040,2016-05-02 09:30:00+00:00,-16.016488213220736,-47.98144083480431
04/05/2016,06:56:00,40,Acidente c,2.4,BR-040/DF,Norte,Colisão traseira,1,0,0,1,0,0,0,0,0,0,1,2,0,0,0,040,2016-05-04 09:56:00+00:00,-15.997905661056247,-47.98526898823757
05/05/2016,07:05:00,51,Acidente s,3.001,BR-040/DF,Sul,Colisão traseira,1,0,0,1,0,0,0,0,0,0,2,0,0,0,0,040,2016-05-05 10:05:00+00:00,-16.003221317213036,-47.984191964262294
05/05/2016,07:13:00,56,Acidente c,5.2,BR-040/DF,Norte,Queda de Carga,1,0,0,0,0,0,0,0,0,0,1,1,0,0,0,040,2016-05-05 10:13:00+00:00,-16.022685500982586,-47.980172122616
06/05/2016,06:35:00,41,Acidente c,5.9,BR-040/DF,Norte,Colisão traseira,1,0,0,1,0,0,0,0,0,0,1,0,1,0,0,040,2016-05-06 09:35:00+00:00,-16.02889749266502,-47.97898561658784
07/05/2016,05:18:00,47,Acidente s,2.15,BR-040/DF,Sul,Choque com objeto fixo,1,0,0,0,0,0,0,0,0,0,1,0,0,0,0,040,2016-05-07 08:18:00+00:00,-15.995687274850086,-47.98569779740225
07/05/2016,06:10:00,52,Acidente s,8.1,BR-040/DF,Sul,Colisão traseira,2,0,0,0,0,0,0,0,0,0,2,0,0,0,0,040,2016-05-07 09:10:00+00:00,-16.048574876122156,-47.98131638357745
07/05/2016,08:21:00,87,Acidente s,5.95,BR-040/DF,Sul,Colisão traseira,2,0,0,0,0,0,0,0,0,0,2,0,0,0,0,040,2016-05-07 11:21:00+00:00,-16.029344225282127,-47.97892068600026
07/05/2016,03:50:00,204,Acidente s,0.6,BR-040/DF,Norte,Colisão traseira,3,0,0,0,0,0,0,0,0,0,3,0,0,0,0,040,2016-05-07 06:50:00+00:00,-15.982085410438911,-47.98889955533508
07/05/2016,07:50:00,296,Acidente s,7.4,BR-040/DF,Sul,Colisão traseira,5,0,0,0,0,0,0,0,0,0,12,0,0,0,0,040,2016-05-07 10:50:00+00:00,-16.042329180275452,-47.980315903102515
08/05/2016,04:25:00,21,Acidente s,0.3,BR-040/DF,Norte,Colisão traseira,2,0,0,0,0,0,0,0,0,0,3,0,0,0,0,040,2016-05-08 07:25:00+00:00,-15.97952436803145,-47.9897831292533
08/05/2016,06:22:00,36,Acidente c,6.6,BR-040/DF,Sul,Outros,0,0,0,1,0,0,0,0,0,0,0,1,0,0,0,040,2016-05-08 09:22:00+00:00,-16.035189670141097,-47.979182774820245
12/05/2016,05:11:00,17,Acidente s,0.4,BR-040/DF,Sul,Choque com objeto fixo,1,0,0,0,0,0,0,0,0,0,1,0,0,0,0,040,2016-05-12 08:11:00+00:00,-15.980401391605048,-47.989562707036
16/05/2016,06:50:00,42,Acidente s,2.5,BR-040/DF,Norte,Colisão traseira,1,0,0,1,0,0,0,0,0,0,2,0,0,0,0,040,2016-05-16 09:50:00+00:00,-15.998786510314467,-47.9850654509188
16/05/2016,10:26:00,135,Acidente s,3.55,BR-040/DF,Norte,Capotamento,1,0,0,0,0,0,0,0,0,0,1,0,0,0,0,040,2016-05-16 13:26:00+00:00,-16.00807390694221,-47.983162476329596
18/05/2016,08:01:00,106,Acidente c,2.0,BR-040/DF,Norte,Abalroamento - Longitudinal,1,0,1,1,0,0,0,0,0,0,2,0,1,0,0,040,2016-05-18 11:01:00+00:00,-15.994359414490402,-47.985973302872196
19/05/2016,07:48:00,82,Acidente s,2.2,BR-040/DF,Norte,Colisão traseira,2,0,0,0,0,0,0,0,0,0,7,0,0,0,0,040,2016-05-19 10:48:00+00:00,-15.99612997186753,-47.9856063357417
19/05/2016,08:30:00,316,Acidente c,7.1,BR-040/DF,Sul,Capotamento,1,0,0,0,0,0,0,0,0,0,0,1,1,0,0,040,2016-05-19 11:30:00+00:00,-16.039651319001248,-47.9798947053415
19/05/2016,11:14:00,356,Acidente c,0.5,BR-040/DF,Norte,Capotamento,1,0,0,0,0,0,0,0,0,0,0,1,1,0,0,040,2016-05-19 14:14:00+00:00,-15.981258998801273,-47.98927117648948