data,horario,n_da_ocorrencia,tipo_de_ocorrencia,km,trecho,sentido,tipo_de_acidente,automovel,bicicleta,caminhao,moto,onibus,outros,tracao_animal,transporte_de_cargas_especiais,trator_maquinas,utilitarios,ilesos,levemente_feridos,moderadamente_feridos,gravemente_feridos,mortos,vl_br,timestamp_utc,latitude_acidente,longitude_acidente
22/05/2016,02:03:00,169,Acidente c,0.5,BR-040/DF,Norte,Abalroamento - Longitudinal,2,0,0,0,0,0,0,0,0,0,3,0,1,0,0,040,2016-05-22 05:03:00+00:00,-15.981258998801273,-47.98927117648948
25/05/2016,08:25:00,98,Acidente c,0.876,BR-040/DF,Norte,Outros,0,0,0,1,0,0,0,0,0,0,0,1,0,0,0,040,2016-05-25 11:25:00+00:00,-15.984406179890582,-47.988011549580214
27/05/2016,05:47:00,208,Acidente s,1.8,BR-040/DF,Sul,Choque em barreira New Jersey,0,0,0,0,0,1,0,0,0,0,1,0,0,0,0,040,2016-05-27 08:47:00+00:00,-15.992588808085221,-47.98633017752721
28/05/2016,06:17:00,157,Acidente s,2.5,BR-040/DF,Sul,Colisão traseira,2,0,0,0,0,0,0,0,0,0,3,0,0,0,0,040,2016-05-28 09:17:00+00:00,-15.998786510314467,-47.9850654509188
30/05/2016,06:34:00,41,Acidente c,1.001,BR-040/DF,Norte,Outros,0,0,0,1,0,0,0,0,0,0,1,0,1,0,0,040,2016-05-30 09:34:00+00:00,-15.98551320267482,-47.98778441726708
03/06/2016,05:41:00,32,Acidente c,6.436,BR-040/DF,Norte,Abalroamento - Transversal,1,0,0,1,0,0,0,0,0,0,1,0,1,0,0,040,2016-06-03 08:41:00+00:00,-16.033723575155417,-47.978968616047716
04/06/2016,12:47:00,141,Acidente s,1.1,BR-040/DF,Norte,Colisão traseira,2,0,0,0,0,0,0,0,0,0,2,0,0,0,0,040,2016-06-04 15:47:00+00:00,-15.986389775084268,-47.98760354456679
05/06/2016,05:37:00,33,Acidente s,3.5,BR-040/DF,Sul,Capotamento,1,0,0,0,0,0,0,0,0,0,1,0,0,0,0,040,2016-06-05 08:37:00+00:00,-16.007631320840915,-47.98325451231453
05/06/2016,05:51:00,36,Acidente s,0.2,BR-040/DF,Norte,Choque com objeto fixo,1,0,0,0,0,0,0,0,0,0,1,0,0,0,0,040,2016-06-05 08:51:00+00:00,-15.97863703805657,-47.989955296137616
07/06/2016,09:14:00,131,Acidente c,5.0,BR-040/DF,Sul,Outros,0,0,0,1,0,0,0,0,0,0,1,1,0,0,0,040,2016-06-07 12:14:00+00:00,-16.020913658324112,-47.980532491069454
07/06/2016,06:25:00,326,Acidente s,1.1,BR-040/DF,Sul,Abalroamento - Longitudinal,1,0,0,1,0,0,0,0,0,0,2,0,0,0,0,040,2016-06-07 09:25:00+00:00,-15.986389775084268,-47.98760354456679
10/06/2016,06:08:00,291,Acidente s,0.3,BR-040/DF,Sul,Abalroamento - Longitudinal,1,0,1,0,0,0,0,0,0,0,4,0,0,0,0,040,2016-06-10 09:08:00+00:00,-15.97952436803145,-47.9897831292533
10/06/2016,06:43:00,306,Acidente s,4.2,BR-040/DF,Norte,Colisão traseira,1,0,0,0,1,0,0,0,0,0,11,0,0,0,0,040,2016-06-10 09:43:00+00:00,-16.013830307420342,-47.98198044185797
11/06/2016,09:53:00,316,Acidente s,5.5,BR-040/DF,Norte,Colisão traseira,2,0,0,0,0,0,0,0,0,0,2,0,0,0,0,040,2016-06-11 12:53:00+00:00,-16.025343468566483,-47.97963307234679
12/06/2016,07:32:00,230,Acidente c,6.7,BR-040/DF,Sul,Colisão traseira,1,0,0,1,0,0,0,0,0,0,3,1,0,0,0,040,2016-06-12 10:32:00+00:00,-16.03608120113199,-47.97933047163259
13/06/2016,03:32:00,173,Acidente s,5.4,BR-040/DF,Norte,Colisão traseira,2,0,0,0,1,0,0,0,0,0,3,0,0,0,0,040,2016-06-13 06:32:00+00:00,-16.024456635920256,-47.97980807581175
16/06/2016,07:16:00,58,Acidente s,7.1,BR-040/DF,Norte,Colisão traseira,2,0,0,0,0,0,0,0,0,0,2,0,0,0,0,040,2016-06-16 10:16:00+00:00,-16.039651319001248,-47.9798947053415
16/06/2016,07:14:00,297,Acidente c,3.155,BR-040/DF,Sul,Outros,1,0,0,1,0,0,0,0,0,0,1,0,1,0,0,040,2016-06-16 10:14:00+00:00,-16.00457411542825,-47.98386992559554
17/06/2016,07:32:00,68,Acidente s,2.4,BR-040/DF,Norte,Colisão traseira,2,0,0,0,0,0,0,0,0,0,4,0,0,0,0,040,2016-06-17 10:32:00+00:00,-15.997905661056247,-47.98526898823757
19/06/2016,05:29:00,51,Acidente s,1.089,BR-040/DF,Norte,Capotamento,2,0,0,0,0,0,0,0,0,0,4,0,0,0,0,040,2016-06-19 08:29:00+00:00,-15.986292312579362,-47.987623303567354
21/06/2016,07:47:00,69,Acidente c,3.1,BR-040/DF,Norte,Abalroamento - Longitudinal,1,0,0,1,0,0,0,0,0,0,1,0,0,0,0,040,2016-06-21 10:47:00+00:00,-16.004089752213368,-47.98398265573781
22/06/2016,07:33:00,68,Acidente c,2.7,BR-040/DF,Norte,Colisão traseira,1,0,0,1,0,0,0,0,0,0,1,1,0,0,0,040,2016-06-22 10:33:00+00:00,-16.00055656037991,-47.98470670915244
22/06/2016,08:57:00,122,Acidente c,4.023,BR-040/DF,Norte,Abalroamento - Longitudinal,1,0,0,1,0,0,0,0,0,0,2,1,0,0,0,040,2016-06-22 11:57:00+00:00,-16.012262774412573,-47.98230218663895
22/06/2016,02:11:00,229,Acidente c,2.146,BR-040/DF,Sul,Outros,1,0,0,1,0,0,0,0,0,0,1,1,0,0,0,040,2016-06-22 05:11:00+00:00,-15.99565186593739,-47.98570514973527
23/06/2016,06:20:00,32,Acidente s,2.093,BR-040/DF,Norte,Colisão traseira,3,0,0,0,0,0,0,0,0,0,3,0,0,0,0,040,2016-06-23 09:20:00+00:00,-15.995182592539962,-47.98580200303549
23/06/2016,01:59:00,206,Acidente c,5.244,BR-040/DF,Norte,Abalroamento - Transversal,2,0,0,0,0,0,0,0,0,0,9,0,0,0,0,040,2016-06-23 04:59:00+00:00,-16.023075403494936,-47.980093348419366
24/06/2016,06:33:00,36,Acidente c,3.01,BR-040/DF,Norte,Abalroamento - Longitudinal,1,0,0,1,0,0,0,0,0,0,1,0,1,0,0,040,2016-06-24 09:33:00+00:00,-16.003300774395882,-47.98417467780077
24/06/2016,07:42:00,327,Acidente c,5.6,BR-040/DF,Sul,Abalroamento - Longitudinal,1,0,0,1,0,0,0,0,0,0,3,0,1,0,0,040,2016-06-24 10:42:00+00:00,-16.026229632509633,-47.97945419544009
24/06/2016,08:43:00,351,Acidente s,1.2,BR-040/DF,Sul,Colisão traseira,3,0,0,0,0,0,0,0,0,0,5,0,0,0,0,040,2016-06-24 11:43:00+00:00,-15.987275770722288,-47.98742379831673
26/06/2016,07:12:00,53,Acidente c,3.4,BR-040/DF,Sul,Abalroamento - Transversal,1,0,0,1,0,0,0,0,0,0,1,0,1,0,0,040,2016-06-26 10:12:00+00:00,-16.00674531156606,-47.98343412528876
26/06/2016,03:45:00,149,Acidente s,1.5,BR-040/DF,Norte,Choque com objeto fixo,1,0,0,0,0,0,0,0,0,0,3,0,0,0,0,040,2016-06-26 06:45:00+00:00,-15.989932639686035,-47.98687875185026
26/06/2016,10:10:00,253,Acidente c,0.05,BR-040/DF,Norte,Abalroamento - Longitudinal,1,0,0,1,0,0,0,0,0,0,4,0,1,0,0,040,2016-06-26 13:10:00+00:00,-15.977310678260844,-47.990238208104266
27/06/2016,07:38:00,89,Acidente s,3.8,BR-040/DF,Norte,Colisão traseira,3,0,0,0,0,0,0,0,0,0,3,0,0,0,0,040,2016-06-27 10:38:00+00:00,-16.010287930410097,-47.98270794867232
28/06/2016,11:26:00,312,Acidente s,8.37,BR-040/DF,Sul,Abalroamento - Longitudinal,2,0,0,0,0,0,0,0,0,0,2,0,0,0,0,040,2016-06-28 14:26:00+00:00,-16.05097141836859,-47.981740284531135
30/06/2016,08:10:00,77,Acidente c,5.1,BR-040/DF,Norte,Abalroamento - Transversal,1,0,0,1,0,0,0,0,0,0,2,1,0,0,0,040,2016-06-30 11:10:00+00:00,-16.021799386502895,-47.98035128738056
30/06/2016,07:30:00,310,Acidente c,3.452,BR-040/DF,Norte,Capotamento,1,0,0,0,0,0,0,0,0,0,1,1,0,0,0,040,2016-06-30 10:30:00+00:00,-16.00720631813181,-47.98334223391686
30/06/2016,07:31:00,311,Acidente s,0.3,BR-040/DF,Sul,Abalroamento - Longitudinal,1,0,1,0,0,0,0,0,0,0,5,0,0,0,0,040,2016-06-30 10:31:00+00:00,-15.97952436803145,-47.9897831292533
30/06/2016,08:15:00,325,Acidente c,3.0,BR-040/DF,Sul,Abalroamento - Longitudinal,1,0,0,1,0,0,0,0,0,0,3,0,0,0,0,040,2016-06-30 11:15:00+00:00,-16.00321267156879,-47.98419457410762
30/06/2016,10:49:00,362,Acidente s,0.8,BR-040/DF,Norte,Capotamento,2,0,0,0,0,0,0,0,0,0,2,0,0,0,0,040,2016-06-30 13:49:00+00:00,-15.983739998009424,-47.98818059885455
01/07/2016,07:40:00,75,Acidente s,2.5,BR-040/DF,Norte,Colisão traseira,4,0,0,0,0,0,0,0,0,0,4,0,0,0,0,040,2016-07-01 10:40:00+00:00,-15.998786510314467,-47.9850654509188
01/07/2016,08:52:00,352,Acidente s,2.137,BR-040/DF,Sul,Colisão traseira,5,0,0,0,0,0,0,0,0,0,6,0,0,0,0,040,2016-07-01 11:52:00+00:00,-15.995572263528107,-47.98572203642606
02/07/2016,02:59:00,24,Acidente s,3.7,BR-040/DF,Norte,Choque com objeto fixo,1,0,0,0,0,0,0,0,0,0,1,0,0,0,0,040,2016-07-02 05:59:00+00:00,-16.009402495610235,-47.98289067763329
04/07/2016,07:11:00,37,Acidente c,1.9,BR-040/DF,Norte,Colisão traseira,1,0,0,1,0,0,0,0,0,0,1,1,0,0,0,040,2016-07-04 10:11:00+00:00,-15.993470778341672,-47.9861313533078
04/07/2016,06:42:00,256,Acidente s,5.0,BR-040/DF,Sul,Colisão traseira,2,0,0,0,0,0,0,0,0,0,2,0,0,0,0,040,2016-07-04 09:42:00+00:00,-16.020913658324112,-47.980532491069454
06/07/2016,07:07:00,30,Acidente c,7.6,BR-040/DF,Norte,Outros,0,0,0,1,0,0,0,0,0,0,0,1,0,0,0,040,2016-07-06 10:07:00+00:00,-16.044113614566683,-47.980601877368805
07/07/2016,12:01:00,158,Acidente s,0.1,BR-040/DF,Sul,Colisão traseira,2,0,0,0,0,0,0,0,0,0,2,0,0,0,0,040,2016-07-07 15:01:00+00:00,-15.977752055500277,-47.99014022432026
07/07/2016,01:39:00,180,Acidente s,5.8,BR-040/DF,Sul,Abalroamento longitudinal,1,0,1,0,0,0,0,0,0,0,2,0,0,0,0,040,2016-07-07 04:39:00+00:00,-16.02800242473236,-47.97909917254604
07/07/2016,07:18:00,282,Acidente s,0.4,BR-040/DF,Norte,Capotamento,1,0,0,0,0,0,0,0,0,0,1,0,0,0,0,040,2016-07-07 10:18:00+00:00,-15.980401391605048,-47.989562707036
10/07/2016,10:53:00,290,Acidente s,2.5,BR-040/DF,Norte,Capotamento,2,0,0,0,0,0,0,0,0,0,7,0,0,0,0,040,2016-07-10 13:53:00+00:00,-15.998786510314467,-47.9850654509188
10/07/2016,11:07:00,294,Acidente s,2.5,BR-040/DF,Norte,Colisão traseira,3,0,0,0,0,0,0,0,0,0,5,0,0,0,0,040,2016-07-10 14:07:00+00:00,-15.998786510314467,-47.9850654509188
13/07/2016,08:19:00,341,Acidente s,5.214,BR-040/DF,Sul,Colisão traseira,2,0,0,0,0,0,0,0,0,0,3,0,0,0,0,040,2016-07-13 11:19:00+00:00,-16.022809646783074,-47.98014751479181
16/07/2016,01:44:00,11,Acidente c,7.21,BR-040/DF,Sul,Outros,0,0,0,1,0,1,0,0,0,0,1,1,0,0,0,040,2016-07-16 04:44:00+00:00,-16.04063301391151,-47.980050508095445
16/07/2016,06:50:00,322,Acidente c,5.0,BR-040/DF,Sul,Colisão traseira,2,0,0,0,0,0,0,0,0,0,1,2,0,0,0,040,2016-07-16 09:50:00+00:00,-16.020913658324112,-47.980532491069454
19/07/2016,04:03:00,217,Acidente s,0.3,BR-040/DF,Norte,Capotamento,1,0,1,0,0,0,0,0,0,0,2,0,0,0,0,040,2016-07-19 07:03:00+00:00,-15.97952436803145,-47.9897831292533
20/07/2016,07:52:00,82,Acidente s,5.9,BR-040/DF,Norte,Outros,0,0,0,1,0,0,0,0,0,0,1,0,0,0,0,040,2016-07-20 10:52:00+00:00,-16.02889749266502,-47.97898561658784
21/07/2016,08:15:00,352,Acidente c,5.8,BR-040/DF,Sul,Outros,1,0,0,1,0,0,0,0,0,0,2,0,0,0,0,040,2016-07-21 11:15:00+00:00,-16.02800242473236,-47.97909917254604
22/07/2016,08:09:00,303,Acidente s,8.1,BR-040/DF,Norte,Colisão traseira,1,0,0,1,0,0,0,0,0,0,2,0,0,0,0,040,2016-07-22 11:09:00+00:00,-16.048574876122156,-47.98131638357745
23/07/2016,03:49:00,39,Acidente s,1.15,BR-040/DF,Sul,Capotamento,1,0,0,0,0,0,0,0,0,0,1,0,0,0,0,040,2016-07-23 06:49:00+00:00,-15.98683280934005,-47.98751386561503
25/07/2016,06:28:00,40,Acidente c,5.5,BR-040/DF,Norte,Abalroamento longitudinal,1,0,0,1,0,0,0,0,0,0,4,0,0,0,0,040,2016-07-25 09:28:00+00:00,-16.025343468566483,-47.97963307234679
25/07/2016,05:51:00,336,Acidente c,5.5,BR-040/DF,Sul,Colisão traseira,1,0,0,1,0,0,0,0,0,0,2,0,1,0,0,040,2016-07-25 08:51:00+00:00,-16.025343468566483,-47.97963307234679
26/07/2016,07:35:00,287,Acidente s,3.5,BR-040/DF,Sul,Colisão traseira,2,0,0,0,0,0,0,0,0,0,2,0,0,0,0,040,2016-07-26 10:35:00+00:00,-16.007631320840915,-47.98325451231453
27/07/2016,08:45:00,104,Acidente s,5.85,BR-040/DF,Norte,Abalroamento longitudinal,1,0,0,0,0,0,0,0,0,1,2,0,0,0,0,040,2016-07-27 11:45:00+00:00,-16.028449868299443,-47.97903867843444
28/07/2016,12:58:00,196,Acidente s,1.0,BR-040/DF,Sul,Outros,1,0,0,0,0,0,0,0,0,0,1,0,0,0,0,040,2016-07-28 15:58:00+00:00,-15.985504352691404,-47.98778626672763
29/07/2016,06:39:00,52,Acidente c,2.5,BR-040/DF,Norte,Abalroamento longitudinal,1,0,0,1,0,0,0,0,0,0,2,1,0,0,0,040,2016-07-29 09:39:00+00:00,-15.998786510314467,-47.9850654509188
29/07/2016,07:45:00,104,Acidente c,2.8,BR-040/DF,Norte,Abalroamento longitudinal,1,0,0,1,0,0,0,0,0,0,2,1,0,0,0,040,2016-07-29 10:45:00+00:00,-16.001439596929313,-47.98451406070111
30/07/2016,02:02:00,18,Acidente c,0.2,BR-040/DF,Sul,Queda de Carga,1,0,0,0,0,0,0,0,0,0,0,1,0,0,0,040,2016-07-30 05:02:00+00:00,-15.97863703805657,-47.989955296137616
02/08/2016,08:23:00,356,Acidente c,6.8,BR-040/DF,Sul,Abalroamento longitudinal,1,0,0,1,0,0,0,0,0,0,1,0,1,0,0,040,2016-08-02 11:23:00+00:00,-16.036973905924885,-47.97947034300178
03/08/2016,07:33:00,76,Acidente s,2.6,BR-040/DF,Sul,Colisão traseira,1,0,0,1,0,0,0,0,0,0,2,0,0,0,0,040,2016-08-03 10:33:00+00:00,-15.99967585339181,-47.98490997338192
04/08/2016,04:32:00,15,Acidente c,4.05,BR-040/DF,Sul,Choque com objeto fixo,1,0,0,0,0,0,0,0,0,0,0,0,1,0,0,040,2016-08-04 07:32:00+00:00,-16.012502141298576,-47.98225442528605
07/08/2016,07:44:00,255,Acidente c,5.5,BR-040/DF,Norte,Colisão traseira,0,0,0,1,0,2,0,0,0,0,2,1,0,0,0,040,2016-08-07 10:44:00+00:00,-16.025343468566483,-47.97963307234679
09/08/2016,07:40:00,73,Acidente c,5.5,BR-040/DF,Norte,Colisão traseira,1,0,0,1,0,0,0,0,0,0,1,1,0,0,0,040,2016-08-09 10:40:00+00:00,-16.025343468566483,-47.97963307234679
09/08/2016,09:17:00,122,Acidente c,7.6,BR-040/DF,Norte,Outros,0,0,0,1,0,0,0,0,0,0,0,1,0,0,0,040,2016-08-09 12:17:00+00:00,-16.044113614566683,-47.980601877368805
10/08/2016,02:56:00,271,Acidente s,7.6,BR-040/DF,Norte,Abalroamento longitudinal,1,0,1,0,0,0,0,0,0,0,3,0,0,0,0,040,2016-08-10 05:56:00+00:00,-16.044113614566683,-47.980601877368805
13/08/2016,04:16:00,13,Acidente s,5.3,BR-040/DF,Sul,Capotamento,1,0,0,0,0,0,0,0,0,0,1,0,0,0,0,040,2016-08-13 07:16:00+00:00,-16.02357134588851,-47.9799915271314
13/08/2016,07:05:00,35,Acidente s,2.0,BR-040/DF,Norte,Choque em defensa,1,0,0,0,0,0,0,0,0,0,1,0,0,0,0,040,2016-08-13 10:05:00+00:00,-15.994359414490402,-47.985973302872196
13/08/2016,04:38:00,216,Acidente c,6.001,BR-040/DF,Norte,Abalroamento longitudinal,3,0,0,0,0,0,0,0,0,0,2,0,4,0,0,040,2016-08-13 07:38:00+00:00,-16.029802932536892,-47.97887924662321
13/08/2016,11:16:00,331,Acidente c,3.0,BR-040/DF,Sul,Choque com objeto fixo,1,0,0,0,1,0,0,0,0,0,17,0,0,0,0,040,2016-08-13 14:16:00+00:00,-16.00321267156879,-47.98419457410762
14/08/2016,07:50:00,51,Acidente c,1.6,BR-040/DF,Norte,Capotamento,1,0,0,0,0,0,0,0,0,0,1,1,0,0,0,040,2016-08-14 10:50:00+00:00,-15.990818106867216,-47.98669622660105
16/08/2016,07:49:00,105,Acidente c,5.6,BR-040/DF,Norte,Outros,1,0,0,1,0,0,0,0,0,0,2,0,1,0,0,040,2016-08-16 10:49:00+00:00,-16.026229632509633,-47.97945419544009
17/08/2016,07:31:00,330,Acidente s,3.17,BR-040/DF,Sul,Colisão traseira,2,0,0,0,0,0,0,0,0,0,2,0,0,0,0,040,2016-08-17 10:31:00+00:00,-16.004705681692855,-47.9838366996901
19/08/2016,04:33:00,59,Acidente s,7.65,BR-040/DF,Norte,Abalroamento longitudinal,1,0,0,0,0,1,0,0,0,0,2,0,0,0,0,040,2016-08-19 07:33:00+00:00,-16.04455981696661,-47.98067284020734
19/08/2016,07:08:00,113,Acidente s,5.95,BR-040/DF,Norte,Colisão traseira,1,0,0,2,0,0,0,0,0,0,3,0,0,0,0,040,2016-08-19 10:08:00+00:00,-16.029344225282127,-47.97892068600026
19/08/2016,07:21:00,120,Acidente c,5.1,BR-040/DF,Norte,Colisão traseira,0,0,0,1,0,1,0,0,0,0,1,1,0,0,0,040,2016-08-19 10:21:00+00:00,-16.021799386502895,-47.98035128738056
20/08/2016,01:45:00,170,Acidente s,5.5,BR-040/DF,Norte,Colisão traseira,1,0,1,0,0,0,0,0,0,0,2,0,0,0,0,040,2016-08-20 04:45:00+00:00,-16.025343468566483,-47.97963307234679
20/08/2016,09:47:00,303,Acidente c,3.6,BR-040/DF,Norte,Abalroamento longitudinal,1,0,0,1,0,0,0,0,0,0,4,1,0,0,0,040,2016-08-20 12:47:00+00:00,-16.008516933398386,-47.98307272923642
21/08/2016,01:37:00,9,Acidente c,5.6,BR-040/DF,Sul,Abalroamento longitudinal,0,0,0,1,0,1,0,0,0,0,0,2,0,0,0,040,2016-08-21 04:37:00+00:00,-16.026229632509633,-47.97945419544009
24/08/2016,07:08:00,43,Acidente c,2.1,BR-040/DF,Norte,Colisão traseira,1,0,0,1,0,0,0,0,0,0,1,0,0,0,0,040,2016-08-24 10:08:00+00:00,-15.995244590909683,-47.98578930635743
24/08/2016,08:13:00,117,Acidente s,5.282,BR-040/DF,Norte,Abalroamento longitudinal,0,0,0,0,0,2,0,0,0,0,2,0,0,0,0,040,2016-08-24 11:13:00+00:00,-16.023411933294646,-47.98002424404125
24/08/2016,08:27:00,207,Acidente s,2.7,BR-040/DF,Norte,Colisão traseira,2,0,0,0,0,0,0,0,0,0,2,0,0,0,0,040,2016-08-24 11:27:00+00:00,-16.00055656037991,-47.98470670915244
24/08/2016,08:27:00,121,Acidente s,7.1,BR-040/DF,Norte,Colisão traseira,2,0,0,0,0,0,0,0,0,0,2,0,0,0,0,040,2016-08-24 11:27:00+00:00,-16.039651319001248,-47.9798947053415
25/08/2016,06:56:00,52,Acidente s,7.3,BR-040/DF,Norte,Colisão traseira,4,0,0,0,0,0,0,0,0,0,4,0,0,0,0,040,2016-08-25 09:56:00+00:00,-16.041436265242957,-47.98017750440991
28/08/2016,06:19:00,188,Acidente s,7.1,BR-040/DF,Norte,Abalroamento transversal,2,0,0,0,0,0,0,0,0,0,3,0,0,0,0,040,2016-08-28 09:19:00+00:00,-16.039651319001248,-47.9798947053415
02/09/2016,05:27:00,23,Acidente c,2.6,BR-040/DF,Norte,Colisão traseira,1,0,0,1,0,0,0,0,0,0,1,1,0,0,0,040,2016-09-02 08:27:00+00:00,-15.99967585339181,-47.98490997338192
04/09/2016,06:53:00,50,Acidente c,4.8,BR-040/DF,Sul,Outros,0,0,0,1,0,0,0,0,0,0,0,1,0,0,0,040,2016-09-04 09:53:00+00:00,-16.019141702254522,-47.980892274949284
05/09/2016,07:45:00,107,Acidente s,5.8,BR-040/DF,Norte,Colisão traseira,0,0,0,3,0,0,0,0,0,0,3,0,0,0,0,040,2016-09-05 10:45:00+00:00,-16.02800242473236,-47.97909917254604
06/09/2016,07:25:00,116,Acidente s,0.5,BR-040/DF,Norte,Atropelamento de animal,0,0,0,1,0,0,0,0,0,0,1,0,0,0,0,040,2016-09-06 10:25:00+00:00,-15.981258998801273,-47.98927117648948
08/09/2016,03:20:00,14,Acidente c,0.02,BR-040/DF,Norte,Colisão frontal,0,0,0,2,0,0,0,0,0,0,0,0,0,0,2,040,2016-09-08 06:20:00+00:00,-15.97704353355205,-47.99028406069278
08/09/2016,08:15:00,131,Acidente s,5.15,BR-040/DF,Norte,Abalroamento longitudinal,1,0,0,1,0,0,0,0,0,0,2,0,0,0,0,040,2016-09-08 11:15:00+00:00,-16.022242230731006,-47.980260580468226
12/09/2016,08:07:00,125,Acidente s,3.4,BR-040/DF,Norte,Colisão traseira,2,0,0,0,0,0,0,0,0,0,2,0,0,0,0,040,2016-09-12 11:07:00+00:00,-16.00674531156606,-47.98343412528876
12/09/2016,11:03:00,418,Acidente c,8.1,BR-040/DF,Sul,Choque com objeto fixo,1,0,0,0,0,0,0,0,0,0,0,1,2,1,0,040,2016-09-12 14:03:00+00:00,-16.048574876122156,-47.98131638357745
16/09/2016,07:39:00,116,Acidente s,5.6,BR-040/DF,Sul,Abalroamento longitudinal,1,0,0,1,0,0,0,0,0,0,2,0,0,0,0,040,2016-09-16 10:39:00+00:00,-16.026229632509633,-47.97945419544009
16/09/2016,11:16:00,199,Acidente s,7.6,BR-040/DF,Norte,Choque com objeto fixo,0,0,1,0,0,0,0,0,0,0,1,0,0,0,0,040,2016-09-16 14:16:00+00:00,-16.044113614566683,-47.980601877368805
17/09/2016,01:24:00,163,Acidente c,7.012,BR-040/DF,Sul,Capotamento,2,0,0,0,0,0,0,0,0,0,1,2,1,0,0,040,2016-09-17 04:24:00+00:00,-16.03886624222435,-47.97976821634038
20/09/2016,01:25:00,231,Acidente s,6.1,BR-040/DF,Sul,Outros,0,0,0,1,0,0,0,0,0,0,1,0,0,0,0,040,2016-09-20 04:25:00+00:00,-16.030695474275564,-47.9788300101082
24/09/2016,12:34:00,5,Acidente c,0.2,BR-040/DF,Sul,Colisão traseira,2,0,0,0,0,0,0,0,0,0,2,0,0,0,0,040,2016-09-24 15:34:00+00:00,-15.97863703805657,-47.989955296137616
24/09/2016,02:39:00,208,Acidente s,5.04,BR-040/DF,Norte,Colisão traseira,3,0,0,0,0,0,0,0,0,0,3,0,0,0,0,040,2016-09-24 05:39:00+00:00,-16.02126799060408,-47.98046022785934
26/09/2016,07:17:00,346,Acidente s,0.124,BR-040/DF,Sul,Abalroamento longitudinal,2,0,0,1,0,0,0,0,0,0,4,0,0,0,0,040,2016-09-26 10:17:00+00:00,-15.977964514980513,-47.990096151540186
27/09/2016,08:41:00,145,Acidente c,5.2,BR-040/DF,Norte,Choque com objeto fixo,1,0,0,0,0,0,0,0,0,0,0,0,0,1,0,040,2016-09-27 11:41:00+00:00,-16.022685500982586,-47.980172122616
30/09/2016,07:38:00,93,Acidente s,7.8,BR-040/DF,Norte,Abalroamento longitudinal,1,0,0,0,0,1,0,0,0,0,2,0,0,0,0,040,2016-09-30 10:38:00+00:00,-16.04589752081111,-47.98089170201557
30/09/2016,06:59:00,403,Acidente c,2.9,BR-040/DF,Norte,Outros,0,0,0,1,0,0,0,0,0,0,0,0,1,0,0,040,2016-09-30 09:59:00+00:00,-16.00232379083997,-47.984347565616254
30/09/2016,07:28:00,411,Acidente s,2.8,BR-040/DF,Norte,Colisão traseira,2,0,0,0,0,0,0,0,0,0,4,0,0,0,0,040,2016-09-30 10:28:00+00:00,-16.001439596929313,-47.98451406070111
30/09/2016,08:12:00,430,Acidente s,5.3,BR-040/DF,Sul,Abalroamento transversal,2,0,0,0,0,0,0,0,0,0,5,0,0,0,0,040,2016-09-30 11:12:00+00:00,-16.02357134588851,-47.9799915271314
01/10/2016,02:16:00,189,Acidente c,5.2,BR-040/DF,Sul,Abalroamento longitudinal,1,0,0,1,0,0,0,0,0,0,4,1,0,0,0,040,2016-10-01 05:16:00+00:00,-16.022685500982586,-47.980172122616
04/10/2016,05:19:00,24,Acidente s,1.3,BR-040/DF,Sul,Choque em barreira New Jersey,1,0,0,0,0,0,0,0,0,0,1,0,0,0,0,040,2016-10-04 08:19:00+00:00,-15.988161707075648,-47.98724375511734
07/10/2016,07:55:00,110,Acidente s,0.05,BR-040/DF,Norte,Colisão traseira,2,0,0,0,0,0,0,0,0,0,3,0,0,0,0,040,2016-10-07 10:55:00+00:00,-15.977310678260844,-47.990238208104266
07/10/2016,03:40:00,289,Acidente s,4.7,BR-040/DF,Sul,Capotamento,1,0,0,0,0,1,0,0,0,0,2,0,0,0,0,040,2016-10-07 06:40:00+00:00,-16.018256651264295,-47.981076980894464
08/10/2016,06:11:00,38,Acidente c,3.044,BR-040/DF,Norte,Abalroamento longitudinal,1,0,0,1,0,0,0,0,0,0,1,1,0,0,0,040,2016-10-08 09:11:00+00:00,-16.003596922756774,-47.98409750475283
08/10/2016,06:57:00,54,Acidente s,3.034,BR-040/DF,Norte,Colisão traseira,5,0,0,0,0,0,0,0,0,0,5,0,0,0,0,040,2016-10-08 09:57:00+00:00,-16.00351328636242,-47.98413258256563