data,horario,n_da_ocorrencia,tipo_de_ocorrencia,km,trecho,sentido,tipo_de_acidente,automovel,bicicleta,caminhao,moto,onibus,outros,tracao_animal,transporte_de_cargas_especiais,trator_maquinas,utilitarios,ilesos,levemente_feridos,moderadamente_feridos,gravemente_feridos,mortos,vl_br,timestamp_utc,latitude_acidente,longitude_acidente
09/10/2016,04:27:00,209,Acidente s,3.181,BR-040/DF,Norte,Capotamento,2,0,0,0,0,0,0,0,0,0,2,0,0,0,0,040,2016-10-09 07:27:00+00:00,-16.004802555137797,-47.983814052411844
10/10/2016,06:12:00,26,Acidente c,2.5,BR-040/DF,Norte,Abalroamento longitudinal,0,0,0,1,0,1,0,0,0,0,1,1,0,0,0,040,2016-10-10 09:12:00+00:00,-15.998786510314467,-47.9850654509188
11/10/2016,11:38:00,161,Acidente c,2.5,BR-040/DF,Norte,Choque em defensa,1,0,0,0,0,0,0,0,0,0,0,0,0,0,0,040,2016-10-11 14:38:00+00:00,-15.998786510314467,-47.9850654509188
12/10/2016,07:10:00,261,Acidente s,7.0,BR-040/DF,Sul,Colisão traseira,3,0,0,0,0,0,0,0,0,0,3,0,0,0,0,040,2016-10-12 10:10:00+00:00,-16.038759077568407,-47.97975170558663
13/10/2016,07:40:00,396,Acidente s,1.5,BR-040/DF,Sul,Colisão traseira,3,0,0,0,0,0,0,0,0,0,5,0,0,0,0,040,2016-10-13 10:40:00+00:00,-15.989932639686035,-47.98687875185026
15/10/2016,02:45:00,23,Acidente s,3.6,BR-040/DF,Norte,Colisão traseira,2,0,0,0,0,0,0,0,0,0,3,0,0,0,0,040,2016-10-15 05:45:00+00:00,-16.008516933398386,-47.98307272923642
16/10/2016,06:47:00,36,Acidente c,6.678,BR-040/DF,Norte,Abalroamento longitudinal,1,0,1,0,0,0,0,0,0,0,1,1,0,0,0,040,2016-10-16 08:47:00+00:00,-16.03588513201035,-47.97929754586352
19/10/2016,04:59:00,291,Acidente s,0.9,BR-040/DF,Sul,Abalroamento longitudinal,1,0,0,1,0,0,0,0,0,0,2,0,0,0,0,040,2016-10-19 06:59:00+00:00,-15.98461892557327,-47.98796897134449
21/10/2016,09:02:00,143,Acidente s,2.5,BR-040/DF,Norte,Colisão traseira,1,0,0,1,0,0,0,0,0,0,3,0,0,0,0,040,2016-10-21 11:02:00+00:00,-15.998786510314467,-47.9850654509188
21/10/2016,08:11:00,381,Acidente s,5.9,BR-040/DF,Norte,Outros,1,0,0,0,0,0,0,0,0,0,1,0,0,0,0,040,2016-10-21 10:11:00+00:00,-16.02889749266502,-47.97898561658784
22/10/2016,03:40:00,37,Acidente c,1.5,BR-040/DF,Sul,Choque com objeto fixo,1,0,0,0,0,0,0,0,0,0,0,0,1,0,0,040,2016-10-22 05:40:00+00:00,-15.989932639686035,-47.98687875185026
24/10/2016,09:39:00,351,Acidente c,4.113,BR-040/DF,Sul,Outros,0,0,0,1,0,0,0,0,0,0,0,0,0,0,0,040,2016-10-24 11:39:00+00:00,-16.013060009655355,-47.982139545377834
25/10/2016,07:48:00,115,Acidente s,3.3,BR-040/DF,Norte,Colisão traseira,2,0,0,1,0,0,0,0,0,0,3,0,0,0,0,040,2016-10-25 09:48:00+00:00,-16.00585722531901,-47.983602171525455
26/10/2016,06:44:00,53,Acidente c,5.92,BR-040/DF,Norte,Abalroamento longitudinal,1,0,1,1,0,0,0,0,0,0,3,0,1,0,0,040,2016-10-26 08:44:00+00:00,-16.029075115007704,-47.978952469216054
28/10/2016,06:36:00,36,Acidente c,5.0,BR-040/DF,Norte,Abalroamento longitudinal,1,0,0,1,0,0,0,0,0,0,2,1,0,0,0,040,2016-10-28 08:36:00+00:00,-16.020913658324112,-47.980532491069454
29/10/2016,05:32:00,37,Acidente s,4.0,BR-040/DF,Sul,Choque em barreira New Jersey,1,0,0,0,0,0,0,0,0,0,1,0,0,0,0,040,2016-10-29 07:32:00+00:00,-16.01205891004947,-47.982343089506806
29/10/2016,02:23:00,177,Acidente s,1.5,BR-040/DF,Sul,Colisão traseira,2,0,0,0,0,0,0,0,0,0,3,0,0,0,0,040,2016-10-29 04:23:00+00:00,-15.989932639686035,-47.98687875185026
03/11/2016,05:39:00,288,Acidente c,0.3,BR-040/DF,Sul,Abalroamento longitudinal,1,0,0,1,0,0,0,0,0,0,3,1,0,0,0,040,2016-11-03 07:39:00+00:00,-15.97952436803145,-47.9897831292533
04/11/2016,06:51:00,59,Acidente s,2.1,BR-040/DF,Sul,Colisão traseira,1,0,1,0,0,0,0,0,0,0,2,0,0,0,0,040,2016-11-04 08:51:00+00:00,-15.995244590909683,-47.98578930635743
07/11/2016,08:34:00,131,Acidente s,8.1,BR-040/DF,Sul,Outros,0,0,0,1,0,0,0,0,0,0,1,0,0,0,0,040,2016-11-07 10:34:00+00:00,-16.048574876122156,-47.98131638357745
08/11/2016,06:38:00,83,Acidente s,6.1,BR-040/DF,Norte,Abalroamento longitudinal,1,0,0,1,0,0,0,0,0,0,2,0,0,0,0,040,2016-11-08 08:38:00+00:00,-16.030695474275564,-47.9788300101082
08/11/2016,06:43:00,382,Acidente s,8.2,BR-040/DF,Norte,Choque com objeto fixo,1,0,0,0,0,0,0,0,0,0,2,0,0,0,0,040,2016-11-08 08:43:00+00:00,-16.049465699683573,-47.981453167995376
09/11/2016,09:32:00,180,Acidente c,3.25,BR-040/DF,Norte,Abalroamento transversal,1,0,0,1,0,0,0,0,0,0,1,1,0,0,0,040,2016-11-09 11:32:00+00:00,-16.005414187421803,-47.98369178857878
10/11/2016,02:26:00,298,Acidente s,8.2,BR-040/DF,Sul,Choque com objeto fixo,1,0,0,0,0,0,0,0,0,0,2,0,0,0,0,040,2016-11-10 04:26:00+00:00,-16.049465699683573,-47.981453167995376
11/11/2016,07:47:00,92,Acidente c,4.285,BR-040/DF,Norte,Abalroamento longitudinal,0,0,1,1,0,0,0,0,0,0,2,0,0,1,1,040,2016-11-11 09:47:00+00:00,-16.014583488599218,-47.981828075912915
11/11/2016,08:27:00,136,Atropelame,6.2,BR-040/DF,Norte,Atropelamento de pedestre atravessando,1,0,0,0,0,0,0,0,0,0,1,0,1,0,0,040,2016-11-11 10:27:00+00:00,-16.031598243563078,-47.97882464034835
11/11/2016,09:53:00,177,Acidente c,1.5,BR-040/DF,Norte,Abalroamento longitudinal,1,0,0,1,0,1,0,0,0,0,4,0,0,0,0,040,2016-11-11 11:53:00+00:00,-15.989932639686035,-47.98687875185026
14/11/2016,09:59:00,365,Acidente s,5.8,BR-040/DF,Norte,Choque com objeto fixo,1,0,0,0,0,0,0,0,0,0,1,0,0,0,0,040,2016-11-14 11:59:00+00:00,-16.02800242473236,-47.97909917254604
15/11/2016,12:11:00,126,Acidente c,3.8,BR-040/DF,Norte,Atropelamento de animal,0,0,0,1,0,0,0,0,0,0,0,1,0,0,0,040,2016-11-15 14:11:00+00:00,-16.010287930410097,-47.98270794867232
17/11/2016,01:24:00,228,Acidente s,5.1,BR-040/DF,Sul,Colisão traseira,3,0,0,0,0,0,0,0,0,0,6,0,0,0,0,040,2016-11-17 03:24:00+00:00,-16.021799386502895,-47.98035128738056
18/11/2016,07:26:00,93,Acidente s,7.1,BR-040/DF,Norte,Abalroamento longitudinal,1,0,0,1,0,0,0,0,0,0,3,0,0,0,0,040,2016-11-18 09:26:00+00:00,-16.039651319001248,-47.9798947053415
22/11/2016,07:33:00,119,Acidente c,6.2,BR-040/DF,Norte,Abalroamento longitudinal,1,0,0,1,0,0,0,0,0,0,2,0,0,0,0,040,2016-11-22 09:33:00+00:00,-16.031598243563078,-47.97882464034835
22/11/2016,08:50:00,159,Acidente s,4.95,BR-040/DF,Norte,Colisão traseira,2,0,0,0,0,0,0,0,0,0,2,0,0,0,0,040,2016-11-22 10:50:00+00:00,-16.020470667681394,-47.980622429651966
24/11/2016,07:14:00,108,Acidente c,6.1,BR-040/DF,Norte,Abalroamento longitudinal,1,0,0,1,0,0,0,0,0,0,1,1,0,0,0,040,2016-11-24 09:14:00+00:00,-16.030695474275564,-47.9788300101082
24/11/2016,08:25:00,162,Acidente s,0.5,BR-040/DF,Norte,Colisão traseira,3,0,0,0,0,0,0,0,0,0,3,0,0,0,0,040,2016-11-24 10:25:00+00:00,-15.981258998801273,-47.98927117648948
25/11/2016,06:33:00,96,Acidente c,3.4,BR-040/DF,Norte,Colisão traseira,1,0,0,1,0,0,0,0,0,0,1,2,0,0,0,040,2016-11-25 08:33:00+00:00,-16.00674531156606,-47.98343412528876
27/11/2016,03:06:00,19,Atropelame,5.8,BR-040/DF,Sul,Atropelamento de pedestre caminhando,1,0,0,0,0,0,0,0,0,0,1,0,0,0,1,040,2016-11-27 05:06:00+00:00,-16.02800242473236,-47.97909917254604
28/11/2016,07:14:00,90,Acidente s,5.4,BR-040/DF,Norte,Abalroamento longitudinal,2,0,0,0,0,0,0,0,0,0,2,0,0,0,0,040,2016-11-28 09:14:00+00:00,-16.024456635920256,-47.97980807581175
28/11/2016,11:35:00,198,Acidente s,5.5,BR-040/DF,Norte,Capotamento,1,0,0,0,0,0,0,0,0,0,1,0,0,0,0,040,2016-11-28 13:35:00+00:00,-16.025343468566483,-47.97963307234679
28/11/2016,08:05:00,332,Acidente c,0.05,BR-040/DF,Sul,Colisão traseira,1,0,0,1,0,0,0,0,0,0,2,0,1,0,0,040,2016-11-28 10:05:00+00:00,-15.977310678260844,-47.990238208104266
29/11/2016,07:17:00,126,Acidente c,3.0,BR-040/DF,Norte,Colisão traseira,0,0,1,0,1,0,0,0,0,0,103,1,0,0,0,040,2016-11-29 09:17:00+00:00,-16.00321267156879,-47.98419457410762
07/12/2016,02:13:00,288,Acidente s,0.0,BR-040/DF,Norte,Abalroamento longitudinal,1,0,0,0,0,1,0,0,0,0,2,0,0,0,0,040,2016-12-07 04:13:00+00:00,-15.976866599999944,-47.99032136999995
07/12/2016,05:07:00,341,Acidente s,3.1,BR-040/DF,Sul,Colisão traseira,2,0,1,0,0,0,0,0,0,0,4,0,0,0,0,040,2016-12-07 07:07:00+00:00,-16.004089752213368,-47.98398265573781
07/12/2016,05:26:00,348,Acidente s,6.95,BR-040/DF,Sul,Colisão traseira,1,0,1,0,0,0,0,0,0,0,2,0,0,0,0,040,2016-12-07 07:26:00+00:00,-16.03831284947389,-47.97968093290144
08/12/2016,07:08:00,101,Atropelame,5.5,BR-040/DF,Norte,Atropelamento de ciclista,1,1,0,0,0,0,0,0,0,0,1,1,0,0,0,040,2016-12-08 09:08:00+00:00,-16.025343468566483,-47.97963307234679
09/12/2016,08:24:00,405,Acidente c,4.3,BR-040/DF,Sul,Colisão traseira,2,0,0,1,0,0,0,0,0,0,2,1,0,0,0,040,2016-12-09 10:24:00+00:00,-16.014716352935057,-47.98180092115799
10/12/2016,01:06:00,20,Acidente s,2.4,BR-040/DF,Norte,Choque em defensa,1,0,0,0,0,0,0,0,0,0,1,0,0,0,0,040,2016-12-10 03:06:00+00:00,-15.997905661056247,-47.98526898823757
11/12/2016,10:33:00,305,Acidente s,6.1,BR-040/DF,Sul,Abalroamento longitudinal,3,0,0,0,0,0,0,0,0,0,3,0,0,0,0,040,2016-12-11 12:33:00+00:00,-16.030695474275564,-47.9788300101082
14/12/2016,03:11:00,126,Acidente s,2.5,BR-040/DF,Sul,Outros,1,0,0,0,0,0,0,0,0,0,1,0,0,0,0,040,2016-12-14 05:11:00+00:00,-15.998786510314467,-47.9850654509188
14/12/2016,03:15:00,127,Acidente s,2.55,BR-040/DF,Sul,Outros,1,0,0,0,0,0,0,0,0,0,1,0,0,0,0,040,2016-12-14 05:15:00+00:00,-15.999229596110936,-47.984976097879795
14/12/2016,10:04:00,246,Acidente c,0.0,BR-040/DF,Sul,Colisão traseira,1,0,2,1,0,0,0,0,0,0,2,1,1,1,0,040,2016-12-14 12:04:00+00:00,-15.976866599999944,-47.99032136999995
14/12/2016,10:54:00,262,Acidente s,0.1,BR-040/DF,Norte,Outros,0,0,0,1,0,0,0,0,0,0,1,0,0,0,0,040,2016-12-14 12:54:00+00:00,-15.977752055500277,-47.99014022432026
15/12/2016,06:57:00,128,Acidente s,5.5,BR-040/DF,Norte,Colisão traseira,3,0,0,0,0,0,0,0,0,0,3,0,0,0,0,040,2016-12-15 08:57:00+00:00,-16.025343468566483,-47.97963307234679
15/12/2016,03:01:00,297,Acidente s,2.5,BR-040/DF,Norte,Colisão traseira,1,0,0,0,0,1,0,0,0,0,2,0,0,0,0,040,2016-12-15 05:01:00+00:00,-15.998786510314467,-47.9850654509188
15/12/2016,05:59:00,363,Acidente c,3.5,BR-040/DF,Norte,Abalroamento longitudinal,2,0,0,1,0,0,0,0,0,0,2,0,0,0,0,040,2016-12-15 07:59:00+00:00,-16.007631320840915,-47.98325451231453
15/12/2016,09:01:00,430,Acidente s,3.4,BR-040/DF,Norte,Colisão traseira,2,0,0,0,0,0,0,0,0,0,2,0,0,0,0,040,2016-12-15 11:01:00+00:00,-16.00674531156606,-47.98343412528876
16/12/2016,05:16:00,97,Acidente s,3.8,BR-040/DF,Sul,Choque em defensa,1,0,0,0,0,0,0,0,0,0,1,0,0,0,0,040,2016-12-16 07:16:00+00:00,-16.010287930410097,-47.98270794867232
17/12/2016,12:42:00,185,Acidente s,6.1,BR-040/DF,Norte,Abalroamento transversal,1,0,0,1,0,0,0,0,0,0,5,0,0,0,0,040,2016-12-17 14:42:00+00:00,-16.030695474275564,-47.9788300101082
20/12/2016,06:04:00,119,Acidente s,4.7,BR-040/DF,Norte,Abalroamento longitudinal,2,0,0,0,0,0,0,0,0,0,2,0,0,0,0,040,2016-12-20 08:04:00+00:00,-16.018256651264295,-47.981076980894464
21/12/2016,07:52:00,157,Acidente c,7.8,BR-040/DF,Norte,Capotamento,1,0,0,0,0,0,0,0,0,0,0,1,0,0,0,040,2016-12-21 09:52:00+00:00,-16.04589752081111,-47.98089170201557
22/12/2016,07:00:00,382,Acidente s,5.3,BR-040/DF,Sul,Colisão traseira,1,0,0,0,0,1,0,0,0,0,3,0,0,0,0,040,2016-12-22 09:00:00+00:00,-16.02357134588851,-47.9799915271314
23/12/2016,07:12:00,79,Acidente c,0.5,BR-040/DF,Norte,Outros,0,0,0,1,0,0,0,0,0,0,0,0,0,0,0,040,2016-12-23 09:12:00+00:00,-15.981258998801273,-47.98927117648948
23/12/2016,08:08:00,384,Atropelame,7.6,BR-040/DF,Sul,Atropelamento de pedestre atravessando,0,0,0,1,0,0,0,0,0,0,2,0,1,0,0,040,2016-12-23 10:08:00+00:00,-16.044113614566683,-47.980601877368805
24/12/2016,04:08:00,334,Acidente s,1.8,BR-040/DF,Norte,Capotamento,1,0,0,0,0,0,0,0,0,0,2,0,0,0,0,040,2016-12-24 06:08:00+00:00,-15.992588808085221,-47.98633017752721
30/12/2016,01:44:00,260,Acidente s,1.9,BR-040/DF,Norte,Colisão traseira,2,0,0,0,0,0,0,0,0,0,4,0,0,0,0,040,2016-12-30 03:44:00+00:00,-15.993470778341672,-47.9861313533078
03/01/2017,07:08:00,138,Acidente s,5.2,BR-040/DF,Norte,Colisão traseira,1,0,0,1,0,0,0,0,0,0,2,0,0,0,0,040,2017-01-03 09:08:00+00:00,-16.022685500982586,-47.980172122616
03/01/2017,09:22:00,187,Acidente s,3.5,BR-040/DF,Sul,Choque em barreira New Jersey,1,0,0,0,0,0,0,0,0,0,1,0,0,0,0,040,2017-01-03 11:22:00+00:00,-16.007631320840915,-47.98325451231453
03/01/2017,01:02:00,261,Acidente s,5.5,BR-040/DF,Sul,Abalroamento transversal,0,0,0,2,0,0,0,0,0,0,2,0,0,0,0,040,2017-01-03 03:02:00+00:00,-16.025343468566483,-47.97963307234679
05/01/2017,07:11:00,359,Acidente s,0.4,BR-040/DF,Sul,Abalroamento longitudinal,1,0,1,0,0,0,0,0,0,0,4,0,0,0,0,040,2017-01-05 09:11:00+00:00,-15.980401391605048,-47.989562707036
06/01/2017,01:58:00,88,Acidente c,5.5,BR-040/DF,Sul,Atropelamento de animal,0,0,0,1,0,0,0,0,0,0,0,1,0,0,0,040,2017-01-06 03:58:00+00:00,-16.025343468566483,-47.97963307234679
06/01/2017,05:08:00,332,Acidente s,4.2,BR-040/DF,Sul,Colisão traseira,4,0,0,0,0,0,0,0,0,0,5,0,0,0,0,040,2017-01-06 07:08:00+00:00,-16.013830307420342,-47.98198044185797
07/01/2017,06:30:00,250,Acidente c,4.4,BR-040/DF,Sul,Outros,0,0,0,1,0,0,0,0,0,0,0,1,0,0,0,040,2017-01-07 08:30:00+00:00,-16.01560185184811,-47.981618569137744
09/01/2017,08:30:00,152,Acidente s,4.2,BR-040/DF,Norte,Colisão traseira,2,0,0,0,0,0,0,0,0,0,2,0,0,0,0,040,2017-01-09 10:30:00+00:00,-16.013830307420342,-47.98198044185797
09/01/2017,10:32:00,197,Acidente c,1.5,BR-040/DF,Sul,Outros,0,0,0,1,0,0,0,0,0,0,0,1,1,0,0,040,2017-01-09 12:32:00+00:00,-15.989932639686035,-47.98687875185026
10/01/2017,01:53:00,240,Acidente c,6.2,BR-040/DF,Sul,Capotamento,2,0,0,0,0,0,0,0,0,0,2,3,1,0,0,040,2017-01-10 03:53:00+00:00,-16.031598243563078,-47.97882464034835
11/01/2017,08:27:00,394,Acidente c,1.23,BR-040/DF,Sul,Colisão traseira,1,0,0,1,0,0,0,0,0,0,2,1,0,0,0,040,2017-01-11 10:27:00+00:00,-15.98754135212731,-47.98736874034148
15/01/2017,09:02:00,289,Acidente c,5.5,BR-040/DF,Norte,Outros,0,0,0,1,0,0,0,0,0,0,0,0,1,0,0,040,2017-01-15 11:02:00+00:00,-16.025343468566483,-47.97963307234679
16/01/2017,07:21:00,136,Acidente s,3.8,BR-040/DF,Norte,Outros,0,0,0,1,0,0,0,0,0,0,1,0,0,0,0,040,2017-01-16 09:21:00+00:00,-16.010287930410097,-47.98270794867232
17/01/2017,06:13:00,326,Acidente c,1.7,BR-040/DF,Norte,Choque em barreira New Jersey,0,0,0,1,0,0,0,0,0,0,0,1,0,0,0,040,2017-01-17 08:13:00+00:00,-15.991704104050324,-47.98651648045805
19/01/2017,07:43:00,149,Acidente s,6.25,BR-040/DF,Sul,Abalroamento longitudinal,1,0,0,1,0,0,0,0,0,0,2,0,0,0,0,040,2017-01-19 09:43:00+00:00,-16.032049524895086,-47.97883702281254
20/01/2017,06:24:00,361,Acidente c,6.95,BR-040/DF,Sul,Colisão traseira,2,0,0,0,0,0,0,0,0,0,3,1,0,0,0,040,2017-01-20 08:24:00+00:00,-16.03831284947389,-47.97968093290144
21/01/2017,09:16:00,314,Acidente s,1.138,BR-040/DF,Norte,Choque com objeto fixo,1,0,0,0,0,0,0,0,0,0,2,0,0,0,0,040,2017-01-21 11:16:00+00:00,-15.986726563253608,-47.987535814579196
23/01/2017,07:43:00,133,Acidente c,5.1,BR-040/DF,Norte,Abalroamento longitudinal,1,0,0,1,0,0,0,0,0,0,2,0,1,0,0,040,2017-01-23 09:43:00+00:00,-16.021799386502895,-47.98035128738056
23/01/2017,05:14:00,270,Acidente s,2.255,BR-040/DF,Sul,Colisão traseira,0,0,2,0,0,0,0,0,0,0,3,0,0,0,0,040,2017-01-23 07:14:00+00:00,-15.99661938349369,-47.98552003664609
23/01/2017,06:10:00,289,Acidente s,0.12,BR-040/DF,Norte,Choque com objeto fixo,2,0,0,0,0,0,0,0,0,0,4,0,0,0,0,040,2017-01-23 08:10:00+00:00,-15.977929110963194,-47.99010352689109
24/01/2017,07:45:00,386,Acidente c,4.5,BR-040/DF,Sul,Colisão traseira,1,0,0,1,0,0,0,0,0,0,2,1,0,0,0,040,2017-01-24 09:45:00+00:00,-16.016488213220736,-47.98144083480431
24/01/2017,09:07:00,412,Acidente s,1.5,BR-040/DF,Sul,Colisão traseira,2,0,0,0,0,0,0,0,0,0,3,0,0,0,0,040,2017-01-24 11:07:00+00:00,-15.989932639686035,-47.98687875185026
24/01/2017,09:07:00,425,Acidente s,2.1,BR-040/DF,Sul,Colisão traseira,2,0,0,0,0,0,0,0,0,0,2,0,0,0,0,040,2017-01-24 11:07:00+00:00,-15.995244590909683,-47.98578930635743
25/01/2017,08:14:00,394,Acidente s,0.72,BR-040/DF,Sul,Colisão traseira,2,0,0,0,0,0,0,0,0,0,3,0,0,0,0,040,2017-01-25 10:14:00+00:00,-15.9830622784009,-47.98843750181064
28/01/2017,01:07:00,13,Acidente c,7.4,BR-040/DF,Sul,Outros,0,0,0,1,0,1,0,0,0,0,1,0,1,0,0,040,2017-01-28 03:07:00+00:00,-16.042329180275452,-47.980315903102515
30/01/2017,08:46:00,159,Acidente s,2.4,BR-040/DF,Norte,Choque com objeto fixo,1,0,0,0,0,0,0,0,0,0,1,0,0,0,0,040,2017-01-30 10:46:00+00:00,-15.997905661056247,-47.98526898823757
01/02/2017,05:12:00,354,Acidente c,8.2,BR-040/DF,Sul,Colisão traseira,0,0,0,2,0,0,0,0,0,0,1,2,0,0,0,040,2017-02-01 07:12:00+00:00,-16.049465699683573,-47.981453167995376
11/02/2017,11:33:00,157,Acidente s,2.0,BR-040/DF,Sul,Abalroamento longitudinal,2,0,0,0,0,0,0,0,0,0,4,0,0,0,0,040,2017-02-11 13:33:00+00:00,-15.994359414490402,-47.985973302872196
13/02/2017,05:34:00,322,Acidente s,0.032,BR-040/DF,Sul,Abalroamento longitudinal,1,0,1,0,0,0,0,0,0,0,3,0,0,0,0,040,2017-02-13 07:34:00+00:00,-15.977150232922233,-47.99026473990529
21/02/2017,06:32:00,321,Acidente c,8.0,BR-040/DF,Sul,Abalroamento longitudinal,1,0,0,1,0,0,0,0,0,0,1,1,0,0,0,040,2017-02-21 09:32:00+00:00,-16.047681786920172,-47.98117913715479
21/02/2017,07:08:00,336,Acidente s,8.0,BR-040/DF,Norte,Colisão traseira,3,0,0,0,0,0,0,0,0,0,3,0,0,0,0,040,2017-02-21 10:08:00+00:00,-16.047681786920172,-47.98117913715479
23/02/2017,06:42:00,45,Acidente s,5.4,BR-040/DF,Norte,Outros,1,0,0,0,0,1,0,0,0,0,2,0,0,0,0,040,2017-02-23 09:42:00+00:00,-16.024456635920256,-47.97980807581175
23/02/2017,08:02:00,158,Acidente c,0.5,BR-040/DF,Norte,Abalroamento longitudinal,2,0,1,0,0,0,0,0,0,0,3,0,0,0,0,040,2017-02-23 11:02:00+00:00,-15.981258998801273,-47.98927117648948
25/02/2017,03:18:00,57,Acidente c,7.2,BR-040/DF,Norte,Outros,0,0,0,1,0,0,0,0,0,0,0,0,1,0,0,040,2017-02-25 06:18:00+00:00,-16.040543759517895,-47.98003640645204
27/02/2017,10:02:00,327,Acidente s,1.8,BR-040/DF,Norte,Choque com objeto fixo,1,0,0,0,0,0,0,0,0,0,1,0,0,0,0,040,2017-02-27 13:02:00+00:00,-15.992588808085221,-47.98633017752721
01/03/2017,10:58:00,222,Acidente s,0.1,BR-040/DF,Norte,Abalroamento longitudinal,2,0,0,0,0,0,0,0,0,0,2,0,0,0,0,040,2017-03-01 13:58:00+00:00,-15.977752055500277,-47.99014022432026
02/03/2017,10:59:00,405,Acidente s,8.17,BR-040/DF,Sul,Capotamento,1,0,0,0,0,0,0,0,0,0,2,0,0,0,0,040,2017-03-02 13:59:00+00:00,-16.049197965655985,-47.98142540251549
03/03/2017,06:39:00,135,Acidente s,3.158,BR-040/DF,Sul,Colisão traseira,2,0,0,0,0,0,0,0,0,0,2,0,0,0,0,040,2017-03-03 09:39:00+00:00,-16.00460041289788,-47.98386321472625
05/03/2017,03:53:00,22,Acidente c,3.016,BR-040/DF,Sul,Colisão traseira,2,0,0,0,0,0,0,0,0,0,1,1,0,0,0,040,2017-03-05 06:53:00+00:00,-16.003354264901745,-47.98416580933447
05/03/2017,06:22:00,206,Acidente c,0.5,BR-040/DF,Sul,Abalroamento longitudinal,1,0,0,1,0,0,0,0,0,0,1,0,0,0,0,040,2017-03-05 09:22:00+00:00,-15.981258998801273,-47.98927117648948
07/03/2017,06:29:00,105,Acidente c,2.8,BR-040/DF,Norte,Colisão traseira,3,0,0,0,0,0,0,0,0,0,4,1,0,0,0,040,2017-03-07 09:29:00+00:00,-16.001439596929313,-47.98451406070111
07/03/2017,07:22:00,339,Acidente c,7.5,BR-040/DF,Sul,Abalroamento transversal,1,0,0,1,0,0,0,0,0,0,2,0,0,1,0,040,2017-03-07 10:22:00+00:00,-16.04322068417927,-47.980463553328384
08/03/2017,12:28:00,38,Acidente c,4.376,BR-040/DF,Norte,Abalroamento longitudinal,1,0,0,1,0,0,0,0,0,0,0,0,1,0,1,040,2017-03-08 15:28:00+00:00,-16.015389040939734,-47.981660807766445
10/03/2017,12:21:00,4,Acidente c,6.085,BR-040/DF,Norte,Colisão traseira,1,0,0,1,0,0,0,0,0,0,3,0,0,1,0,040,2017-03-10 15:21:00+00:00,-16.03056011399309,-47.97883467368778
10/03/2017,08:27:00,163,Acidente s,1.8,BR-040/DF,Sul,Colisão traseira,1,0,2,0,0,0,0,0,0,0,3,0,0,0,0,040,2017-03-10 11:27:00+00:00,-15.992588808085221,-47.98633017752721
10/03/2017,10:09:00,409,Acidente c,2.5,BR-040/DF,Norte,Colisão traseira,1,0,0,1,0,0,0,0,0,0,1,0,1,0,0,040,2017-03-10 13:09:00+00:00,-15.998786510314467,-47.9850654509188
13/03/2017,05:09:00,83,Acidente s,3.95,BR-040/DF,Sul,Choque com objeto fixo,1,0,0,0,0,0,0,0,0,0,1,0,0,0,0,040,2017-03-13 08:09:00+00:00,-16.011615923573448,-47.98243304512892
13/03/2017,09:04:00,353,Acidente c,5.3,BR-040/DF,Sul,Colisão traseira,1,0,0,1,0,0,0,0,0,0,2,0,0,0,0,040,2017-03-13 12:04:00+00:00,-16.02357134588851,-47.9799915271314
15/03/2017,06:04:00,109,Acidente c,5.21,BR-040/DF,Norte,Queda de Carga,0,0,1,0,0,0,0,0,0,0,44,3,1,0,0,040,2017-03-15 09:04:00+00:00,-16.022774176554247,-47.98015454560046
16/03/2017,03:41:00,255,Atropelame,2.5,BR-040/DF,Sul,Atropelamento de pedestre atravessando,1,0,0,0,0,0,0,0,0,0,1,0,0,0,0,040,2017-03-16 06:41:00+00:00,-15.998786510314467,-47.9850654509188
18/03/2017,11:07:00,141,Atropelame,5.0,BR-040/DF,Norte,Atropelamento de ciclista,1,0,0,0,0,0,0,0,0,0,0,1,0,0,0,040,2017-03-18 14:07:00+00:00,-16.020913658324112,-47.980532491069454
19/03/2017,05:52:00,34,Acidente s,1.5,BR-040/DF,Norte,Choque com objeto fixo,1,0,0,0,0,0,0,0,0,0,2,0,0,0,0,040,2017-03-19 08:52:00+00:00,-15.989932639686035,-47.98687875185026