data,horario,n_da_ocorrencia,tipo_de_ocorrencia,km,trecho,sentido,tipo_de_acidente,automovel,bicicleta,caminhao,moto,onibus,outros,tracao_animal,transporte_de_cargas_especiais,trator_maquinas,utilitarios,ilesos,levemente_feridos,moderadamente_feridos,gravemente_feridos,mortos,vl_br,timestamp_utc,latitude_acidente,longitude_acidente
20/03/2017,07:43:00,149,Acidente c,6.8,BR-040/DF,Norte,Colisão traseira,1,0,0,1,0,0,0,0,0,0,1,1,0,0,0,040,2017-03-20 10:43:00+00:00,-16.036973905924885,-47.97947034300178
24/03/2017,06:37:00,113,Acidente c,3.5,BR-040/DF,Norte,Abalroamento longitudinal,1,0,0,1,0,0,0,0,0,0,1,0,0,0,0,040,2017-03-24 09:37:00+00:00,-16.007631320840915,-47.98325451231453
24/03/2017,12:50:00,214,Acidente s,4.5,BR-040/DF,Sul,Colisão traseira,2,0,0,0,0,0,0,0,0,0,2,0,0,0,0,040,2017-03-24 15:50:00+00:00,-16.016488213220736,-47.98144083480431
24/03/2017,11:15:00,398,Acidente s,1.5,BR-040/DF,Sul,Colisão traseira,2,0,0,0,0,0,0,0,0,0,3,0,0,0,0,040,2017-03-24 14:15:00+00:00,-15.989932639686035,-47.98687875185026
26/03/2017,01:17:00,4,Acidente s,6.8,BR-040/DF,Norte,Abalroamento transversal,2,0,0,0,0,0,0,0,0,0,2,0,0,0,0,040,2017-03-26 04:17:00+00:00,-16.036973905924885,-47.97947034300178
28/03/2017,07:31:00,143,Acidente c,5.5,BR-040/DF,Norte,Colisão traseira,0,0,0,1,1,0,0,0,0,0,1,1,0,0,0,040,2017-03-28 10:31:00+00:00,-16.025343468566483,-47.97963307234679
28/03/2017,09:01:00,180,Acidente s,6.2,BR-040/DF,Norte,Abalroamento longitudinal,0,0,0,2,0,0,0,0,0,0,2,0,0,0,0,040,2017-03-28 12:01:00+00:00,-16.031598243563078,-47.97882464034835
28/03/2017,12:29:00,235,Acidente s,3.15,BR-040/DF,Norte,Capotamento,1,0,0,0,0,0,0,0,0,0,1,0,0,0,0,040,2017-03-28 15:29:00+00:00,-16.004530395427157,-47.98388156029681
29/03/2017,09:17:00,392,Acidente s,1.0,BR-040/DF,Sul,Outros,0,0,0,1,0,0,0,0,0,0,1,0,0,0,0,040,2017-03-29 12:17:00+00:00,-15.985504352691404,-47.98778626672763
02/04/2017,05:04:00,25,Acidente c,5.1,BR-040/DF,Norte,Colisão traseira,2,0,0,0,0,0,0,0,0,0,3,2,0,0,0,040,2017-04-02 08:04:00+00:00,-16.021799386502895,-47.98035128738056
02/04/2017,11:47:00,227,Acidente s,5.0,BR-040/DF,Norte,Colisão traseira,2,0,0,0,0,0,0,0,0,0,2,0,0,0,0,040,2017-04-02 14:47:00+00:00,-16.020913658324112,-47.980532491069454
08/04/2017,07:44:00,81,Acidente c,1.5,BR-040/DF,Norte,Abalroamento longitudinal,1,0,0,1,0,0,0,0,0,0,1,1,0,0,0,040,2017-04-08 10:44:00+00:00,-15.989932639686035,-47.98687875185026
08/04/2017,08:03:00,87,Acidente s,1.1,BR-040/DF,Sul,Abalroamento transversal,2,0,0,0,0,0,0,0,0,0,2,0,0,0,0,040,2017-04-08 11:03:00+00:00,-15.986389775084268,-47.98760354456679
14/04/2017,06:59:00,264,Acidente s,5.0,BR-040/DF,Norte,Colisão traseira,2,0,0,0,0,0,0,0,0,0,2,0,0,0,0,040,2017-04-14 09:59:00+00:00,-16.020913658324112,-47.980532491069454
15/04/2017,04:49:00,25,Acidente s,2.1,BR-040/DF,Sul,Choque em defensa,1,0,0,0,0,0,0,0,0,0,1,0,0,0,0,040,2017-04-15 07:49:00+00:00,-15.995244590909683,-47.98578930635743
17/04/2017,12:55:00,32,Acidente s,1.5,BR-040/DF,Sul,Capotamento,1,0,0,0,0,0,0,0,0,0,1,0,0,0,0,040,2017-04-17 15:55:00+00:00,-15.989932639686035,-47.98687875185026
20/04/2017,07:04:00,130,Acidente s,6.1,BR-040/DF,Norte,Abalroamento longitudinal,1,0,0,1,0,0,0,0,0,0,2,0,0,0,0,040,2017-04-20 10:04:00+00:00,-16.030695474275564,-47.9788300101082
22/04/2017,12:29:00,4,Acidente s,2.3,BR-040/DF,Norte,Choque com objeto fixo,1,0,0,0,0,0,0,0,0,0,1,0,0,0,0,040,2017-04-22 15:29:00+00:00,-15.997019849427009,-47.98544946905459
28/04/2017,07:47:00,136,Acidente c,5.1,BR-040/DF,Norte,Colisão traseira,1,0,1,1,0,0,0,0,0,0,2,1,0,0,0,040,2017-04-28 10:47:00+00:00,-16.021799386502895,-47.98035128738056
28/04/2017,09:19:00,159,Acidente s,0.4,BR-040/DF,Norte,Colisão traseira,2,0,0,0,1,0,0,0,0,0,3,0,0,0,0,040,2017-04-28 12:19:00+00:00,-15.980401391605048,-47.989562707036
02/05/2017,02:33:00,287,Acidente s,6.68,BR-040/DF,Norte,Colisão traseira,2,0,0,0,0,0,0,0,0,0,2,0,0,0,0,040,2017-05-02 05:33:00+00:00,-16.035902954864653,-47.97930054974797
03/05/2017,06:28:00,115,Acidente c,5.2,BR-040/DF,Norte,Colisão traseira,2,0,0,1,0,0,0,0,0,0,3,0,0,0,0,040,2017-05-03 09:28:00+00:00,-16.022685500982586,-47.980172122616
03/05/2017,11:34:00,229,Acidente s,2.2,BR-040/DF,Norte,Abalroamento longitudinal,1,0,1,0,0,0,0,0,0,0,2,0,0,0,0,040,2017-05-03 14:34:00+00:00,-15.99612997186753,-47.9856063357417
03/05/2017,04:44:00,318,Acidente s,0.4,BR-040/DF,Sul,Choque em defensa,1,0,0,0,0,0,0,0,0,0,1,0,0,0,0,040,2017-05-03 07:44:00+00:00,-15.980401391605048,-47.989562707036
04/05/2017,04:54:00,327,Acidente s,2.1,BR-040/DF,Sul,Colisão traseira,2,0,0,0,0,0,0,0,0,0,5,0,0,0,0,040,2017-05-04 07:54:00+00:00,-15.995244590909683,-47.98578930635743
07/05/2017,07:21:00,222,Acidente c,7.2,BR-040/DF,Sul,Colisão traseira,1,0,0,1,0,0,0,0,0,0,1,0,1,0,0,040,2017-05-07 10:21:00+00:00,-16.040543759517895,-47.98003640645204
08/05/2017,07:58:00,130,Acidente c,6.08,BR-040/DF,Norte,Capotamento,1,0,0,0,0,0,0,0,0,0,1,1,0,0,0,040,2017-05-08 10:58:00+00:00,-16.030514997791272,-47.97883633173947
08/05/2017,02:16:00,249,Acidente s,4.5,BR-040/DF,Norte,Colisão traseira,2,0,0,0,0,0,0,0,0,0,2,0,0,0,0,040,2017-05-08 05:16:00+00:00,-16.016488213220736,-47.98144083480431
09/05/2017,05:05:00,274,Acidente c,2.5,BR-040/DF,Sul,Abalroamento longitudinal,1,0,0,1,0,0,0,0,0,0,2,0,0,0,0,040,2017-05-09 08:05:00+00:00,-15.998786510314467,-47.9850654509188
10/05/2017,03:10:00,259,Acidente s,2.3,BR-040/DF,Norte,Colisão traseira,0,0,1,0,0,0,0,0,0,1,2,0,0,0,0,040,2017-05-10 06:10:00+00:00,-15.997019849427009,-47.98544946905459
12/05/2017,05:33:00,113,Acidente c,5.05,BR-040/DF,Norte,Colisão traseira,2,0,0,0,2,0,0,0,0,0,4,2,0,1,0,040,2017-05-12 08:33:00+00:00,-16.02135654376435,-47.980442003202846
12/05/2017,07:18:00,373,Acidente s,7.01,BR-040/DF,Sul,Choque em barreira New Jersey,1,0,0,0,0,0,0,0,0,0,1,0,0,0,0,040,2017-05-12 10:18:00+00:00,-16.03884838997878,-47.979765405256636
13/05/2017,05:52:00,57,Acidente s,1.3,BR-040/DF,Norte,Abalroamento transversal,1,0,0,0,1,0,0,0,0,0,2,0,0,0,0,040,2017-05-13 08:52:00+00:00,-15.988161707075648,-47.98724375511734
14/05/2017,12:53:00,124,Acidente s,2.3,BR-040/DF,Norte,Choque com objeto fixo,1,0,0,0,0,0,0,0,0,0,1,0,0,0,0,040,2017-05-14 15:53:00+00:00,-15.997019849427009,-47.98544946905459
16/05/2017,07:50:00,133,Acidente c,3.0,BR-040/DF,Norte,Colisão traseira,0,0,1,1,0,0,0,0,0,0,3,1,0,0,0,040,2017-05-16 10:50:00+00:00,-16.00321267156879,-47.98419457410762
16/05/2017,01:13:00,228,Acidente s,2.4,BR-040/DF,Sul,Colisão traseira,3,0,0,0,0,0,0,0,0,0,5,0,0,0,0,040,2017-05-16 04:13:00+00:00,-15.997905661056247,-47.98526898823757
16/05/2017,08:50:00,354,Atropelame,2.5,BR-040/DF,Sul,Atropelamento de pedestre atravessando,0,0,0,1,0,0,0,0,0,0,0,1,0,1,0,040,2017-05-16 11:50:00+00:00,-15.998786510314467,-47.9850654509188
16/05/2017,09:06:00,359,Acidente c,1.9,BR-040/DF,Sul,Choque com objeto fixo,0,0,1,0,0,0,0,0,0,0,0,1,0,0,0,040,2017-05-16 12:06:00+00:00,-15.993470778341672,-47.9861313533078
17/05/2017,02:15:00,11,Acidente s,5.6,BR-040/DF,Sul,Outros,0,0,0,1,0,0,0,0,0,0,1,0,0,0,0,040,2017-05-17 05:15:00+00:00,-16.026229632509633,-47.97945419544009
19/05/2017,06:51:00,118,Acidente s,7.1,BR-040/DF,Norte,Colisão traseira,1,0,0,0,0,1,0,0,0,0,2,0,0,0,0,040,2017-05-19 09:51:00+00:00,-16.039651319001248,-47.9798947053415
19/05/2017,07:32:00,134,Acidente c,5.3,BR-040/DF,Norte,Abalroamento longitudinal,1,0,0,2,0,0,0,0,0,0,2,0,1,0,0,040,2017-05-19 10:32:00+00:00,-16.02357134588851,-47.9799915271314
22/05/2017,06:34:00,321,Acidente s,5.5,BR-040/DF,Norte,Colisão traseira,2,0,0,0,0,0,0,0,0,0,2,0,0,0,0,040,2017-05-22 09:34:00+00:00,-16.025343468566483,-47.97963307234679
25/05/2017,06:00:00,139,Acidente c,4.8,BR-040/DF,Norte,Colisão traseira,1,0,0,1,0,0,0,0,0,0,1,1,0,0,0,040,2017-05-25 09:00:00+00:00,-16.019141702254522,-47.980892274949284
26/05/2017,06:30:00,122,Acidente s,3.2,BR-040/DF,Norte,Outros,0,0,0,1,0,0,0,0,0,0,1,0,0,0,0,040,2017-05-26 09:30:00+00:00,-16.004970432301306,-47.983777564631566
27/05/2017,06:31:00,223,Acidente c,6.2,BR-040/DF,Sul,Abalroamento longitudinal,3,0,0,0,0,0,0,0,0,0,1,0,0,0,0,040,2017-05-27 09:31:00+00:00,-16.031598243563078,-47.97882464034835
29/05/2017,09:01:00,169,Acidente c,5.5,BR-040/DF,Sul,Abalroamento longitudinal,0,0,1,1,0,0,0,0,0,0,1,1,0,0,0,040,2017-05-29 12:01:00+00:00,-16.025343468566483,-47.97963307234679
30/05/2017,10:26:00,203,Acidente s,2.4,BR-040/DF,Sul,Outros,0,0,1,1,0,1,0,0,0,0,3,0,0,0,0,040,2017-05-30 13:26:00+00:00,-15.997905661056247,-47.98526898823757
30/05/2017,10:34:00,206,Acidente c,7.3,BR-040/DF,Norte,Colisão traseira,1,0,0,1,0,0,0,0,0,0,1,1,0,0,0,040,2017-05-30 13:34:00+00:00,-16.041436265242957,-47.98017750440991
30/05/2017,12:03:00,226,Acidente s,5.9,BR-040/DF,Norte,Colisão traseira,1,0,1,0,0,0,0,0,0,0,2,0,0,0,0,040,2017-05-30 15:03:00+00:00,-16.02889749266502,-47.97898561658784
02/06/2017,02:38:00,79,Acidente s,2.0,BR-040/DF,Norte,Capotamento,1,0,0,0,0,0,0,0,0,0,1,0,0,0,0,040,2017-06-02 05:38:00+00:00,-15.994359414490402,-47.985973302872196
02/06/2017,04:38:00,325,Atropelame,3.0,BR-040/DF,Sul,Atropelamento de ciclista,0,0,0,1,0,0,0,0,0,0,1,0,0,0,0,040,2017-06-02 07:38:00+00:00,-16.00321267156879,-47.98419457410762
05/06/2017,10:19:00,210,Acidente c,4.5,BR-040/DF,Sul,Queda de Moto,0,0,1,1,0,0,0,0,0,0,1,1,0,0,0,040,2017-06-05 13:19:00+00:00,-16.016488213220736,-47.98144083480431
06/06/2017,04:25:00,293,Acidente c,4.8,BR-040/DF,Norte,Abalroamento longitudinal,2,0,0,0,0,0,0,0,0,0,1,1,0,0,0,040,2017-06-06 07:25:00+00:00,-16.019141702254522,-47.980892274949284
07/06/2017,06:43:00,94,Acidente c,4.087,BR-040/DF,Norte,Abalroamento longitudinal,2,0,0,1,0,0,0,0,0,0,2,1,0,0,0,040,2017-06-07 09:43:00+00:00,-16.012829872618685,-47.98218744830097
08/06/2017,07:33:00,159,Acidente s,5.5,BR-040/DF,Norte,Abalroamento longitudinal,1,0,0,1,0,0,0,0,0,0,2,0,0,0,0,040,2017-06-08 10:33:00+00:00,-16.025343468566483,-47.97963307234679
08/06/2017,06:27:00,389,Acidente c,6.4,BR-040/DF,Sul,Abalroamento longitudinal,0,0,0,2,0,0,0,0,0,0,1,0,0,0,0,040,2017-06-08 09:27:00+00:00,-16.03340046349643,-47.978932034439126
09/06/2017,07:31:00,141,Acidente c,3.056,BR-040/DF,Norte,Colisão traseira,1,0,0,3,0,0,0,0,0,0,2,1,0,1,0,040,2017-06-09 10:31:00+00:00,-16.003701067617435,-47.98406716720187
10/06/2017,06:46:00,71,Acidente c,4.1,BR-040/DF,Norte,Queda de Moto,0,0,0,1,0,0,0,0,0,0,1,1,0,0,0,040,2017-06-10 09:46:00+00:00,-16.012944920774345,-47.98216339245587
10/06/2017,08:43:00,312,Acidente s,8.05,BR-040/DF,Sul,Choque com objeto fixo,1,0,0,0,0,0,0,0,0,0,1,0,0,0,0,040,2017-06-10 11:43:00+00:00,-16.048128272978946,-47.98124815981467
17/06/2017,06:28:00,212,Acidente s,7.2,BR-040/DF,Norte,Abalroamento longitudinal,2,0,0,0,0,0,0,0,0,0,4,0,0,0,0,040,2017-06-17 09:28:00+00:00,-16.040543759517895,-47.98003640645204
19/06/2017,06:37:00,67,Acidente c,4.01,BR-040/DF,Norte,Abalroamento longitudinal,1,0,0,1,0,0,0,0,0,0,2,1,0,0,0,040,2017-06-19 09:37:00+00:00,-16.01214753531137,-47.98232524471719
20/06/2017,11:28:00,396,Acidente c,5.6,BR-040/DF,Norte,Abalroamento longitudinal,1,0,0,1,0,0,0,0,0,0,3,1,0,0,0,040,2017-06-20 14:28:00+00:00,-16.026229632509633,-47.97945419544009
24/06/2017,07:21:00,56,Acidente s,1.3,BR-040/DF,Norte,Queda de Moto,0,0,0,1,0,0,0,0,0,0,1,0,0,0,0,040,2017-06-24 10:21:00+00:00,-15.988161707075648,-47.98724375511734
25/06/2017,03:11:00,24,Acidente c,1.468,BR-040/DF,Norte,Capotamento,1,0,0,0,0,0,0,0,0,0,0,0,0,1,0,040,2017-06-25 06:11:00+00:00,-15.989649038004588,-47.98693583988862
25/06/2017,04:56:00,35,Acidente c,0.059,BR-040/DF,Norte,Queda de Moto,0,0,0,1,0,0,0,0,0,0,0,0,0,0,0,040,2017-06-25 07:56:00+00:00,-15.977390216605045,-47.99022101155573
29/06/2017,08:50:00,398,Acidente c,2.8,BR-040/DF,Sul,Queda de Moto,0,0,0,1,0,0,0,0,0,0,0,1,0,0,0,040,2017-06-29 11:50:00+00:00,-16.001439596929313,-47.98451406070111
30/06/2017,09:00:00,155,Acidente s,5.9,BR-040/DF,Norte,Colisão traseira,1,0,0,1,0,0,0,0,0,0,2,0,0,0,0,040,2017-06-30 12:00:00+00:00,-16.02889749266502,-47.97898561658784
02/07/2017,06:52:00,34,Acidente s,5.0,BR-040/DF,Sul,Choque com objeto fixo,1,0,0,0,0,0,0,0,0,0,1,0,0,0,0,040,2017-07-02 09:52:00+00:00,-16.020913658324112,-47.980532491069454
02/07/2017,08:36:00,222,Acidente s,1.34,BR-040/DF,Norte,Choque em defensa,1,0,0,0,0,0,0,0,0,0,1,0,0,0,0,040,2017-07-02 11:36:00+00:00,-15.988515864718572,-47.98717061245848
05/07/2017,04:52:00,283,Acidente s,0.33,BR-040/DF,Norte,Colisão traseira,2,0,0,0,0,0,0,0,0,0,2,0,0,0,0,040,2017-07-05 07:52:00+00:00,-15.979789124163394,-47.98972399168165
07/07/2017,08:58:00,180,Acidente s,6.3,BR-040/DF,Norte,Abalroamento longitudinal,2,0,0,0,0,0,0,0,0,0,2,0,0,0,0,040,2017-07-07 11:58:00+00:00,-16.03250050372421,-47.97885805738806
08/07/2017,10:25:00,298,Acidente s,1.6,BR-040/DF,Sul,Choque com objeto fixo,2,0,0,0,0,0,0,0,0,0,2,0,0,0,0,040,2017-07-08 13:25:00+00:00,-15.990818106867216,-47.98669622660105
10/07/2017,01:48:00,89,Acidente s,2.1,BR-040/DF,Sul,Choque com objeto fixo,1,0,0,0,0,0,0,0,0,0,1,0,0,0,0,040,2017-07-10 04:48:00+00:00,-15.995244590909683,-47.98578930635743
10/07/2017,05:15:00,320,Acidente c,5.5,BR-040/DF,Norte,Capotamento,1,0,0,0,0,0,0,0,0,0,1,0,0,0,0,040,2017-07-10 08:15:00+00:00,-16.025343468566483,-47.97963307234679
13/07/2017,06:47:00,125,Acidente s,2.1,BR-040/DF,Norte,Outros,1,0,0,0,0,0,0,0,0,0,1,0,0,0,0,040,2017-07-13 09:47:00+00:00,-15.995244590909683,-47.98578930635743
13/07/2017,07:22:00,140,Acidente c,3.5,BR-040/DF,Norte,Colisão traseira,1,0,0,1,0,0,0,0,0,0,1,1,1,0,0,040,2017-07-13 10:22:00+00:00,-16.007631320840915,-47.98325451231453
14/07/2017,06:47:00,157,Acidente c,1.425,BR-040/DF,Sul,Abalroamento longitudinal,1,0,0,1,0,0,0,0,0,0,1,0,1,0,0,040,2017-07-14 09:47:00+00:00,-15.989268192609796,-47.98701383732033
15/07/2017,02:01:00,31,Acidente s,5.6,BR-040/DF,Sul,Colisão traseira,2,0,0,0,0,0,0,0,0,0,2,0,0,0,0,040,2017-07-15 05:01:00+00:00,-16.026229632509633,-47.97945419544009
15/07/2017,10:07:00,112,Acidente c,0.05,BR-040/DF,Sul,Capotamento,1,0,0,0,0,0,0,0,0,0,0,1,0,0,0,040,2017-07-15 13:07:00+00:00,-15.977310678260844,-47.990238208104266
16/07/2017,11:50:00,101,Acidente s,0.0,BR-040/DF,Norte,Choque em defensa,2,0,0,0,0,0,0,0,0,0,3,0,0,0,0,040,2017-07-16 14:50:00+00:00,-15.976866599999944,-47.99032136999995
17/07/2017,07:03:00,122,Acidente c,4.4,BR-040/DF,Norte,Abalroamento longitudinal,0,0,0,1,0,1,0,0,0,0,1,1,0,0,0,040,2017-07-17 10:03:00+00:00,-16.01560185184811,-47.981618569137744
18/07/2017,08:02:00,168,Acidente c,2.25,BR-040/DF,Norte,Abalroamento longitudinal,0,0,0,0,0,2,0,0,0,0,1,0,0,0,0,040,2017-07-18 11:02:00+00:00,-15.99657473753935,-47.985526957434054
18/07/2017,09:58:00,224,Atropelame,4.1,BR-040/DF,Norte,Atropelamento de ciclista,0,0,0,1,0,1,0,0,0,0,0,0,0,0,0,040,2017-07-18 12:58:00+00:00,-16.012944920774345,-47.98216339245587
18/07/2017,12:18:00,257,Acidente c,0.095,BR-040/DF,Norte,Queda de Moto,0,0,0,1,0,0,0,0,0,0,0,0,0,0,0,040,2017-07-18 15:18:00+00:00,-15.977707816371929,-47.99014952593774
20/07/2017,07:40:00,161,Acidente c,2.5,BR-040/DF,Norte,Abalroamento transversal,1,0,0,1,0,0,0,0,0,0,2,1,0,0,0,040,2017-07-20 10:40:00+00:00,-15.998786510314467,-47.9850654509188
20/07/2017,01:04:00,246,Acidente c,4.01,BR-040/DF,Norte,Colisão traseira,2,0,0,1,0,0,0,0,0,0,2,1,0,0,0,040,2017-07-20 04:04:00+00:00,-16.01214753531137,-47.98232524471719
23/07/2017,12:49:00,145,Acidente s,1.3,BR-040/DF,Norte,Choque com objeto fixo,1,0,0,0,0,0,0,0,0,0,2,0,0,0,0,040,2017-07-23 15:49:00+00:00,-15.988161707075648,-47.98724375511734
23/07/2017,03:50:00,196,Acidente c,5.8,BR-040/DF,Norte,Choque com objeto fixo,1,0,0,0,0,0,0,0,0,0,0,0,1,0,0,040,2017-07-23 06:50:00+00:00,-16.02800242473236,-47.97909917254604
26/07/2017,11:46:00,202,Acidente s,5.9,BR-040/DF,Sul,Colisão traseira,3,0,0,0,0,0,0,0,0,0,3,0,0,0,0,040,2017-07-26 14:46:00+00:00,-16.02889749266502,-47.97898561658784
28/07/2017,07:56:00,137,Acidente s,2.7,BR-040/DF,Norte,Colisão traseira,4,0,0,0,0,0,0,0,0,0,5,0,0,0,0,040,2017-07-28 10:56:00+00:00,-16.00055656037991,-47.98470670915244
28/07/2017,03:14:00,236,Acidente c,3.0,BR-040/DF,Norte,Colisão traseira,2,0,0,1,0,0,0,0,0,0,2,0,1,0,0,040,2017-07-28 06:14:00+00:00,-16.00321267156879,-47.98419457410762
03/08/2017,07:00:00,142,Acidente s,6.1,BR-040/DF,Norte,Colisão traseira,3,0,0,0,0,0,0,0,0,0,3,0,0,0,0,040,2017-08-03 10:00:00+00:00,-16.030695474275564,-47.9788300101082
03/08/2017,08:03:00,344,Acidente c,5.4,BR-040/DF,Sul,Abalroamento longitudinal,1,0,0,1,0,0,0,0,0,0,1,1,0,0,0,040,2017-08-03 11:03:00+00:00,-16.024456635920256,-47.97980807581175
04/08/2017,06:22:00,127,Acidente s,1.8,BR-040/DF,Norte,Colisão traseira,0,0,1,1,0,0,0,0,0,0,2,0,0,0,0,040,2017-08-04 09:22:00+00:00,-15.992588808085221,-47.98633017752721
04/08/2017,08:29:00,168,Acidente c,2.27,BR-040/DF,Norte,Colisão traseira,1,0,0,1,0,0,0,0,0,0,4,0,0,0,0,040,2017-08-04 11:29:00+00:00,-15.996753207140253,-47.985498512477946
05/08/2017,06:20:00,232,Acidente c,5.5,BR-040/DF,Norte,Abalroamento longitudinal,1,0,0,1,0,0,0,0,0,0,1,1,0,0,0,040,2017-08-05 09:20:00+00:00,-16.025343468566483,-47.97963307234679
07/08/2017,06:01:00,127,Acidente s,3.5,BR-040/DF,Norte,Abalroamento longitudinal,1,0,0,1,0,0,0,0,0,0,2,0,0,0,0,040,2017-08-07 09:01:00+00:00,-16.007631320840915,-47.98325451231453
11/08/2017,04:17:00,297,Acidente s,5.1,BR-040/DF,Norte,Colisão traseira,0,0,0,1,0,1,0,0,0,0,2,0,0,0,0,040,2017-08-11 07:17:00+00:00,-16.021799386502895,-47.98035128738056
12/08/2017,06:38:00,44,Acidente s,5.9,BR-040/DF,Norte,Abalroamento longitudinal,3,0,0,0,0,0,0,0,0,0,3,0,0,0,0,040,2017-08-12 09:38:00+00:00,-16.02889749266502,-47.97898561658784
12/08/2017,12:24:00,145,Acidente s,4.92,BR-040/DF,Sul,Capotamento,1,0,0,0,0,0,0,0,0,0,1,0,0,0,0,040,2017-08-12 15:24:00+00:00,-16.02020486333905,-47.980676344536235
13/08/2017,01:55:00,16,Acidente s,8.1,BR-040/DF,Sul,Choque com objeto fixo,1,0,0,0,0,0,0,0,0,0,2,0,0,0,0,040,2017-08-13 04:55:00+00:00,-16.048574876122156,-47.98131638357745
13/08/2017,05:46:00,41,Acidente s,5.0,BR-040/DF,Sul,Choque em barreira New Jersey,1,0,0,0,0,0,0,0,0,0,1,0,0,0,0,040,2017-08-13 08:46:00+00:00,-16.020913658324112,-47.980532491069454
14/08/2017,04:31:00,59,Acidente s,2.2,BR-040/DF,Sul,Choque com objeto fixo,1,0,0,0,0,0,0,0,0,0,1,0,0,0,0,040,2017-08-14 07:31:00+00:00,-15.99612997186753,-47.9856063357417
18/08/2017,07:14:00,145,Acidente s,6.1,BR-040/DF,Norte,Abalroamento longitudinal,1,0,1,0,0,0,0,0,0,0,3,0,0,0,0,040,2017-08-18 10:14:00+00:00,-16.030695474275564,-47.9788300101082
18/08/2017,07:40:00,391,Acidente c,5.3,BR-040/DF,Norte,Colisão traseira,1,0,0,1,0,0,0,0,0,0,2,0,1,0,0,040,2017-08-18 10:40:00+00:00,-16.02357134588851,-47.9799915271314
19/08/2017,01:52:00,147,Acidente c,3.45,BR-040/DF,Norte,Capotamento,2,0,0,0,0,0,0,0,0,0,1,0,2,0,1,040,2017-08-19 04:52:00+00:00,-16.007188610963645,-47.98334589641245
20/08/2017,11:47:00,311,Acidente c,6.5,BR-040/DF,Norte,Colisão traseira,1,0,1,0,0,0,0,0,0,0,1,0,1,0,0,040,2017-08-20 14:47:00+00:00,-16.034296673630603,-47.97904501336752
21/08/2017,06:30:00,291,Acidente c,1.8,BR-040/DF,Sul,Colisão traseira,1,0,0,1,0,0,0,0,0,0,1,1,1,0,0,040,2017-08-21 09:30:00+00:00,-15.992588808085221,-47.98633017752721
21/08/2017,09:43:00,353,Acidente c,0.2,BR-040/DF,Norte,Queda de Moto,0,0,0,1,0,0,0,0,0,0,0,0,1,0,0,040,2017-08-21 12:43:00+00:00,-15.97863703805657,-47.989955296137616
23/08/2017,06:53:00,114,Atropelame,2.6,BR-040/DF,Norte,Atropelamento de pedestre atravessando,2,0,0,1,0,0,0,0,0,0,2,0,0,0,0,040,2017-08-23 09:53:00+00:00,-15.99967585339181,-47.98490997338192
23/08/2017,08:17:00,136,Acidente c,5.2,BR-040/DF,Norte,Queda de Moto,0,0,0,1,0,0,0,0,0,0,0,1,0,0,0,040,2017-08-23 11:17:00+00:00,-16.022685500982586,-47.980172122616
25/08/2017,08:04:00,138,Acidente c,7.1,BR-040/DF,Norte,Queda de Moto,0,0,0,1,0,0,0,0,0,0,0,1,0,0,0,040,2017-08-25 11:04:00+00:00,-16.039651319001248,-47.9798947053415
25/08/2017,08:16:00,147,Acidente s,5.0,BR-040/DF,Norte,Colisão traseira,3,0,0,0,0,0,0,0,0,0,3,0,0,0,0,040,2017-08-25 11:16:00+00:00,-16.020913658324112,-47.980532491069454
26/08/2017,07:29:00,254,Acidente s,7.2,BR-040/DF,Sul,Choque com objeto fixo,1,0,0,0,0,0,0,0,0,0,1,0,0,0,0,040,2017-08-26 10:29:00+00:00,-16.040543759517895,-47.98003640645204
29/08/2017,07:10:00,354,Acidente s,7.0,BR-040/DF,Sul,Queda de Moto,0,0,0,1,0,0,0,0,0,0,2,0,0,0,0,040,2017-08-29 10:10:00+00:00,-16.038759077568407,-47.97975170558663
30/08/2017,08:40:00,167,Acidente s,6.85,BR-040/DF,Norte,Queda de Moto,0,0,0,1,0,0,0,0,0,0,1,0,0,0,0,040,2017-08-30 11:40:00+00:00,-16.037420500036,-47.979538635154775
03/09/2017,01:24:00,12,Acidente s,0.0,BR-040/DF,Norte,Choque com objeto fixo,2,0,0,0,0,0,0,0,0,0,2,0,0,0,0,040,2017-09-03 04:24:00+00:00,-15.976866599999944,-47.99032136999995
04/09/2017,08:32:00,155,Acidente s,5.1,BR-040/DF,Norte,Colisão traseira,1,0,0,0,0,1,0,0,0,0,2,0,0,0,0,040,2017-09-04 11:32:00+00:00,-16.021799386502895,-47.98035128738056