data,horario,n_da_ocorrencia,tipo_de_ocorrencia,km,trecho,sentido,tipo_de_acidente,automovel,bicicleta,caminhao,moto,onibus,outros,tracao_animal,transporte_de_cargas_especiais,trator_maquinas,utilitarios,ilesos,levemente_feridos,moderadamente_feridos,gravemente_feridos,mortos,vl_br,timestamp_utc,latitude_acidente,longitude_acidente
04/09/2017,10:00:00,367,Acidente s,6.4,BR-040/DF,Sul,Choque com objeto fixo,1,0,0,0,0,0,0,0,0,0,1,0,0,0,0,040,2017-09-04 13:00:00+00:00,-16.03340046349643,-47.978932034439126
05/09/2017,06:51:00,114,Acidente c,4.1,BR-040/DF,Norte,Queda de Moto,0,0,0,1,0,0,0,0,0,0,0,1,0,0,0,040,2017-09-05 09:51:00+00:00,-16.012944920774345,-47.98216339245587
05/09/2017,08:00:00,138,Atropelame,5.8,BR-040/DF,Norte,Atropelamento de ciclista,1,1,0,1,0,0,0,0,0,0,1,1,1,0,0,040,2017-09-05 11:00:00+00:00,-16.02800242473236,-47.97909917254604
11/09/2017,09:38:00,185,Acidente s,7.7,BR-040/DF,Norte,Outros,2,0,0,1,0,0,0,0,0,0,3,0,0,0,0,040,2017-09-11 12:38:00+00:00,-16.045005497489623,-47.98074723749154
12/09/2017,10:16:00,363,Acidente s,4.3,BR-040/DF,Sul,Colisão traseira,2,0,0,0,0,0,0,0,0,0,3,0,0,0,0,040,2017-09-12 13:16:00+00:00,-16.014716352935057,-47.98180092115799
13/09/2017,07:20:00,141,Acidente c,4.5,BR-040/DF,Norte,Colisão traseira,0,0,0,1,0,1,0,0,0,0,2,0,0,0,0,040,2017-09-13 10:20:00+00:00,-16.016488213220736,-47.98144083480431
13/09/2017,05:51:00,323,Acidente s,4.7,BR-040/DF,Sul,Abalroamento longitudinal,1,0,0,1,0,0,0,0,0,0,3,0,0,0,0,040,2017-09-13 08:51:00+00:00,-16.018256651264295,-47.981076980894464
13/09/2017,06:38:00,346,Acidente c,3.5,BR-040/DF,Sul,Queda de Moto,0,0,0,1,0,0,0,0,0,0,0,1,0,0,0,040,2017-09-13 09:38:00+00:00,-16.007631320840915,-47.98325451231453
14/09/2017,11:12:00,408,Acidente c,8.0,BR-040/DF,Sul,Colisão traseira,1,0,0,1,0,0,0,0,0,0,1,0,0,0,0,040,2017-09-14 14:12:00+00:00,-16.047681786920172,-47.98117913715479
15/09/2017,11:07:00,368,Acidente s,6.5,BR-040/DF,Sul,Colisão traseira,1,0,0,1,0,0,0,0,0,0,4,0,0,0,0,040,2017-09-15 14:07:00+00:00,-16.034296673630603,-47.97904501336752
16/09/2017,04:34:00,47,Acidente s,6.8,BR-040/DF,Sul,Capotamento,1,0,0,0,0,0,0,0,0,0,1,0,0,0,0,040,2017-09-16 07:34:00+00:00,-16.036973905924885,-47.97947034300178
18/09/2017,11:15:00,180,Acidente s,4.8,BR-040/DF,Norte,Queda de Moto,0,0,0,2,0,0,0,0,0,0,2,0,0,0,0,040,2017-09-18 14:15:00+00:00,-16.019141702254522,-47.980892274949284
20/09/2017,07:41:00,120,Acidente c,4.01,BR-040/DF,Norte,Abalroamento longitudinal,1,0,0,1,0,0,0,0,0,0,2,1,0,0,0,040,2017-09-20 10:41:00+00:00,-16.01214753531137,-47.98232524471719
21/09/2017,10:27:00,192,Acidente s,1.0,BR-040/DF,Norte,Choque com objeto fixo,2,0,0,0,0,0,0,0,0,0,2,0,0,0,0,040,2017-09-21 13:27:00+00:00,-15.985504352691404,-47.98778626672763
22/09/2017,08:44:00,133,Acidente s,1.5,BR-040/DF,Norte,Colisão traseira,3,0,0,0,0,0,0,0,0,0,3,0,0,0,0,040,2017-09-22 11:44:00+00:00,-15.989932639686035,-47.98687875185026
22/09/2017,08:54:00,323,Acidente s,0.2,BR-040/DF,Norte,Capotamento,1,0,0,0,0,0,0,0,0,0,2,0,0,0,0,040,2017-09-22 11:54:00+00:00,-15.97863703805657,-47.989955296137616
23/09/2017,03:40:00,158,Acidente s,5.9,BR-040/DF,Norte,Abalroamento longitudinal,2,0,0,0,0,0,0,0,0,0,2,0,0,0,0,040,2017-09-23 06:40:00+00:00,-16.02889749266502,-47.97898561658784
23/09/2017,04:56:00,172,Acidente s,5.15,BR-040/DF,Sul,Abalroamento longitudinal,2,0,0,0,0,0,0,0,0,0,2,0,0,0,0,040,2017-09-23 07:56:00+00:00,-16.022242230731006,-47.980260580468226
26/09/2017,06:57:00,107,Acidente c,5.17,BR-040/DF,Norte,Abalroamento longitudinal,1,0,0,1,0,0,0,0,0,0,3,1,0,0,0,040,2017-09-26 09:57:00+00:00,-16.022419473361452,-47.98022484762301
27/09/2017,08:46:00,312,Acidente c,7.8,BR-040/DF,Sul,Queda de Moto,1,0,0,1,0,0,0,0,0,0,1,1,0,0,0,040,2017-09-27 11:46:00+00:00,-16.04589752081111,-47.98089170201557
29/09/2017,08:30:00,126,Acidente s,3.15,BR-040/DF,Norte,Choque em defensa,0,0,1,0,0,0,0,0,0,0,1,0,0,0,0,040,2017-09-29 11:30:00+00:00,-16.004530395427157,-47.98388156029681
03/10/2017,07:26:00,305,Acidente s,3.5,BR-040/DF,Sul,Colisão traseira,4,0,0,0,0,0,0,0,0,0,7,0,0,0,0,040,2017-10-03 10:26:00+00:00,-16.007631320840915,-47.98325451231453
07/10/2017,02:34:00,214,Acidente c,5.5,BR-040/DF,Sul,Capotamento,1,0,0,0,0,0,0,0,0,0,0,0,0,0,0,040,2017-10-07 05:34:00+00:00,-16.025343468566483,-47.97963307234679
09/10/2017,06:46:00,295,Acidente s,4.2,BR-040/DF,Sul,Colisão traseira,2,0,0,0,0,0,0,0,0,0,3,0,0,0,0,040,2017-10-09 09:46:00+00:00,-16.013830307420342,-47.98198044185797
10/10/2017,07:18:00,360,Acidente s,0.0,BR-040/DF,Sul,Abalroamento longitudinal,1,0,1,0,0,0,0,0,0,0,2,0,0,0,0,040,2017-10-10 10:18:00+00:00,-15.976866599999944,-47.99032136999995
11/10/2017,04:17:00,304,Acidente s,5.8,BR-040/DF,Sul,Colisão traseira,2,0,0,0,0,0,0,0,0,0,3,0,0,0,0,040,2017-10-11 07:17:00+00:00,-16.02800242473236,-47.97909917254604
13/10/2017,02:25:00,14,Acidente c,7.53,BR-040/DF,Sul,Abalroamento longitudinal,1,0,0,1,0,0,0,0,0,0,1,1,0,0,0,040,2017-10-13 05:25:00+00:00,-16.04348839087128,-47.98050621935852
18/10/2017,07:17:00,121,Acidente c,1.5,BR-040/DF,Norte,Outros,1,0,0,1,0,0,0,0,0,0,1,1,0,0,0,040,2017-10-18 09:17:00+00:00,-15.989932639686035,-47.98687875185026
20/10/2017,10:47:00,236,Acidente s,2.0,BR-040/DF,Sul,Abalroamento transversal,2,0,0,0,0,0,0,0,0,0,3,0,0,0,0,040,2017-10-20 12:47:00+00:00,-15.994359414490402,-47.985973302872196
25/10/2017,07:59:00,155,Acidente c,3.02,BR-040/DF,Norte,Abalroamento longitudinal,0,0,0,2,0,0,0,0,0,0,1,1,0,0,0,040,2017-10-25 09:59:00+00:00,-16.00338994366929,-47.98416001659514
26/10/2017,05:52:00,440,Acidente s,7.2,BR-040/DF,Norte,Colisão traseira,1,0,0,1,0,0,0,0,0,0,2,0,0,0,0,040,2017-10-26 07:52:00+00:00,-16.040543759517895,-47.98003640645204
28/10/2017,07:57:00,146,Acidente c,0.3,BR-040/DF,Norte,Colisão traseira,1,0,0,1,0,0,0,0,0,0,1,0,0,0,0,040,2017-10-28 09:57:00+00:00,-15.97952436803145,-47.9897831292533
29/10/2017,05:12:00,22,Acidente c,2.9,BR-040/DF,Norte,Capotamento,1,0,1,0,0,0,0,0,0,1,2,0,0,0,0,040,2017-10-29 07:12:00+00:00,-16.00232379083997,-47.984347565616254
31/10/2017,07:39:00,117,Acidente s,4.7,BR-040/DF,Norte,Colisão traseira,2,0,0,0,0,0,0,0,0,0,6,0,0,0,0,040,2017-10-31 09:39:00+00:00,-16.018256651264295,-47.981076980894464
03/11/2017,05:38:00,36,Acidente s,5.12,BR-040/DF,Norte,Outros,2,0,0,0,0,0,0,0,0,0,2,0,0,0,0,040,2017-11-03 07:38:00+00:00,-16.02197656932514,-47.98031523932992
04/11/2017,01:45:00,148,Acidente s,2.0,BR-040/DF,Norte,Choque com objeto fixo,3,0,0,0,0,0,0,0,0,0,5,0,0,0,0,040,2017-11-04 03:45:00+00:00,-15.994359414490402,-47.985973302872196
09/11/2017,04:09:00,249,Acidente s,4.6,BR-040/DF,Sul,Capotamento,1,0,0,0,0,0,0,0,0,0,1,0,0,0,0,040,2017-11-09 06:09:00+00:00,-16.017378285481144,-47.98128846011467
10/11/2017,08:19:00,130,Acidente c,3.2,BR-040/DF,Norte,Abalroamento longitudinal,0,0,0,1,0,1,0,0,0,0,1,0,0,0,0,040,2017-11-10 10:19:00+00:00,-16.004970432301306,-47.983777564631566
10/11/2017,05:01:00,304,Atropelame,7.0,BR-040/DF,Sul,Atropelamento de pedestre atravessando,0,0,0,0,0,0,0,0,0,0,0,1,0,0,0,040,2017-11-10 07:01:00+00:00,-16.038759077568407,-47.97975170558663
10/11/2017,05:57:00,322,Acidente s,1.3,BR-040/DF,Sul,Choque com objeto fixo,1,0,0,0,0,0,0,0,0,0,3,0,0,0,0,040,2017-11-10 07:57:00+00:00,-15.988161707075648,-47.98724375511734
11/11/2017,03:05:00,42,Acidente s,8.0,BR-040/DF,Sul,Choque com objeto fixo,0,0,0,1,0,0,0,0,0,0,1,0,0,0,0,040,2017-11-11 05:05:00+00:00,-16.047681786920172,-47.98117913715479
11/11/2017,04:49:00,59,Acidente s,2.9,BR-040/DF,Sul,Choque com objeto fixo,1,0,0,0,0,0,0,0,0,0,1,0,0,0,0,040,2017-11-11 06:49:00+00:00,-16.00232379083997,-47.984347565616254
12/11/2017,06:37:00,46,Acidente c,7.1,BR-040/DF,Norte,Queda de Moto,0,0,0,1,0,0,0,0,0,0,0,1,0,0,0,040,2017-11-12 08:37:00+00:00,-16.039651319001248,-47.9798947053415
13/11/2017,09:18:00,397,Atropelame,7.8,BR-040/DF,Norte,Atropelamento em abrigo de ônibus,1,0,0,0,0,0,0,0,0,0,1,0,0,1,0,040,2017-11-13 11:18:00+00:00,-16.04589752081111,-47.98089170201557
18/11/2017,08:03:00,86,Acidente c,1.5,BR-040/DF,Sul,Abalroamento longitudinal,2,0,0,0,0,0,0,0,0,0,5,2,0,0,0,040,2017-11-18 10:03:00+00:00,-15.989932639686035,-47.98687875185026
19/11/2017,05:45:00,43,Acidente c,5.6,BR-040/DF,Sul,Capotamento,1,0,0,0,0,0,0,0,0,0,0,1,0,0,0,040,2017-11-19 07:45:00+00:00,-16.026229632509633,-47.97945419544009
25/11/2017,11:13:00,348,Acidente c,2.5,BR-040/DF,Sul,Colisão traseira,1,0,0,1,0,0,0,0,0,0,1,1,0,0,0,040,2017-11-25 13:13:00+00:00,-15.998786510314467,-47.9850654509188
30/11/2017,03:29:00,242,Acidente s,4.0,BR-040/DF,Sul,Abalroamento longitudinal,3,0,0,0,0,0,0,0,0,0,5,0,0,0,0,040,2017-11-30 05:29:00+00:00,-16.01205891004947,-47.982343089506806
30/11/2017,05:41:00,292,Acidente s,3.6,BR-040/DF,Norte,Abalroamento longitudinal,1,0,0,1,0,0,0,0,0,0,3,0,0,0,0,040,2017-11-30 07:41:00+00:00,-16.008516933398386,-47.98307272923642
01/12/2017,07:31:00,121,Acidente c,2.71,BR-040/DF,Norte,Abalroamento longitudinal,2,0,0,1,0,0,0,0,0,0,2,1,0,0,0,040,2017-12-01 09:31:00+00:00,-16.000644153717193,-47.984684075804864
04/12/2017,07:32:00,126,Acidente c,3.1,BR-040/DF,Norte,Abalroamento longitudinal,1,0,0,1,0,0,0,0,0,0,1,2,0,0,0,040,2017-12-04 09:32:00+00:00,-16.004089752213368,-47.98398265573781
05/12/2017,06:54:00,355,Acidente s,5.5,BR-040/DF,Sul,Queda de Moto,0,0,0,1,0,0,0,0,0,0,1,0,0,0,0,040,2017-12-05 08:54:00+00:00,-16.025343468566483,-47.97963307234679
07/12/2017,05:27:00,320,Acidente c,0.0,BR-040/DF,Sul,Colisão traseira,3,0,0,0,0,1,0,0,0,0,3,0,0,0,0,040,2017-12-07 07:27:00+00:00,-15.976866599999944,-47.99032136999995
08/12/2017,10:05:00,382,Acidente c,4.1,BR-040/DF,Sul,Abalroamento longitudinal,1,0,0,1,0,0,0,0,0,0,1,0,0,0,0,040,2017-12-08 12:05:00+00:00,-16.012944920774345,-47.98216339245587
13/12/2017,08:10:00,110,Acidente s,5.8,BR-040/DF,Norte,Abalroamento longitudinal,1,0,0,1,0,0,0,0,0,0,2,0,0,0,0,040,2017-12-13 10:10:00+00:00,-16.02800242473236,-47.97909917254604
13/12/2017,10:53:00,374,Acidente s,2.115,BR-040/DF,Sul,Colisão traseira,2,0,0,0,0,5,0,0,0,0,9,0,0,0,0,040,2017-12-13 12:53:00+00:00,-15.99537751934572,-47.98576249340478
18/12/2017,11:27:00,236,Acidente s,1.05,BR-040/DF,Norte,Outros,0,0,1,0,0,0,0,0,0,0,1,0,0,0,0,040,2017-12-18 13:27:00+00:00,-15.985946738702928,-47.987693218093106
18/12/2017,06:06:00,364,Acidente s,4.9,BR-040/DF,Sul,Colisão traseira,3,0,0,0,0,0,0,0,0,0,5,0,0,0,0,040,2017-12-18 08:06:00+00:00,-16.020027679506335,-47.98071238763174
19/12/2017,11:40:00,234,Acidente s,4.2,BR-040/DF,Sul,Capotamento,1,0,0,0,0,0,0,0,0,0,1,0,0,0,0,040,2017-12-19 13:40:00+00:00,-16.013830307420342,-47.98198044185797
20/12/2017,02:52:00,70,Acidente c,4.5,BR-040/DF,Sul,Colisão frontal,1,0,0,1,0,0,0,0,0,0,1,0,1,0,0,040,2017-12-20 04:52:00+00:00,-16.016488213220736,-47.98144083480431
20/12/2017,08:35:00,150,Acidente s,6.2,BR-040/DF,Norte,Colisão traseira,0,0,0,1,1,0,0,0,0,0,2,0,0,0,0,040,2017-12-20 10:35:00+00:00,-16.031598243563078,-47.97882464034835
20/12/2017,10:50:00,446,Acidente s,3.4,BR-040/DF,Sul,Capotamento,2,0,0,0,0,0,0,0,0,0,4,0,0,0,0,040,2017-12-20 12:50:00+00:00,-16.00674531156606,-47.98343412528876
22/12/2017,04:48:00,307,Acidente s,6.2,BR-040/DF,Norte,Colisão traseira,2,0,1,0,0,0,0,0,0,0,3,0,0,0,0,040,2017-12-22 06:48:00+00:00,-16.031598243563078,-47.97882464034835
22/12/2017,10:05:00,446,Acidente c,1.5,BR-040/DF,Sul,Abalroamento longitudinal,1,0,1,0,0,0,0,0,0,0,1,1,0,0,0,040,2017-12-22 12:05:00+00:00,-15.989932639686035,-47.98687875185026
25/12/2017,08:19:00,43,Acidente s,5.15,BR-040/DF,Norte,Capotamento,1,0,0,0,0,0,0,0,0,0,2,0,0,0,0,040,2017-12-25 10:19:00+00:00,-16.022242230731006,-47.980260580468226
27/12/2017,04:14:00,337,Acidente c,3.082,BR-040/DF,Sul,Choque com objeto fixo,1,0,0,0,0,0,0,0,0,0,1,0,0,1,0,040,2017-12-27 06:14:00+00:00,-16.003931110666862,-47.98401914737931
29/12/2017,09:54:00,366,Acidente s,1.0,BR-040/DF,Norte,Queda de Carga,0,0,1,0,0,0,0,0,0,0,1,0,0,0,0,040,2017-12-29 11:54:00+00:00,-15.985504352691404,-47.98778626672763
31/12/2017,09:13:00,93,Acidente s,3.4,BR-040/DF,Norte,Capotamento,1,0,0,0,0,0,0,0,0,0,2,0,0,0,0,040,2017-12-31 11:13:00+00:00,-16.00674531156606,-47.98343412528876
31/12/2017,04:41:00,174,Acidente s,1.4,BR-040/DF,Sul,Queda de Moto,0,0,0,1,0,0,0,0,0,0,1,0,0,0,0,040,2017-12-31 06:41:00+00:00,-15.989046875353338,-47.98705972176622
01/01/2018,06:22:00,215,Acidente s,7.3,BR-040/DF,Norte,Colisão traseira,2,0,0,0,0,0,0,0,0,0,4,0,0,0,0,040,2018-01-01 08:22:00+00:00,-16.041436265242957,-47.98017750440991
03/01/2018,08:07:00,152,Acidente c,6.4,BR-040/DF,Norte,Colisão traseira,1,0,0,1,0,0,0,0,0,0,1,1,0,0,0,040,2018-01-03 10:07:00+00:00,-16.03340046349643,-47.978932034439126
05/01/2018,06:17:00,311,Acidente c,3.053,BR-040/DF,Sul,Colisão traseira,1,0,0,1,0,0,0,0,0,0,1,0,0,0,0,040,2018-01-05 08:17:00+00:00,-16.003674578024288,-47.98407301053869
06/01/2018,06:57:00,294,Acidente s,5.469,BR-040/DF,Sul,Colisão traseira,0,0,1,1,0,0,0,0,0,0,2,0,0,0,0,040,2018-01-06 08:57:00+00:00,-16.025068616902907,-47.979687713888005
08/01/2018,06:47:00,332,Acidente c,7.1,BR-040/DF,Sul,Queda de Moto,0,0,0,1,0,0,0,0,0,0,0,1,0,0,0,040,2018-01-08 08:47:00+00:00,-16.039651319001248,-47.9798947053415
09/01/2018,07:36:00,123,Acidente c,5.5,BR-040/DF,Norte,Colisão traseira,4,0,0,0,0,0,0,0,0,0,3,2,0,0,0,040,2018-01-09 09:36:00+00:00,-16.025343468566483,-47.97963307234679
11/01/2018,06:18:00,85,Acidente c,7.6,BR-040/DF,Sul,Colisão traseira,2,0,0,0,0,0,0,0,0,0,2,1,0,0,0,040,2018-01-11 08:18:00+00:00,-16.044113614566683,-47.980601877368805
11/01/2018,09:23:00,364,Acidente c,3.0,BR-040/DF,Sul,Outros,0,0,1,1,0,0,0,0,0,0,1,0,0,0,0,040,2018-01-11 11:23:00+00:00,-16.00321267156879,-47.98419457410762
12/01/2018,03:55:00,246,Acidente s,2.3,BR-040/DF,Sul,Colisão traseira,1,0,1,0,0,0,0,0,0,0,2,0,0,0,0,040,2018-01-12 05:55:00+00:00,-15.997019849427009,-47.98544946905459
12/01/2018,06:05:00,293,Acidente c,6.1,BR-040/DF,Sul,Abalroamento longitudinal,0,0,1,1,1,0,0,0,0,0,2,0,0,0,1,040,2018-01-12 08:05:00+00:00,-16.030695474275564,-47.9788300101082
15/01/2018,10:43:00,196,Acidente c,3.7,BR-040/DF,Norte,Abalroamento longitudinal,1,0,0,1,0,0,0,0,0,0,2,0,0,0,0,040,2018-01-15 12:43:00+00:00,-16.009402495610235,-47.98289067763329
15/01/2018,04:17:00,304,Acidente c,5.5,BR-040/DF,Norte,Abalroamento longitudinal,1,0,0,1,0,0,0,0,0,0,1,1,0,0,0,040,2018-01-15 06:17:00+00:00,-16.025343468566483,-47.97963307234679
17/01/2018,07:38:00,321,Acidente c,5.6,BR-040/DF,Norte,Abalroamento longitudinal,1,0,0,1,0,0,0,0,0,0,1,0,0,0,0,040,2018-01-17 09:38:00+00:00,-16.026229632509633,-47.97945419544009
19/01/2018,07:59:00,107,Acidente c,6.5,BR-040/DF,Norte,Colisão traseira,2,0,0,1,0,0,0,0,0,0,2,1,0,0,0,040,2018-01-19 09:59:00+00:00,-16.034296673630603,-47.97904501336752
19/01/2018,08:11:00,321,Acidente s,0.005,BR-040/DF,Sul,Abalroamento longitudinal,1,0,0,1,0,0,0,0,0,0,2,0,0,0,0,040,2018-01-19 10:11:00+00:00,-15.976910825745737,-47.99031200092316
20/01/2018,01:16:00,14,Acidente c,0.0,BR-040/DF,Norte,Choque com objeto fixo,1,0,0,0,0,0,0,0,0,0,0,0,1,0,0,040,2018-01-20 03:16:00+00:00,-15.976866599999944,-47.99032136999995
21/01/2018,08:23:00,70,Acidente s,3.5,BR-040/DF,Norte,Capotamento,1,0,0,0,0,0,0,0,0,0,1,0,0,0,0,040,2018-01-21 10:23:00+00:00,-16.007631320840915,-47.98325451231453
26/01/2018,06:22:00,94,Acidente s,0.84,BR-040/DF,Sul,Choque com objeto fixo,1,0,0,0,0,0,0,0,0,0,1,0,0,0,0,040,2018-01-26 08:22:00+00:00,-15.984088736906607,-47.98808368534898
26/01/2018,06:47:00,98,Acidente c,3.1,BR-040/DF,Norte,Abalroamento longitudinal,1,0,0,1,0,0,0,0,0,0,1,1,0,0,0,040,2018-01-26 08:47:00+00:00,-16.004089752213368,-47.98398265573781
27/01/2018,12:40:00,181,Acidente c,1.8,BR-040/DF,Norte,Abalroamento longitudinal,1,0,0,1,0,0,0,0,0,0,1,1,0,0,0,040,2018-01-27 14:40:00+00:00,-15.992588808085221,-47.98633017752721
27/01/2018,11:55:00,378,Acidente s,6.4,BR-040/DF,Sul,Choque com objeto fixo,1,0,0,0,0,0,0,0,0,0,2,0,0,0,0,040,2018-01-27 13:55:00+00:00,-16.03340046349643,-47.978932034439126
03/02/2018,02:41:00,239,Acidente s,8.3,BR-040/DF,Sul,Choque com objeto fixo,1,0,0,0,0,0,0,0,0,0,1,0,0,0,0,040,2018-02-03 04:41:00+00:00,-16.050353308035202,-47.98160642553609
06/02/2018,01:11:00,204,Acidente c,5.005,BR-040/DF,Norte,Queda de Moto,0,0,0,1,0,1,0,0,0,0,1,1,0,0,0,040,2018-02-06 03:11:00+00:00,-16.02095798795352,-47.98052365880316
08/02/2018,03:29:00,273,Acidente s,7.0,BR-040/DF,Norte,Outros,1,0,0,0,0,0,0,0,0,0,1,0,0,0,0,040,2018-02-08 05:29:00+00:00,-16.038759077568407,-47.97975170558663
08/02/2018,08:22:00,369,Acidente s,1.4,BR-040/DF,Sul,Queda de Moto,0,0,0,1,0,0,0,0,0,0,1,0,0,0,0,040,2018-02-08 10:22:00+00:00,-15.989046875353338,-47.98705972176622
09/02/2018,05:44:00,367,Acidente c,3.15,BR-040/DF,Sul,Abalroamento longitudinal,1,0,0,1,0,0,0,0,0,0,2,1,0,0,0,040,2018-02-09 07:44:00+00:00,-16.004530395427157,-47.98388156029681
09/02/2018,08:46:00,439,Acidente s,2.2,BR-040/DF,Sul,Colisão traseira,2,0,0,0,0,0,0,0,0,1,7,0,0,0,0,040,2018-02-09 10:46:00+00:00,-15.99612997186753,-47.9856063357417
13/02/2018,08:16:00,313,Acidente s,5.7,BR-040/DF,Norte,Outros,1,0,0,0,0,0,0,0,0,0,1,0,0,0,0,040,2018-02-13 10:16:00+00:00,-16.027115181158486,-47.9792721455203
16/02/2018,06:56:00,112,Acidente c,3.078,BR-040/DF,Norte,Queda de Moto,0,0,0,1,0,0,0,0,0,0,0,0,1,0,0,040,2018-02-16 08:56:00+00:00,-16.003895870316544,-47.984027310121164
16/02/2018,09:35:00,362,Acidente s,8.0,BR-040/DF,Norte,Choque com objeto fixo,1,0,0,0,0,0,0,0,0,0,1,0,0,0,0,040,2018-02-16 11:35:00+00:00,-16.047681786920172,-47.98117913715479
17/02/2018,08:32:00,332,Acidente s,5.3,BR-040/DF,Norte,Abalroamento longitudinal,3,0,0,0,0,0,0,0,0,0,5,0,0,0,0,040,2018-02-17 10:32:00+00:00,-16.02357134588851,-47.9799915271314
24/02/2018,12:25:00,9,Acidente s,2.8,BR-040/DF,Sul,Choque com objeto fixo,1,0,0,0,0,0,0,0,0,0,1,0,0,0,0,040,2018-02-24 15:25:00+00:00,-16.001439596929313,-47.98451406070111
24/02/2018,08:46:00,338,Acidente c,0.23,BR-040/DF,Sul,Choque em barreira New Jersey,1,0,0,1,0,0,0,0,0,0,1,0,0,0,1,040,2018-02-24 11:46:00+00:00,-15.978903894692563,-47.98990731416127
04/03/2018,04:10:00,27,Acidente c,0.5,BR-040/DF,Sul,Colisão traseira,1,0,0,1,0,0,0,0,0,0,2,0,2,0,0,040,2018-03-04 07:10:00+00:00,-15.981258998801273,-47.98927117648948
06/03/2018,01:33:00,205,Acidente s,0.5,BR-040/DF,Sul,Abalroamento longitudinal,1,0,0,0,0,1,0,0,0,0,4,0,0,0,0,040,2018-03-06 04:33:00+00:00,-15.981258998801273,-47.98927117648948
14/03/2018,08:34:00,293,Acidente s,7.1,BR-040/DF,Sul,Colisão traseira,1,0,1,0,0,0,0,0,0,0,41,0,0,0,0,040,2018-03-14 11:34:00+00:00,-16.039651319001248,-47.9798947053415
15/03/2018,07:03:00,119,Acidente c,5.1,BR-040/DF,Norte,Abalroamento longitudinal,1,0,0,1,0,0,0,0,0,0,1,1,0,0,0,040,2018-03-15 10:03:00+00:00,-16.021799386502895,-47.98035128738056
19/03/2018,05:19:00,87,Acidente c,3.1,BR-040/DF,Sul,Abalroamento transversal,2,0,0,0,0,0,0,0,0,0,3,1,0,0,0,040,2018-03-19 08:19:00+00:00,-16.004089752213368,-47.98398265573781
19/03/2018,06:03:00,262,Acidente s,3.13,BR-040/DF,Sul,Abalroamento longitudinal,1,0,0,1,0,0,0,0,0,0,2,0,0,0,0,040,2018-03-19 09:03:00+00:00,-16.00435505670604,-47.983926179778805
20/03/2018,10:51:00,357,Acidente s,3.4,BR-040/DF,Norte,Colisão traseira,3,0,0,0,0,0,0,0,0,0,4,0,0,0,0,040,2018-03-20 13:51:00+00:00,-16.00674531156606,-47.98343412528876
21/03/2018,07:49:00,113,Acidente s,1.9,BR-040/DF,Sul,Queda de Moto,0,0,0,1,0,0,0,0,0,0,1,0,0,0,0,040,2018-03-21 10:49:00+00:00,-15.993470778341672,-47.9861313533078
23/03/2018,08:38:00,119,Acidente s,4.1,BR-040/DF,Sul,Choque com objeto fixo,2,0,0,0,0,0,0,0,0,0,2,0,0,0,0,040,2018-03-23 11:38:00+00:00,-16.012944920774345,-47.98216339245587
24/03/2018,07:50:00,99,Acidente s,3.05,BR-040/DF,Sul,Abalroamento transversal,3,0,0,0,0,0,0,0,0,0,5,0,0,0,0,040,2018-03-24 10:50:00+00:00,-16.003648269397715,-47.98407967440563
24/03/2018,11:55:00,171,Acidente c,0.3,BR-040/DF,Norte,Queda de Moto,0,0,0,1,0,0,0,0,0,0,0,0,1,0,0,040,2018-03-24 14:55:00+00:00,-15.97952436803145,-47.9897831292533
24/03/2018,01:49:00,198,Acidente c,6.9,BR-040/DF,Sul,Capotamento,1,0,0,0,0,0,0,0,0,0,1,0,0,0,1,040,2018-03-24 04:49:00+00:00,-16.037866823596413,-47.97960879241375
27/03/2018,05:29:00,244,Acidente c,5.1,BR-040/DF,Sul,Colisão traseira,0,0,0,2,0,0,0,0,0,0,1,1,0,0,0,040,2018-03-27 08:29:00+00:00,-16.021799386502895,-47.98035128738056
29/03/2018,03:28:00,76,Acidente s,2.0,BR-040/DF,Sul,Choque em barreira New Jersey,1,0,0,0,0,0,0,0,0,0,1,0,0,0,0,040,2018-03-29 06:28:00+00:00,-15.994359414490402,-47.985973302872196
01/04/2018,10:00:00,350,Acidente s,5.2,BR-040/DF,Sul,Abalroamento longitudinal,2,0,0,0,0,0,0,0,0,0,3,0,0,0,0,040,2018-04-01 13:00:00+00:00,-16.022685500982586,-47.980172122616
02/04/2018,05:41:00,94,Acidente s,2.9,BR-040/DF,Sul,Capotamento,1,0,0,0,0,0,0,0,0,0,1,0,0,0,0,040,2018-04-02 08:41:00+00:00,-16.00232379083997,-47.984347565616254