data,horario,n_da_ocorrencia,tipo_de_ocorrencia,km,trecho,sentido,tipo_de_acidente,automovel,bicicleta,caminhao,moto,onibus,outros,tracao_animal,transporte_de_cargas_especiais,trator_maquinas,utilitarios,ilesos,levemente_feridos,moderadamente_feridos,gravemente_feridos,mortos,vl_br,timestamp_utc,latitude_acidente,longitude_acidente
02/04/2018,08:37:00,146,Acidente s,0.3,BR-040/DF,Norte,Choque em defensa,0,0,1,0,0,0,0,0,0,0,1,0,0,0,0,040,2018-04-02 11:37:00+00:00,-15.97952436803145,-47.9897831292533
03/04/2018,05:49:00,262,Acidente c,8.01,BR-040/DF,Norte,Colisão traseira,4,0,0,0,0,0,0,0,0,0,3,0,0,1,0,040,2018-04-03 08:49:00+00:00,-16.047771007626654,-47.98119346314089
06/04/2018,07:55:00,121,Acidente s,5.25,BR-040/DF,Norte,Abalroamento longitudinal,1,0,1,0,0,0,0,0,0,0,3,0,0,0,0,040,2018-04-06 10:55:00+00:00,-16.023128563411895,-47.980082560106716
07/04/2018,04:36:00,179,Acidente c,5.25,BR-040/DF,Norte,Choque com objeto fixo,1,0,0,0,0,0,0,0,0,0,2,1,0,0,0,040,2018-04-07 07:36:00+00:00,-16.023128563411895,-47.980082560106716
07/04/2018,08:10:00,241,Acidente s,7.6,BR-040/DF,Sul,Colisão traseira,2,0,0,0,0,3,0,0,0,0,6,0,0,0,0,040,2018-04-07 11:10:00+00:00,-16.044113614566683,-47.980601877368805
08/04/2018,07:44:00,47,Acidente s,0.3,BR-040/DF,Norte,Choque em defensa,1,0,0,0,0,0,0,0,0,0,1,0,0,0,0,040,2018-04-08 10:44:00+00:00,-15.97952436803145,-47.9897831292533
10/04/2018,06:34:00,266,Atropelame,4.9,BR-040/DF,Sul,Atropelamento de ciclista,1,1,0,0,0,0,0,0,0,0,2,1,0,0,0,040,2018-04-10 09:34:00+00:00,-16.020027679506335,-47.98071238763174
11/04/2018,02:02:00,180,Acidente c,5.5,BR-040/DF,Sul,Colisão traseira,1,0,0,1,0,0,0,0,0,0,2,1,0,0,0,040,2018-04-11 05:02:00+00:00,-16.025343468566483,-47.97963307234679
14/04/2018,06:07:00,209,Acidente s,7.1,BR-040/DF,Norte,Abalroamento longitudinal,1,0,0,1,0,0,0,0,0,0,2,0,0,0,0,040,2018-04-14 09:07:00+00:00,-16.039651319001248,-47.9798947053415
15/04/2018,07:25:00,195,Acidente c,5.0,BR-040/DF,Norte,Colisão traseira,2,0,0,0,0,0,0,0,0,0,2,0,0,0,0,040,2018-04-15 10:25:00+00:00,-16.020913658324112,-47.980532491069454
16/04/2018,07:14:00,92,Acidente s,7.0,BR-040/DF,Norte,Abalroamento longitudinal,1,0,1,0,0,0,0,0,0,0,2,0,0,0,0,040,2018-04-16 10:14:00+00:00,-16.038759077568407,-47.97975170558663
17/04/2018,07:00:00,257,Acidente s,2.0,BR-040/DF,Norte,Colisão traseira,0,0,0,2,0,0,0,0,0,0,3,0,0,0,0,040,2018-04-17 10:00:00+00:00,-15.994359414490402,-47.985973302872196
18/04/2018,05:33:00,231,Acidente s,1.7,BR-040/DF,Norte,Abalroamento longitudinal,1,0,1,0,0,0,0,0,0,0,6,0,0,0,0,040,2018-04-18 08:33:00+00:00,-15.991704104050324,-47.98651648045805
20/04/2018,07:38:00,113,Acidente c,2.1,BR-040/DF,Norte,Colisão traseira,1,0,0,1,0,0,0,0,0,0,1,1,0,0,0,040,2018-04-20 10:38:00+00:00,-15.995244590909683,-47.98578930635743
21/04/2018,07:13:00,64,Acidente s,6.6,BR-040/DF,Sul,Choque com objeto fixo,1,0,0,0,0,0,0,0,0,0,1,0,0,0,0,040,2018-04-21 10:13:00+00:00,-16.035189670141097,-47.979182774820245
21/04/2018,01:41:00,185,Acidente c,3.1,BR-040/DF,Norte,Queda de Moto,0,0,0,1,0,0,0,0,0,0,1,1,0,0,0,040,2018-04-21 04:41:00+00:00,-16.004089752213368,-47.98398265573781
22/04/2018,01:35:00,125,Acidente s,2.8,BR-040/DF,Norte,Colisão traseira,3,0,0,0,0,0,0,0,0,0,3,0,0,0,0,040,2018-04-22 04:35:00+00:00,-16.001439596929313,-47.98451406070111
23/04/2018,08:50:00,125,Acidente s,3.1,BR-040/DF,Norte,Outros,1,0,0,0,0,0,0,0,0,0,1,0,0,0,0,040,2018-04-23 11:50:00+00:00,-16.004089752213368,-47.98398265573781
23/04/2018,03:32:00,213,Acidente s,0.0,BR-040/DF,Norte,Capotamento,2,0,0,0,0,0,0,0,0,0,3,0,0,0,0,040,2018-04-23 06:32:00+00:00,-15.976866599999944,-47.99032136999995
28/04/2018,10:55:00,319,Acidente s,0.3,BR-040/DF,Norte,Colisão traseira,4,0,0,0,0,0,0,0,0,0,4,0,0,0,0,040,2018-04-28 13:55:00+00:00,-15.97952436803145,-47.9897831292533
29/04/2018,11:51:00,96,Acidente s,2.0,BR-040/DF,Sul,Abalroamento longitudinal,3,0,0,0,0,0,0,0,0,0,5,0,0,0,0,040,2018-04-29 14:51:00+00:00,-15.994359414490402,-47.985973302872196
30/04/2018,07:02:00,224,Acidente s,3.35,BR-040/DF,Norte,Colisão traseira,2,0,0,2,0,0,0,0,0,0,5,0,0,0,0,040,2018-04-30 10:02:00+00:00,-16.006300428530057,-47.983513404776325
30/04/2018,11:59:00,280,Acidente s,1.9,BR-040/DF,Norte,Choque com objeto fixo,1,0,0,0,0,0,0,0,0,0,2,0,0,0,0,040,2018-04-30 14:59:00+00:00,-15.993470778341672,-47.9861313533078
01/05/2018,01:29:00,5,Acidente c,4.7,BR-040/DF,Sul,Choque com objeto fixo,1,0,0,0,0,0,0,0,0,0,0,1,0,0,0,040,2018-05-01 04:29:00+00:00,-16.018256651264295,-47.981076980894464
02/05/2018,09:44:00,295,Acidente s,3.6,BR-040/DF,Sul,Colisão traseira,1,0,0,0,0,1,0,0,0,0,2,0,0,0,0,040,2018-05-02 12:44:00+00:00,-16.008516933398386,-47.98307272923642
03/05/2018,01:20:00,34,Acidente s,0.1,BR-040/DF,Sul,Colisão traseira,1,0,0,0,0,1,0,0,0,0,2,0,0,0,0,040,2018-05-03 04:20:00+00:00,-15.977752055500277,-47.99014022432026
04/05/2018,06:41:00,88,Acidente c,3.1,BR-040/DF,Norte,Colisão traseira,1,0,0,1,0,0,0,0,0,0,2,1,0,0,0,040,2018-05-04 09:41:00+00:00,-16.004089752213368,-47.98398265573781
04/05/2018,05:59:00,276,Acidente c,8.2,BR-040/DF,Norte,Colisão traseira,1,0,0,1,0,0,0,0,0,0,1,1,0,0,0,040,2018-05-04 08:59:00+00:00,-16.049465699683573,-47.981453167995376
08/05/2018,09:34:00,134,Acidente s,0.3,BR-040/DF,Sul,Capotamento,1,0,0,0,0,0,0,0,0,0,1,0,0,0,0,040,2018-05-08 12:34:00+00:00,-15.97952436803145,-47.9897831292533
15/05/2018,05:50:00,71,Acidente c,5.005,BR-040/DF,Norte,Colisão traseira,1,0,0,1,0,0,0,0,0,0,1,2,0,0,0,040,2018-05-15 08:50:00+00:00,-16.02095798795352,-47.98052365880316
15/05/2018,07:00:00,99,Acidente s,5.1,BR-040/DF,Norte,Abalroamento longitudinal,1,0,0,1,0,0,0,0,0,0,2,0,0,0,0,040,2018-05-15 10:00:00+00:00,-16.021799386502895,-47.98035128738056
17/05/2018,07:42:00,113,Acidente c,3.5,BR-040/DF,Norte,Abalroamento transversal,1,0,0,1,0,0,0,0,0,0,1,1,0,0,0,040,2018-05-17 10:42:00+00:00,-16.007631320840915,-47.98325451231453
17/05/2018,08:21:00,326,Acidente s,1.2,BR-040/DF,Sul,Colisão traseira,5,0,0,0,0,0,0,0,0,0,8,0,0,0,0,040,2018-05-17 11:21:00+00:00,-15.987275770722288,-47.98742379831673
20/05/2018,06:02:00,35,Acidente s,7.3,BR-040/DF,Sul,Queda de Moto,0,0,0,1,0,0,0,0,0,0,1,0,0,0,0,040,2018-05-20 09:02:00+00:00,-16.041436265242957,-47.98017750440991
23/05/2018,07:22:00,220,Acidente c,0.9,BR-040/DF,Sul,Abalroamento longitudinal,2,0,0,1,0,0,0,0,0,0,4,0,0,1,0,040,2018-05-23 10:22:00+00:00,-15.98461892557327,-47.98796897134449
24/05/2018,06:35:00,206,Atropelame,6.2,BR-040/DF,Sul,Atropelamento de pedestre atravessando,0,0,0,1,0,0,0,0,0,0,0,1,0,0,0,040,2018-05-24 09:35:00+00:00,-16.031598243563078,-47.97882464034835
30/05/2018,10:52:00,160,Acidente s,4.5,BR-040/DF,Norte,Outros,1,0,0,0,0,0,0,0,0,0,1,0,0,0,0,040,2018-05-30 13:52:00+00:00,-16.016488213220736,-47.98144083480431
05/06/2018,07:00:00,55,Acidente c,3.85,BR-040/DF,Norte,Queda de Moto,0,0,0,1,0,0,0,0,0,0,1,1,0,0,0,040,2018-06-05 10:00:00+00:00,-16.010730695460808,-47.982616837900764
06/06/2018,09:48:00,280,Acidente s,3.6,BR-040/DF,Sul,Capotamento,1,0,0,0,0,0,0,0,0,0,1,0,0,0,0,040,2018-06-06 12:48:00+00:00,-16.008516933398386,-47.98307272923642
06/06/2018,09:55:00,281,Acidente s,3.6,BR-040/DF,Sul,Queda de Moto,0,0,0,1,0,0,0,0,0,0,1,0,0,0,0,040,2018-06-06 12:55:00+00:00,-16.008516933398386,-47.98307272923642
06/06/2018,09:55:00,290,Acidente s,3.6,BR-040/DF,Sul,Choque com objeto fixo,1,0,0,0,0,0,0,0,0,0,1,0,0,0,0,040,2018-06-06 12:55:00+00:00,-16.008516933398386,-47.98307272923642
07/06/2018,09:29:00,130,Acidente s,7.8,BR-040/DF,Sul,Colisão traseira,3,0,0,2,0,0,0,0,0,0,6,0,0,0,0,040,2018-06-07 12:29:00+00:00,-16.04589752081111,-47.98089170201557
07/06/2018,06:24:00,244,Acidente s,2.8,BR-040/DF,Sul,Colisão traseira,1,0,0,1,0,0,0,0,0,0,2,0,0,0,0,040,2018-06-07 09:24:00+00:00,-16.001439596929313,-47.98451406070111
10/06/2018,01:16:00,101,Acidente s,3.5,BR-040/DF,Norte,Colisão traseira,2,0,0,0,0,0,0,0,0,0,2,0,0,0,0,040,2018-06-10 04:16:00+00:00,-16.007631320840915,-47.98325451231453
10/06/2018,03:24:00,127,Acidente c,1.8,BR-040/DF,Sul,Colisão traseira,2,0,0,0,0,0,0,0,0,0,2,1,0,0,0,040,2018-06-10 06:24:00+00:00,-15.992588808085221,-47.98633017752721
10/06/2018,03:44:00,132,Acidente s,1.5,BR-040/DF,Sul,Colisão traseira,2,0,0,0,0,0,0,0,0,0,5,0,0,0,0,040,2018-06-10 06:44:00+00:00,-15.989932639686035,-47.98687875185026
12/06/2018,05:34:00,264,Acidente s,2.1,BR-040/DF,Sul,Abalroamento longitudinal,1,0,0,1,0,0,0,0,0,0,4,0,0,0,0,040,2018-06-12 08:34:00+00:00,-15.995244590909683,-47.98578930635743
13/06/2018,02:43:00,202,Acidente s,7.8,BR-040/DF,Norte,Abalroamento transversal,2,0,0,0,0,0,0,0,0,0,2,0,0,0,0,040,2018-06-13 05:43:00+00:00,-16.04589752081111,-47.98089170201557
14/06/2018,02:21:00,180,Acidente s,1.218,BR-040/DF,Norte,Choque com objeto fixo,1,0,0,0,0,0,0,0,0,0,1,0,0,0,0,040,2018-06-14 05:21:00+00:00,-15.987435127871624,-47.98739080725443
16/06/2018,12:20:00,3,Acidente s,0.5,BR-040/DF,Norte,Capotamento,1,0,0,0,0,0,0,0,0,0,1,0,0,0,0,040,2018-06-16 15:20:00+00:00,-15.981258998801273,-47.98927117648948
16/06/2018,09:10:00,245,Acidente s,1.2,BR-040/DF,Norte,Choque com objeto fixo,1,0,0,0,0,0,0,0,0,0,1,0,0,0,0,040,2018-06-16 12:10:00+00:00,-15.987275770722288,-47.98742379831673
17/06/2018,09:14:00,178,Acidente s,6.1,BR-040/DF,Norte,Abalroamento transversal,2,0,0,0,0,0,0,0,0,0,3,0,0,0,0,040,2018-06-17 12:14:00+00:00,-16.030695474275564,-47.9788300101082
18/06/2018,01:14:00,5,Acidente c,5.9,BR-040/DF,Sul,Colisão traseira,2,0,0,0,0,0,0,0,0,0,2,0,1,0,0,040,2018-06-18 04:14:00+00:00,-16.02889749266502,-47.97898561658784
23/06/2018,07:18:00,57,Acidente c,2.9,BR-040/DF,Norte,Queda de Moto,0,0,0,1,0,0,0,0,0,0,0,0,0,1,0,040,2018-06-23 10:18:00+00:00,-16.00232379083997,-47.984347565616254
27/06/2018,07:21:00,95,Acidente c,6.1,BR-040/DF,Norte,Queda de Moto,0,0,0,1,0,0,0,0,0,0,1,0,0,0,0,040,2018-06-27 10:21:00+00:00,-16.030695474275564,-47.9788300101082
27/06/2018,08:31:00,112,Acidente c,3.1,BR-040/DF,Norte,Colisão traseira,1,0,0,1,0,0,0,0,0,0,1,1,0,0,0,040,2018-06-27 11:31:00+00:00,-16.004089752213368,-47.98398265573781
28/06/2018,07:14:00,109,Acidente c,5.8,BR-040/DF,Sul,Capotamento,1,0,0,0,0,0,0,0,0,0,0,0,1,0,0,040,2018-06-28 10:14:00+00:00,-16.02800242473236,-47.97909917254604
03/07/2018,02:43:00,62,Acidente s,4.1,BR-040/DF,Sul,Colisão traseira,2,0,0,0,0,0,0,0,0,0,2,0,0,0,0,040,2018-07-03 05:43:00+00:00,-16.012944920774345,-47.98216339245587
03/07/2018,08:14:00,289,Acidente c,1.5,BR-040/DF,Sul,Abalroamento longitudinal,1,0,0,1,0,0,0,0,0,0,4,1,0,0,0,040,2018-07-03 11:14:00+00:00,-15.989932639686035,-47.98687875185026
04/07/2018,01:15:00,178,Acidente c,0.4,BR-040/DF,Norte,Capotamento,1,0,0,0,0,0,0,0,0,0,1,0,1,0,0,040,2018-07-04 04:15:00+00:00,-15.980401391605048,-47.989562707036
04/07/2018,06:02:00,239,Acidente c,3.41,BR-040/DF,Sul,Colisão traseira,1,0,0,1,0,0,0,0,0,0,1,1,0,0,0,040,2018-07-04 09:02:00+00:00,-16.006834188279594,-47.983417672312385
06/07/2018,07:22:00,98,Atropelame,6.5,BR-040/DF,Norte,Atropelamento de ciclista,1,1,0,0,0,0,0,0,0,0,1,0,1,0,0,040,2018-07-06 10:22:00+00:00,-16.034296673630603,-47.97904501336752
06/07/2018,02:17:00,200,Atropelame,4.8,BR-040/DF,Sul,Atropelamento de pedestre atravessando,1,0,0,1,0,0,0,0,0,0,1,0,1,0,0,040,2018-07-06 05:17:00+00:00,-16.019141702254522,-47.980892274949284
06/07/2018,11:40:00,322,Acidente c,3.4,BR-040/DF,Sul,Colisão traseira,3,0,0,0,0,0,0,0,0,0,1,2,0,0,0,040,2018-07-06 14:40:00+00:00,-16.00674531156606,-47.98343412528876
07/07/2018,04:11:00,46,Atropelame,7.8,BR-040/DF,Norte,Atropelamento de pedestre caminhando,0,0,0,0,0,0,0,0,0,0,0,1,0,0,0,040,2018-07-07 07:11:00+00:00,-16.04589752081111,-47.98089170201557
07/07/2018,03:17:00,176,Acidente c,2.9,BR-040/DF,Sul,Colisão traseira,2,0,0,0,0,1,0,0,0,0,3,2,0,0,0,040,2018-07-07 06:17:00+00:00,-16.00232379083997,-47.984347565616254
12/07/2018,02:14:00,201,Acidente c,3.001,BR-040/DF,Norte,Capotamento,1,0,0,0,0,0,0,0,0,0,0,0,0,0,1,040,2018-07-12 05:14:00+00:00,-16.003221317213036,-47.984191964262294
12/07/2018,04:29:00,242,Acidente s,2.5,BR-040/DF,Sul,Colisão traseira,2,0,0,0,0,0,0,0,0,0,2,0,0,0,0,040,2018-07-12 07:29:00+00:00,-15.998786510314467,-47.9850654509188
13/07/2018,01:24:00,32,Acidente s,7.0,BR-040/DF,Norte,Colisão traseira,1,0,1,0,0,0,0,0,0,0,2,0,0,0,0,040,2018-07-13 04:24:00+00:00,-16.038759077568407,-47.97975170558663
13/07/2018,10:08:00,305,Acidente s,3.8,BR-040/DF,Sul,Abalroamento longitudinal,2,0,0,0,0,0,0,0,0,0,2,0,0,0,0,040,2018-07-13 13:08:00+00:00,-16.010287930410097,-47.98270794867232
14/07/2018,08:06:00,40,Acidente s,7.2,BR-040/DF,Norte,Choque com objeto fixo,1,0,0,0,0,0,0,0,0,0,1,0,0,0,0,040,2018-07-14 11:06:00+00:00,-16.040543759517895,-47.98003640645204
16/07/2018,06:30:00,256,Acidente c,2.0,BR-040/DF,Sul,Colisão traseira,1,0,0,1,0,0,0,0,0,0,2,0,0,0,0,040,2018-07-16 09:30:00+00:00,-15.994359414490402,-47.985973302872196
17/07/2018,07:38:00,104,Acidente s,3.0,BR-040/DF,Sul,Capotamento,0,0,0,1,0,1,0,0,0,0,2,0,0,0,0,040,2018-07-17 10:38:00+00:00,-16.00321267156879,-47.98419457410762
20/07/2018,06:57:00,276,Acidente c,4.5,BR-040/DF,Sul,Abalroamento longitudinal,1,0,0,1,0,0,0,0,0,0,1,1,0,0,0,040,2018-07-20 09:57:00+00:00,-16.016488213220736,-47.98144083480431
21/07/2018,08:37:00,59,Acidente c,1.0,BR-040/DF,Norte,Queda de Moto,0,0,0,1,0,0,0,0,0,0,0,1,0,0,0,040,2018-07-21 11:37:00+00:00,-15.985504352691404,-47.98778626672763
26/07/2018,07:51:00,104,Acidente c,6.9,BR-040/DF,Norte,Abalroamento longitudinal,1,0,0,1,0,0,0,0,0,0,1,0,0,0,0,040,2018-07-26 10:51:00+00:00,-16.037866823596413,-47.97960879241375
28/07/2018,12:45:00,5,Acidente s,5.8,BR-040/DF,Norte,Capotamento,1,0,0,0,0,0,0,0,0,0,1,0,0,0,0,040,2018-07-28 15:45:00+00:00,-16.02800242473236,-47.97909917254604
03/08/2018,07:53:00,109,Acidente c,5.9,BR-040/DF,Sul,Colisão traseira,1,0,0,1,0,0,0,0,0,0,1,0,0,1,0,040,2018-08-03 10:53:00+00:00,-16.02889749266502,-47.97898561658784
03/08/2018,09:32:00,347,Acidente s,3.5,BR-040/DF,Sul,Abalroamento longitudinal,1,0,0,1,0,0,0,0,0,0,2,0,0,0,0,040,2018-08-03 12:32:00+00:00,-16.007631320840915,-47.98325451231453
04/08/2018,12:34:00,6,Acidente s,1.9,BR-040/DF,Norte,Choque em barreira New Jersey,1,0,0,0,0,0,0,0,0,0,1,0,0,0,0,040,2018-08-04 15:34:00+00:00,-15.993470778341672,-47.9861313533078
04/08/2018,09:02:00,280,Acidente s,5.6,BR-040/DF,Sul,Colisão traseira,2,0,0,0,0,0,0,0,0,0,2,0,0,0,0,040,2018-08-04 12:02:00+00:00,-16.026229632509633,-47.97945419544009
06/08/2018,07:19:00,100,Acidente s,7.001,BR-040/DF,Norte,Abalroamento longitudinal,1,0,0,0,0,1,0,0,0,0,2,0,0,0,0,040,2018-08-06 10:19:00+00:00,-16.038768012797217,-47.97975304783619
06/08/2018,06:57:00,260,Acidente s,5.5,BR-040/DF,Sul,Abalroamento transversal,1,0,0,1,0,0,0,0,0,0,2,0,0,0,0,040,2018-08-06 09:57:00+00:00,-16.025343468566483,-47.97963307234679
07/08/2018,08:56:00,148,Acidente s,4.0,BR-040/DF,Norte,Queda de Moto,0,0,0,1,0,0,0,0,0,0,1,0,0,0,0,040,2018-08-07 11:56:00+00:00,-16.01205891004947,-47.982343089506806
07/08/2018,06:47:00,314,Acidente s,2.2,BR-040/DF,Sul,Colisão traseira,3,0,0,0,0,0,0,0,0,0,4,0,0,0,0,040,2018-08-07 09:47:00+00:00,-15.99612997186753,-47.9856063357417
08/08/2018,11:52:00,168,Acidente c,6.7,BR-040/DF,Norte,Queda de Moto,0,0,0,1,0,0,0,0,0,0,0,2,0,0,0,040,2018-08-08 14:52:00+00:00,-16.03608120113199,-47.97933047163259
10/08/2018,08:11:00,118,Acidente c,1.0,BR-040/DF,Norte,Abalroamento longitudinal,1,0,0,1,0,0,0,1,0,0,2,0,0,0,0,040,2018-08-10 11:11:00+00:00,-15.985504352691404,-47.98778626672763
10/08/2018,08:27:00,124,Acidente c,4.001,BR-040/DF,Sul,Queda de Moto,0,0,0,1,0,0,0,0,0,0,1,1,0,0,0,040,2018-08-10 11:27:00+00:00,-16.012067772575627,-47.98234130502825
13/08/2018,08:32:00,131,Acidente c,4.7,BR-040/DF,Norte,Abalroamento longitudinal,1,0,0,1,0,0,0,0,0,0,2,1,0,0,0,040,2018-08-13 11:32:00+00:00,-16.018256651264295,-47.981076980894464
13/08/2018,11:57:00,200,Acidente c,5.8,BR-040/DF,Norte,Colisão traseira,1,0,0,1,0,0,0,0,0,0,1,0,0,0,0,040,2018-08-13 14:57:00+00:00,-16.02800242473236,-47.97909917254604
13/08/2018,12:36:00,209,Acidente c,6.3,BR-040/DF,Norte,Colisão traseira,1,0,0,0,1,0,0,0,0,0,1,0,1,0,0,040,2018-08-13 15:36:00+00:00,-16.03250050372421,-47.97885805738806
14/08/2018,05:44:00,88,Acidente c,5.1,BR-040/DF,Norte,Colisão frontal,0,2,0,0,0,0,0,0,0,0,2,0,0,0,0,040,2018-08-14 08:44:00+00:00,-16.021799386502895,-47.98035128738056
15/08/2018,07:31:00,96,Acidente s,2.5,BR-040/DF,Norte,Colisão traseira,3,0,0,0,0,0,0,0,0,0,5,0,0,0,0,040,2018-08-15 10:31:00+00:00,-15.998786510314467,-47.9850654509188
15/08/2018,11:33:00,325,Acidente c,7.0,BR-040/DF,Sul,Queda de Carga,0,0,1,0,0,0,0,0,0,0,16,0,3,0,0,040,2018-08-15 14:33:00+00:00,-16.038759077568407,-47.97975170558663
16/08/2018,06:52:00,319,Acidente c,3.254,BR-040/DF,Norte,Abalroamento longitudinal,1,0,0,1,0,0,0,0,0,0,2,0,0,0,0,040,2018-08-16 09:52:00+00:00,-16.00544970276258,-47.98368500653686
17/08/2018,07:26:00,98,Acidente c,6.6,BR-040/DF,Norte,Abalroamento longitudinal,1,0,0,1,0,0,0,0,0,0,1,0,0,0,0,040,2018-08-17 10:26:00+00:00,-16.035189670141097,-47.979182774820245
19/08/2018,09:55:00,80,Acidente s,6.3,BR-040/DF,Norte,Choque com objeto fixo,1,0,0,0,0,0,0,0,0,0,1,0,0,0,0,040,2018-08-19 12:55:00+00:00,-16.03250050372421,-47.97885805738806
20/08/2018,05:34:00,258,Atropelame,4.8,BR-040/DF,Sul,Atropelamento de pedestre caminhando,0,0,0,1,0,0,0,0,0,0,0,1,0,0,0,040,2018-08-20 08:34:00+00:00,-16.019141702254522,-47.980892274949284
21/08/2018,07:25:00,253,Acidente c,2.4,BR-040/DF,Sul,Colisão traseira,1,0,1,1,0,0,0,0,0,0,2,0,1,0,0,040,2018-08-21 10:25:00+00:00,-15.997905661056247,-47.98526898823757
29/08/2018,08:21:00,89,Acidente s,4.9,BR-040/DF,Norte,Colisão traseira,1,0,0,1,0,0,0,0,0,0,2,0,0,0,0,040,2018-08-29 11:21:00+00:00,-16.020027679506335,-47.98071238763174
29/08/2018,09:16:00,103,Acidente c,3.4,BR-040/DF,Norte,Abalroamento longitudinal,1,0,0,1,0,0,0,0,0,0,2,1,0,0,0,040,2018-08-29 12:16:00+00:00,-16.00674531156606,-47.98343412528876
31/08/2018,05:26:00,218,Acidente c,5.7,BR-040/DF,Sul,Abalroamento transversal,1,0,0,1,0,0,0,0,0,0,1,1,0,0,0,040,2018-08-31 08:26:00+00:00,-16.027115181158486,-47.9792721455203
01/09/2018,09:14:00,64,Atropelame,8.1,BR-040/DF,Sul,Atropelamento de pedestre atravessando,1,0,0,0,0,0,0,0,0,0,1,0,1,0,0,040,2018-09-01 12:14:00+00:00,-16.048574876122156,-47.98131638357745
02/09/2018,06:06:00,24,Atropelame,1.8,BR-040/DF,Sul,Atropelamento de pedestre atravessando,2,0,0,0,0,0,0,0,0,0,2,1,0,0,0,040,2018-09-02 09:06:00+00:00,-15.992588808085221,-47.98633017752721
07/09/2018,03:12:00,177,Acidente c,4.0,BR-040/DF,Sul,Capotamento,1,0,0,0,0,0,0,0,0,0,4,0,0,0,0,040,2018-09-07 06:12:00+00:00,-16.01205891004947,-47.982343089506806
07/09/2018,10:42:00,302,Acidente c,4.0,BR-040/DF,Sul,Capotamento,1,0,0,0,0,0,0,0,0,0,0,0,0,1,0,040,2018-09-07 13:42:00+00:00,-16.01205891004947,-47.982343089506806
11/09/2018,07:13:00,241,Acidente s,2.8,BR-040/DF,Sul,Colisão traseira,3,0,0,0,0,0,0,0,0,0,3,0,0,0,0,040,2018-09-11 10:13:00+00:00,-16.001439596929313,-47.98451406070111
14/09/2018,07:05:00,79,Acidente c,3.6,BR-040/DF,Norte,Colisão traseira,2,0,0,3,0,0,0,0,0,0,4,0,0,0,0,040,2018-09-14 10:05:00+00:00,-16.008516933398386,-47.98307272923642
15/09/2018,11:56:00,119,Acidente s,6.0,BR-040/DF,Sul,Colisão traseira,1,0,1,0,0,0,0,0,0,0,5,0,0,0,0,040,2018-09-15 14:56:00+00:00,-16.02979392665731,-47.97887991205666
15/09/2018,03:02:00,166,Acidente s,7.0,BR-040/DF,Sul,Queda de Carga,0,0,1,0,0,0,0,0,0,0,1,0,0,0,0,040,2018-09-15 06:02:00+00:00,-16.038759077568407,-47.97975170558663
16/09/2018,10:57:00,276,Acidente s,3.2,BR-040/DF,Sul,Capotamento,1,0,0,0,0,0,0,0,0,0,1,0,0,0,0,040,2018-09-16 13:57:00+00:00,-16.004970432301306,-47.983777564631566
21/09/2018,08:19:00,95,Acidente s,3.9,BR-040/DF,Norte,Colisão traseira,3,0,0,1,0,0,0,0,0,0,5,0,0,0,0,040,2018-09-21 11:19:00+00:00,-16.011173238448922,-47.98252457385157
22/09/2018,02:04:00,152,Acidente c,3.0,BR-040/DF,Norte,Capotamento,1,0,0,0,0,0,0,0,0,0,0,0,0,0,0,040,2018-09-22 05:04:00+00:00,-16.00321267156879,-47.98419457410762
28/09/2018,09:15:00,140,Acidente c,8.15,BR-040/DF,Norte,Colisão traseira,1,0,1,0,0,0,0,0,0,0,1,1,0,0,0,040,2018-09-28 12:15:00+00:00,-16.049020433068186,-47.9813912403252
01/10/2018,06:38:00,55,Acidente c,6.3,BR-040/DF,Norte,Abalroamento longitudinal,1,0,0,1,0,0,0,0,0,0,1,0,0,0,0,040,2018-10-01 09:38:00+00:00,-16.03250050372421,-47.97885805738806
03/10/2018,06:40:00,81,Acidente c,5.7,BR-040/DF,Norte,Colisão traseira,0,0,0,3,0,0,0,0,0,0,3,1,0,0,0,040,2018-10-03 09:40:00+00:00,-16.027115181158486,-47.9792721455203
05/10/2018,03:30:00,60,Acidente s,6.4,BR-040/DF,Sul,Colisão traseira,2,0,0,0,0,0,0,0,0,0,2,0,0,0,0,040,2018-10-05 06:30:00+00:00,-16.03340046349643,-47.978932034439126