data,horario,n_da_ocorrencia,tipo_de_ocorrencia,km,trecho,sentido,tipo_de_acidente,automovel,bicicleta,caminhao,moto,onibus,outros,tracao_animal,transporte_de_cargas_especiais,trator_maquinas,utilitarios,ilesos,levemente_feridos,moderadamente_feridos,gravemente_feridos,mortos,vl_br,timestamp_utc,latitude_acidente,longitude_acidente
11/10/2018,06:55:00,90,Acidente c,0.5,BR-040/DF,Norte,Abalroamento longitudinal,0,0,0,2,0,0,0,0,0,0,2,0,0,0,0,040,2018-10-11 09:55:00+00:00,-15.981258998801273,-47.98927117648948
16/10/2018,12:49:00,5,Acidente s,4.1,BR-040/DF,Norte,Colisão traseira,2,0,0,0,0,0,0,0,0,0,4,0,0,0,0,040,2018-10-16 15:49:00+00:00,-16.012944920774345,-47.98216339245587
16/10/2018,08:07:00,124,Acidente c,2.7,BR-040/DF,Norte,Abalroamento longitudinal,0,0,0,2,0,0,0,0,0,0,1,1,0,0,0,040,2018-10-16 11:07:00+00:00,-16.00055656037991,-47.98470670915244
23/10/2018,09:47:00,144,Acidente c,8.2,BR-040/DF,Norte,Abalroamento longitudinal,1,0,0,1,0,0,0,0,0,0,3,1,0,0,0,040,2018-10-23 12:47:00+00:00,-16.049465699683573,-47.981453167995376
24/10/2018,09:18:00,136,Acidente s,1.5,BR-040/DF,Norte,Colisão traseira,3,0,0,0,0,0,0,0,0,0,3,0,0,0,0,040,2018-10-24 12:18:00+00:00,-15.989932639686035,-47.98687875185026
24/10/2018,02:23:00,200,Acidente s,5.0,BR-040/DF,Sul,Abalroamento longitudinal,2,0,0,0,0,0,0,0,0,0,2,0,0,0,0,040,2018-10-24 05:23:00+00:00,-16.020913658324112,-47.980532491069454
25/10/2018,07:41:00,118,Acidente c,6.2,BR-040/DF,Norte,Colisão traseira,0,0,0,1,0,0,0,0,0,0,0,1,0,0,0,040,2018-10-25 10:41:00+00:00,-16.031598243563078,-47.97882464034835
25/10/2018,06:48:00,307,Acidente c,2.3,BR-040/DF,Sul,Colisão traseira,1,0,0,1,0,0,0,0,0,0,2,0,1,0,0,040,2018-10-25 09:48:00+00:00,-15.997019849427009,-47.98544946905459
02/11/2018,09:27:00,265,Acidente s,4.0,BR-040/DF,Norte,Choque com objeto fixo,1,0,0,0,0,0,0,0,0,0,1,0,0,0,0,040,2018-11-02 12:27:00+00:00,-16.01205891004947,-47.982343089506806
03/11/2018,05:03:00,211,Acidente s,3.7,BR-040/DF,Sul,Choque com objeto fixo,1,0,0,0,0,1,0,0,0,0,2,0,0,0,0,040,2018-11-03 08:03:00+00:00,-16.009402495610235,-47.98289067763329
06/11/2018,06:49:00,273,Acidente s,0.5,BR-040/DF,Sul,Abalroamento longitudinal,1,0,0,1,0,0,0,0,0,0,2,0,0,0,0,040,2018-11-06 08:49:00+00:00,-15.981258998801273,-47.98927117648948
08/11/2018,05:46:00,81,Acidente c,3.5,BR-040/DF,Norte,Colisão traseira,2,0,0,0,0,0,0,0,0,0,2,1,0,0,0,040,2018-11-08 07:46:00+00:00,-16.007631320840915,-47.98325451231453
08/11/2018,06:56:00,92,Acidente c,2.2,BR-040/DF,Norte,Colisão traseira,1,0,0,1,0,0,0,0,0,0,1,1,0,0,0,040,2018-11-08 08:56:00+00:00,-15.99612997186753,-47.9856063357417
20/11/2018,06:49:00,86,Acidente c,2.4,BR-040/DF,Norte,Queda de Moto,0,0,0,1,0,0,0,0,0,0,0,0,1,0,0,040,2018-11-20 08:49:00+00:00,-15.997905661056247,-47.98526898823757
21/11/2018,05:38:00,268,Atropelame,0.15,BR-040/DF,Sul,Atropelamento de ciclista,1,1,0,0,0,0,0,0,0,0,1,1,0,0,0,040,2018-11-21 07:38:00+00:00,-15.978194684080533,-47.99004843771673
23/11/2018,07:24:00,125,Acidente c,2.7,BR-040/DF,Norte,Abalroamento longitudinal,1,0,0,1,0,0,0,0,0,0,1,1,0,0,0,040,2018-11-23 09:24:00+00:00,-16.00055656037991,-47.98470670915244
25/11/2018,01:35:00,12,Acidente c,1.5,BR-040/DF,Sul,Colisão traseira,2,0,0,0,0,0,0,0,0,0,1,1,0,0,0,040,2018-11-25 03:35:00+00:00,-15.989932639686035,-47.98687875185026
28/11/2018,06:13:00,86,Acidente c,6.1,BR-040/DF,Norte,Abalroamento longitudinal,1,0,0,1,0,0,0,0,0,0,1,1,0,0,0,040,2018-11-28 08:13:00+00:00,-16.030695474275564,-47.9788300101082
30/11/2018,04:18:00,68,Acidente s,1.9,BR-040/DF,Sul,Choque com objeto fixo,1,0,0,0,0,0,0,0,0,0,1,0,0,0,0,040,2018-11-30 06:18:00+00:00,-15.993470778341672,-47.9861313533078
01/12/2018,02:22:00,187,Acidente c,5.4,BR-040/DF,Norte,Colisão traseira,3,0,0,0,0,0,0,0,0,0,3,0,0,0,0,040,2018-12-01 04:22:00+00:00,-16.024456635920256,-47.97980807581175
07/12/2018,07:48:00,131,Acidente c,6.1,BR-040/DF,Norte,Abalroamento transversal,1,0,0,1,0,0,0,0,0,0,1,0,0,0,0,040,2018-12-07 09:48:00+00:00,-16.030695474275564,-47.9788300101082
08/12/2018,06:12:00,246,Acidente s,8.1,BR-040/DF,Sul,Colisão traseira,2,0,0,0,0,0,0,0,0,0,2,0,0,0,0,040,2018-12-08 08:12:00+00:00,-16.048574876122156,-47.98131638357745
11/12/2018,05:57:00,86,Acidente c,5.252,BR-040/DF,Sul,Abalroamento longitudinal,1,0,0,1,0,0,0,0,0,0,1,1,0,0,0,040,2018-12-11 07:57:00+00:00,-16.02314628471467,-47.98007897099921
15/12/2018,12:21:00,2,Acidente s,2.4,BR-040/DF,Sul,Choque com objeto fixo,1,0,0,0,0,0,0,0,0,0,1,0,0,0,0,040,2018-12-15 14:21:00+00:00,-15.997905661056247,-47.98526898823757
15/12/2018,06:50:00,233,Acidente s,5.277,BR-040/DF,Sul,Colisão traseira,4,0,0,0,0,0,0,0,0,0,8,0,0,0,0,040,2018-12-15 08:50:00+00:00,-16.0233676478162,-47.98003331017207
15/12/2018,08:23:00,258,Acidente s,1.1,BR-040/DF,Sul,Colisão traseira,1,0,0,0,0,1,0,0,0,0,2,0,0,0,0,040,2018-12-15 10:23:00+00:00,-15.986389775084268,-47.98760354456679
16/12/2018,06:00:00,236,Acidente c,6.657,BR-040/DF,Norte,Abalroamento longitudinal,1,0,0,1,0,0,0,0,0,0,2,1,0,0,0,040,2018-12-16 08:00:00+00:00,-16.035697946082493,-47.97926629784539
21/12/2018,11:25:00,477,Acidente c,4.1,BR-040/DF,Sul,Colisão traseira,2,0,0,0,0,0,0,0,0,0,2,0,3,0,0,040,2018-12-21 13:25:00+00:00,-16.012944920774345,-47.98216339245587
22/12/2018,07:25:00,342,Acidente s,5.1,BR-040/DF,Sul,Colisão traseira,2,0,0,0,0,0,0,0,0,0,2,0,0,0,0,040,2018-12-22 09:25:00+00:00,-16.021799386502895,-47.98035128738056
22/12/2018,10:46:00,385,Acidente s,7.1,BR-040/DF,Norte,Abalroamento longitudinal,1,0,0,0,1,0,0,0,0,0,3,0,0,0,0,040,2018-12-22 12:46:00+00:00,-16.039651319001248,-47.9798947053415
30/12/2018,07:02:00,51,Atropelame,0.8,BR-040/DF,Norte,Atropelamento de ciclista,0,1,0,1,0,0,0,0,0,0,1,1,0,0,0,040,2018-12-30 09:02:00+00:00,-15.983739998009424,-47.98818059885455
01/01/2019,07:03:00,31,Acidente s,5.2,BR-040/DF,Sul,Abalroamento transversal,2,0,0,0,0,0,0,0,0,0,2,0,0,0,0,040,2019-01-01 09:03:00+00:00,-16.022685500982586,-47.980172122616
11/01/2019,01:57:00,9,Acidente s,2.03,BR-040/DF,Sul,Colisão traseira,2,0,0,0,0,0,0,0,0,0,3,0,0,0,0,040,2019-01-11 03:57:00+00:00,-15.99462517636884,-47.98591918135793
11/01/2019,10:18:00,176,Acidente s,8.2,BR-040/DF,Norte,Colisão traseira,1,0,1,0,0,0,0,0,0,0,2,0,0,0,0,040,2019-01-11 12:18:00+00:00,-16.049465699683573,-47.981453167995376
12/01/2019,07:24:00,64,Acidente c,5.9,BR-040/DF,Sul,Colisão traseira,1,0,0,1,0,0,0,0,0,0,1,1,0,0,0,040,2019-01-12 09:24:00+00:00,-16.02889749266502,-47.97898561658784
14/01/2019,05:01:00,269,Acidente c,2.1,BR-040/DF,Norte,Choque com objeto fixo,1,0,0,0,0,0,0,0,0,0,0,1,0,0,0,040,2019-01-14 07:01:00+00:00,-15.995244590909683,-47.98578930635743
14/01/2019,07:08:00,302,Acidente s,2.1,BR-040/DF,Sul,Colisão traseira,3,0,0,0,0,0,0,0,0,0,3,0,0,0,0,040,2019-01-14 09:08:00+00:00,-15.995244590909683,-47.98578930635743
14/01/2019,09:00:00,341,Acidente s,1.1,BR-040/DF,Norte,Colisão traseira,2,0,0,0,0,0,0,0,0,0,2,0,0,0,0,040,2019-01-14 11:00:00+00:00,-15.986389775084268,-47.98760354456679
16/01/2019,06:48:00,89,Acidente c,3.152,BR-040/DF,Norte,Abalroamento longitudinal,1,0,0,1,0,0,0,0,0,0,1,1,0,0,0,040,2019-01-16 08:48:00+00:00,-16.004547883427588,-47.98387690641672
16/01/2019,05:08:00,236,Acidente s,6.521,BR-040/DF,Norte,Colisão traseira,1,0,1,0,0,0,0,0,0,0,2,0,0,0,0,040,2019-01-16 07:08:00+00:00,-16.034484467325615,-47.97907208101506
16/01/2019,06:53:00,275,Acidente s,1.7,BR-040/DF,Sul,Colisão traseira,2,0,0,0,0,0,0,0,0,0,2,0,0,0,0,040,2019-01-16 08:53:00+00:00,-15.991704104050324,-47.98651648045805
18/01/2019,06:50:00,321,Acidente c,1.8,BR-040/DF,Sul,Abalroamento transversal,1,0,0,1,0,0,0,0,0,0,1,0,1,0,0,040,2019-01-18 08:50:00+00:00,-15.992588808085221,-47.98633017752721
20/01/2019,08:37:00,47,Acidente c,2.1,BR-040/DF,Sul,Abalroamento longitudinal,1,0,0,1,0,0,0,0,0,0,1,2,0,0,0,040,2019-01-20 10:37:00+00:00,-15.995244590909683,-47.98578930635743
26/01/2019,08:40:00,246,Acidente s,0.2,BR-040/DF,Sul,Colisão traseira,2,0,0,0,0,0,0,0,0,0,2,0,0,0,0,040,2019-01-26 10:40:00+00:00,-15.97863703805657,-47.989955296137616
28/01/2019,05:48:00,87,Acidente s,2.6,BR-040/DF,Sul,Colisão traseira,2,0,1,0,0,0,0,0,0,0,3,0,0,0,0,040,2019-01-28 07:48:00+00:00,-15.99967585339181,-47.98490997338192
28/01/2019,06:31:00,89,Acidente s,5.454,BR-040/DF,Norte,Colisão traseira,2,0,0,1,0,0,0,0,0,0,3,0,0,0,0,040,2019-01-28 08:31:00+00:00,-16.0249350653021,-47.979710934910415
30/01/2019,03:42:00,248,Acidente s,5.1,BR-040/DF,Norte,Abalroamento longitudinal,2,0,0,0,0,0,0,0,0,0,2,0,0,0,0,040,2019-01-30 05:42:00+00:00,-16.021799386502895,-47.98035128738056
04/02/2019,06:57:00,310,Acidente s,2.7,BR-040/DF,Sul,Colisão frontal,2,0,0,0,0,0,0,0,0,0,2,0,0,0,0,040,2019-02-04 08:57:00+00:00,-16.00055656037991,-47.98470670915244
05/02/2019,07:12:00,110,Acidente s,3.401,BR-040/DF,Norte,Abalroamento longitudinal,2,0,0,1,0,0,0,0,0,0,3,0,0,0,0,040,2019-02-05 09:12:00+00:00,-16.006754199237385,-47.98343247999147
05/02/2019,12:51:00,201,Acidente s,7.1,BR-040/DF,Norte,Colisão traseira,1,0,0,1,0,0,0,0,0,0,2,0,0,0,0,040,2019-02-05 14:51:00+00:00,-16.039651319001248,-47.9798947053415
05/02/2019,06:14:00,276,Acidente s,7.8,BR-040/DF,Sul,Colisão traseira,3,0,0,0,0,0,0,0,0,0,3,0,0,0,0,040,2019-02-05 08:14:00+00:00,-16.04589752081111,-47.98089170201557
06/02/2019,06:21:00,73,Acidente c,3.367,BR-040/DF,Norte,Colisão traseira,1,0,0,1,0,0,0,0,0,0,2,0,0,0,0,040,2019-02-06 08:21:00+00:00,-16.00645157820265,-47.983485789290484
06/02/2019,08:37:00,113,Acidente c,3.143,BR-040/DF,Norte,Queda de Moto,0,0,0,1,0,0,0,0,0,0,1,1,0,0,0,040,2019-02-06 10:37:00+00:00,-16.00446918742576,-47.983897848872765
06/02/2019,06:50:00,250,Acidente c,3.2,BR-040/DF,Sul,Colisão traseira,0,0,0,2,0,0,0,0,0,0,1,1,0,0,0,040,2019-02-06 08:50:00+00:00,-16.004970432301306,-47.983777564631566
07/02/2019,08:27:00,348,Acidente c,1.26,BR-040/DF,Sul,Atropelamento de animal,0,0,0,1,0,0,0,0,0,0,0,2,0,0,0,040,2019-02-07 10:27:00+00:00,-15.987807297290402,-47.987315601155125
11/02/2019,01:12:00,232,Acidente c,5.5,BR-040/DF,Norte,Colisão traseira,2,0,0,0,0,0,0,0,0,0,5,0,1,0,0,040,2019-02-11 03:12:00+00:00,-16.025343468566483,-47.97963307234679
12/02/2019,07:45:00,110,Acidente s,4.3,BR-040/DF,Norte,Abalroamento longitudinal,1,0,0,1,0,0,0,0,0,0,3,0,0,0,0,040,2019-02-12 09:45:00+00:00,-16.014716352935057,-47.98180092115799
14/02/2019,09:04:00,166,Acidente c,1.6,BR-040/DF,Norte,Colisão traseira,0,0,0,2,0,0,0,0,0,0,1,1,0,0,0,040,2019-02-14 11:04:00+00:00,-15.990818106867216,-47.98669622660105
16/02/2019,02:13:00,202,Acidente s,0.05,BR-040/DF,Sul,Queda de Carga,0,0,1,0,0,0,0,0,0,0,1,0,0,0,0,040,2019-02-16 04:13:00+00:00,-15.977310678260844,-47.990238208104266
17/02/2019,03:45:00,25,Acidente s,3.3,BR-040/DF,Sul,Colisão traseira,1,0,0,0,0,0,0,0,0,0,1,0,0,0,0,040,2019-02-17 06:45:00+00:00,-16.00585722531901,-47.983602171525455
26/02/2019,06:03:00,76,Acidente s,3.729,BR-040/DF,Norte,Abalroamento longitudinal,1,0,0,0,1,0,0,0,0,0,17,0,0,0,0,040,2019-02-26 09:03:00+00:00,-16.009659192912373,-47.98283727953285
28/02/2019,06:47:00,113,Acidente c,0.05,BR-040/DF,Norte,Colisão traseira,1,0,0,1,0,0,0,0,0,0,1,1,0,0,0,040,2019-02-28 09:47:00+00:00,-15.977310678260844,-47.990238208104266
01/03/2019,06:38:00,101,Acidente c,5.055,BR-040/DF,Norte,Colisão traseira,1,0,0,1,0,0,0,0,0,0,2,1,0,0,0,040,2019-03-01 09:38:00+00:00,-16.021400820135806,-47.98043288977791
01/03/2019,04:21:00,265,Acidente c,6.211,BR-040/DF,Sul,Colisão traseira,1,0,0,1,0,0,0,0,0,0,1,0,1,0,0,040,2019-03-01 07:21:00+00:00,-16.031697547470493,-47.97882645159291
07/03/2019,09:42:00,172,Acidente c,7.9,BR-040/DF,Norte,Choque com objeto fixo,1,0,0,0,0,0,0,0,0,0,2,1,0,0,0,040,2019-03-07 12:42:00+00:00,-16.04678973148939,-47.98103491661812
09/03/2019,08:35:00,219,Acidente s,8.1,BR-040/DF,Sul,Colisão traseira,3,0,0,0,0,0,0,0,0,0,3,0,0,0,0,040,2019-03-09 11:35:00+00:00,-16.048574876122156,-47.98131638357745
11/03/2019,05:48:00,100,Acidente c,6.5,BR-040/DF,Norte,Colisão traseira,1,0,0,1,0,0,0,0,0,0,0,0,0,0,0,040,2019-03-11 08:48:00+00:00,-16.034296673630603,-47.97904501336752
13/03/2019,06:34:00,271,Acidente s,5.5,BR-040/DF,Sul,Colisão traseira,2,0,0,0,0,0,0,0,0,0,2,0,0,0,0,040,2019-03-13 09:34:00+00:00,-16.025343468566483,-47.97963307234679
14/03/2019,06:59:00,313,Acidente s,7.34,BR-040/DF,Sul,Colisão traseira,1,0,0,1,0,0,0,0,0,0,2,0,0,0,0,040,2019-03-14 09:59:00+00:00,-16.041793191738602,-47.98023452170385
15/03/2019,02:42:00,258,Acidente s,6.5,BR-040/DF,Norte,Colisão traseira,2,0,0,0,0,0,0,0,0,0,2,0,0,0,0,040,2019-03-15 05:42:00+00:00,-16.034296673630603,-47.97904501336752
15/03/2019,05:04:00,317,Acidente s,4.1,BR-040/DF,Norte,Abalroamento longitudinal,1,0,1,0,0,0,0,0,0,0,2,0,0,0,0,040,2019-03-15 08:04:00+00:00,-16.012944920774345,-47.98216339245587
16/03/2019,12:40:00,119,Acidente c,3.4,BR-040/DF,Sul,Queda de Moto,0,0,0,1,0,0,0,0,0,0,0,1,0,0,0,040,2019-03-16 15:40:00+00:00,-16.00674531156606,-47.98343412528876
16/03/2019,09:27:00,263,Acidente c,6.8,BR-040/DF,Sul,Abalroamento longitudinal,0,0,0,2,0,0,0,0,0,0,1,1,0,0,0,040,2019-03-16 12:27:00+00:00,-16.036973905924885,-47.97947034300178
18/03/2019,06:39:00,100,Acidente s,5.1,BR-040/DF,Sul,Queda de Moto,0,0,0,1,0,0,0,0,0,0,1,0,0,0,0,040,2019-03-18 09:39:00+00:00,-16.021799386502895,-47.98035128738056
18/03/2019,07:29:00,114,Acidente c,5.1,BR-040/DF,Norte,Colisão traseira,1,0,0,1,0,0,0,0,0,0,1,2,0,0,0,040,2019-03-18 10:29:00+00:00,-16.021799386502895,-47.98035128738056
18/03/2019,01:08:00,196,Acidente c,5.001,BR-040/DF,Sul,Abalroamento transversal,1,0,0,1,0,0,0,0,0,0,2,1,0,0,0,040,2019-03-18 04:08:00+00:00,-16.020922524249986,-47.98053072461637
18/03/2019,07:32:00,308,Acidente c,2.9,BR-040/DF,Sul,Colisão traseira,2,0,0,1,0,0,0,0,0,0,2,0,0,0,0,040,2019-03-18 10:32:00+00:00,-16.00232379083997,-47.984347565616254
19/03/2019,03:04:00,314,Acidente c,0.3,BR-040/DF,Sul,Queda de Moto,0,0,0,1,0,0,0,0,0,0,0,1,0,0,0,040,2019-03-19 06:04:00+00:00,-15.97952436803145,-47.9897831292533
20/03/2019,05:55:00,94,Acidente s,5.2,BR-040/DF,Norte,Abalroamento longitudinal,1,0,1,0,0,0,0,0,0,0,2,0,0,0,0,040,2019-03-20 08:55:00+00:00,-16.022685500982586,-47.980172122616
21/03/2019,07:51:00,314,Acidente s,6.3,BR-040/DF,Sul,Colisão traseira,1,0,0,2,0,0,0,0,0,0,3,0,0,0,0,040,2019-03-21 10:51:00+00:00,-16.03250050372421,-47.97885805738806
23/03/2019,12:33:00,201,Acidente s,5.1,BR-040/DF,Sul,Colisão traseira,2,0,0,0,0,0,0,0,0,0,2,0,0,0,0,040,2019-03-23 15:33:00+00:00,-16.021799386502895,-47.98035128738056
26/03/2019,11:59:00,180,Acidente s,3.964,BR-040/DF,Norte,,1,0,0,0,0,0,0,0,0,0,1,0,0,0,0,040,2019-03-26 14:59:00+00:00,-16.011739878643485,-47.98240743209679
29/03/2019,08:06:00,310,Acidente c,1.8,BR-040/DF,Sul,Colisão traseira,3,0,0,0,0,0,0,0,0,0,6,1,0,0,0,040,2019-03-29 11:06:00+00:00,-15.992588808085221,-47.98633017752721
31/03/2019,07:07:00,62,Acidente s,1.5,BR-040/DF,Norte,Choque com objeto fixo,1,0,0,0,0,0,0,0,0,0,2,0,0,0,0,040,2019-03-31 10:07:00+00:00,-15.989932639686035,-47.98687875185026
01/04/2019,06:46:00,118,Acidente s,4.1,BR-040/DF,Norte,Abalroamento longitudinal,2,0,0,1,0,0,0,0,0,0,4,0,0,0,0,040,2019-04-01 09:46:00+00:00,-16.012944920774345,-47.98216339245587
01/04/2019,07:43:00,145,Acidente s,3.1,BR-040/DF,Norte,Colisão traseira,3,0,0,0,0,0,0,0,0,0,3,0,0,0,0,040,2019-04-01 10:43:00+00:00,-16.004089752213368,-47.98398265573781
02/04/2019,05:47:00,242,Acidente c,0.3,BR-040/DF,Norte,Choque com objeto fixo,1,0,0,0,0,0,0,0,0,0,0,1,0,0,0,040,2019-04-02 08:47:00+00:00,-15.97952436803145,-47.9897831292533
03/04/2019,08:10:00,143,Acidente s,3.3,BR-040/DF,Norte,Capotamento,1,0,0,0,0,0,0,0,0,0,1,0,0,0,0,040,2019-04-03 11:10:00+00:00,-16.00585722531901,-47.983602171525455
03/04/2019,08:54:00,163,Acidente s,3.1,BR-040/DF,Sul,Colisão traseira,2,0,0,0,0,0,0,0,0,0,2,0,0,0,0,040,2019-04-03 11:54:00+00:00,-16.004089752213368,-47.98398265573781
04/04/2019,06:47:00,96,Acidente s,5.5,BR-040/DF,Norte,Abalroamento longitudinal,1,0,1,0,0,0,0,0,0,0,2,0,0,0,0,040,2019-04-04 09:47:00+00:00,-16.025343468566483,-47.97963307234679
08/04/2019,06:44:00,362,Acidente c,3.1,BR-040/DF,Sul,Colisão traseira,1,0,0,1,0,0,0,0,0,0,2,1,0,0,0,040,2019-04-08 09:44:00+00:00,-16.004089752213368,-47.98398265573781
09/04/2019,07:14:00,402,Acidente s,1.1,BR-040/DF,Sul,Colisão traseira,2,0,0,0,0,0,0,0,0,0,2,0,0,0,0,040,2019-04-09 10:14:00+00:00,-15.986389775084268,-47.98760354456679
12/04/2019,07:52:00,151,Acidente c,3.5,BR-040/DF,Sul,Abalroamento transversal,1,0,0,1,0,0,0,0,0,0,2,1,0,0,0,040,2019-04-12 10:52:00+00:00,-16.007631320840915,-47.98325451231453
13/04/2019,02:51:00,204,Acidente c,6.3,BR-040/DF,Norte,Colisão traseira,3,0,0,0,0,0,0,0,0,0,5,1,0,0,0,040,2019-04-13 05:51:00+00:00,-16.03250050372421,-47.97885805738806
13/04/2019,03:40:00,217,Acidente s,1.4,BR-040/DF,Sul,Queda de Carga,0,0,1,0,0,0,0,0,0,0,1,0,0,0,0,040,2019-04-13 06:40:00+00:00,-15.989046875353338,-47.98705972176622
15/04/2019,03:13:00,246,Acidente c,6.1,BR-040/DF,Norte,Abalroamento transversal,2,0,0,0,0,0,0,0,0,0,1,2,0,0,0,040,2019-04-15 06:13:00+00:00,-16.030695474275564,-47.9788300101082
16/04/2019,07:54:00,363,Atropelame,5.15,BR-040/DF,Sul,Atropelamento de ciclista,1,1,0,0,0,0,0,0,0,0,2,0,1,0,0,040,2019-04-16 10:54:00+00:00,-16.022242230731006,-47.980260580468226
17/04/2019,07:39:00,147,Acidente c,3.5,BR-040/DF,Norte,Colisão traseira,1,0,0,1,0,0,0,0,0,0,1,0,1,0,0,040,2019-04-17 10:39:00+00:00,-16.007631320840915,-47.98325451231453
17/04/2019,08:41:00,397,Acidente s,5.1,BR-040/DF,Sul,Queda de Moto,0,0,0,1,0,0,0,0,0,0,1,0,0,0,0,040,2019-04-17 11:41:00+00:00,-16.021799386502895,-47.98035128738056
17/04/2019,08:58:00,398,Acidente s,2.9,BR-040/DF,Sul,Colisão traseira,4,0,0,0,0,0,0,0,0,0,4,0,0,0,0,040,2019-04-17 11:58:00+00:00,-16.00232379083997,-47.984347565616254
22/04/2019,07:46:00,131,Acidente s,6.1,BR-040/DF,Norte,Abalroamento longitudinal,0,0,0,2,0,0,0,0,0,0,2,0,0,0,0,040,2019-04-22 10:46:00+00:00,-16.030695474275564,-47.9788300101082
23/04/2019,06:28:00,119,Acidente s,5.5,BR-040/DF,Norte,Outros,2,0,0,0,0,0,0,0,0,0,5,0,0,0,0,040,2019-04-23 09:28:00+00:00,-16.025343468566483,-47.97963307234679
25/04/2019,09:07:00,387,Acidente c,4.1,BR-040/DF,Sul,Colisão traseira,2,0,0,0,0,0,0,0,0,0,4,1,0,0,0,040,2019-04-25 12:07:00+00:00,-16.012944920774345,-47.98216339245587
26/04/2019,07:19:00,136,Acidente s,4.9,BR-040/DF,Norte,Capotamento,1,0,0,0,0,0,0,0,0,0,1,0,0,0,0,040,2019-04-26 10:19:00+00:00,-16.020027679506335,-47.98071238763174
28/04/2019,10:18:00,114,Acidente c,3.1,BR-040/DF,Sul,Choque com objeto fixo,1,0,0,0,0,0,0,0,0,0,2,1,0,0,0,040,2019-04-28 13:18:00+00:00,-16.004089752213368,-47.98398265573781
05/05/2019,01:35:00,106,Acidente c,3.1,BR-040/DF,Norte,Queda de Moto,0,0,0,1,0,0,0,0,0,0,0,0,0,0,0,040,2019-05-05 04:35:00+00:00,-16.004089752213368,-47.98398265573781
07/05/2019,06:50:00,294,Acidente c,3.2,BR-040/DF,Sul,Abalroamento longitudinal,1,0,0,1,0,0,0,0,0,0,3,1,0,0,0,040,2019-05-07 09:50:00+00:00,-16.004970432301306,-47.983777564631566
07/05/2019,08:24:00,317,Acidente c,6.1,BR-040/DF,Sul,Abalroamento longitudinal,0,0,0,1,0,0,0,0,0,0,0,1,0,0,0,040,2019-05-07 11:24:00+00:00,-16.030695474275564,-47.9788300101082
10/05/2019,11:35:00,183,Acidente c,2.6,BR-040/DF,Sul,Abalroamento longitudinal,1,0,0,1,0,0,0,0,0,0,1,0,0,0,0,040,2019-05-10 14:35:00+00:00,-15.99967585339181,-47.98490997338192
14/05/2019,10:14:00,193,Atropelame,2.1,BR-040/DF,Sul,Atropelamento de ciclista,1,0,0,0,0,0,0,0,0,0,1,0,1,0,0,040,2019-05-14 13:14:00+00:00,-15.995244590909683,-47.98578930635743
14/05/2019,01:57:00,245,Atropelame,2.3,BR-040/DF,Sul,Atropelamento de pedestre atravessando,0,0,0,1,0,0,0,0,0,0,1,1,1,0,0,040,2019-05-14 04:57:00+00:00,-15.997019849427009,-47.98544946905459
15/05/2019,10:19:00,180,Acidente c,0.05,BR-040/DF,Norte,Queda de Moto,0,0,0,0,0,0,0,0,0,0,0,1,0,0,0,040,2019-05-15 13:19:00+00:00,-15.977310678260844,-47.990238208104266
15/05/2019,01:34:00,222,Acidente s,5.9,BR-040/DF,Sul,Colisão traseira,2,0,0,0,0,0,0,0,0,0,3,0,0,0,0,040,2019-05-15 04:34:00+00:00,-16.02889749266502,-47.97898561658784
16/05/2019,11:12:00,210,Acidente c,5.1,BR-040/DF,Sul,Colisão traseira,1,0,0,1,0,0,0,0,0,0,2,0,0,0,0,040,2019-05-16 14:12:00+00:00,-16.021799386502895,-47.98035128738056
19/05/2019,07:57:00,229,Acidente s,1.5,BR-040/DF,Norte,Queda de Moto,0,0,0,1,0,0,0,0,0,0,1,0,0,0,0,040,2019-05-19 10:57:00+00:00,-15.989932639686035,-47.98687875185026
23/05/2019,06:50:00,112,Atropelame,4.1,BR-040/DF,Norte,Atropelamento de pedestre atravessando,0,0,0,1,0,0,0,0,0,0,0,1,1,0,0,040,2019-05-23 09:50:00+00:00,-16.012944920774345,-47.98216339245587
24/05/2019,07:20:00,103,Acidente c,5.1,BR-040/DF,Norte,Abalroamento longitudinal,2,0,0,2,0,0,0,0,0,0,4,0,1,0,0,040,2019-05-24 10:20:00+00:00,-16.021799386502895,-47.98035128738056
26/05/2019,02:11:00,141,Acidente c,7.341,BR-040/DF,Norte,Colisão traseira,0,0,0,0,0,0,0,1,0,0,0,1,0,0,0,040,2019-05-26 05:11:00+00:00,-16.041802116982936,-47.98023593318019