data,horario,n_da_ocorrencia,tipo_de_ocorrencia,km,trecho,sentido,tipo_de_acidente,automovel,bicicleta,caminhao,moto,onibus,outros,tracao_animal,transporte_de_cargas_especiais,trator_maquinas,utilitarios,ilesos,levemente_feridos,moderadamente_feridos,gravemente_feridos,mortos,vl_br,timestamp_utc,latitude_acidente,longitude_acidente
30/05/2019,04:55:00,305,Acidente c,3.1,BR-040/DF,Norte,Abalroamento longitudinal,1,0,0,1,0,0,0,0,0,0,3,0,1,0,0,040,2019-05-30 07:55:00+00:00,-16.004089752213368,-47.98398265573781
02/06/2019,01:05:00,152,Acidente c,0.5,BR-040/DF,Sul,Choque em barreira New Jersey,1,0,0,0,0,0,0,0,0,0,1,1,0,0,0,040,2019-06-02 04:05:00+00:00,-15.981258998801273,-47.98927117648948
02/06/2019,02:19:00,171,Acidente c,5.8,BR-040/DF,Norte,Colisão traseira,1,0,0,0,0,0,0,0,0,1,7,1,0,0,0,040,2019-06-02 05:19:00+00:00,-16.02800242473236,-47.97909917254604
03/06/2019,02:48:00,275,Acidente s,5.5,BR-040/DF,Sul,Capotamento,1,0,0,0,0,0,0,0,0,0,1,0,0,0,0,040,2019-06-03 05:48:00+00:00,-16.025343468566483,-47.97963307234679
03/06/2019,06:28:00,327,Acidente s,4.4,BR-040/DF,Sul,Colisão traseira,1,0,0,0,0,0,0,0,0,0,2,0,0,0,0,040,2019-06-03 09:28:00+00:00,-16.01560185184811,-47.981618569137744
06/06/2019,07:19:00,276,Acidente s,0.5,BR-040/DF,Sul,Abalroamento longitudinal,1,0,1,0,0,0,0,0,0,0,2,0,0,0,0,040,2019-06-06 10:19:00+00:00,-15.981258998801273,-47.98927117648948
11/06/2019,06:29:00,345,Acidente s,1.8,BR-040/DF,Sul,Colisão traseira,2,0,0,0,0,0,0,0,0,0,2,0,0,0,0,040,2019-06-11 09:29:00+00:00,-15.992588808085221,-47.98633017752721
12/06/2019,07:50:00,137,Atropelame,1.1,BR-040/DF,Norte,Atropelamento de pedestre atravessando,0,0,0,1,0,0,0,0,0,0,1,0,1,0,0,040,2019-06-12 10:50:00+00:00,-15.986389775084268,-47.98760354456679
15/06/2019,08:27:00,83,Acidente c,2.3,BR-040/DF,Norte,Queda de Moto,0,0,0,1,0,0,0,0,0,0,0,1,0,0,0,040,2019-06-15 11:27:00+00:00,-15.997019849427009,-47.98544946905459
18/06/2019,12:34:00,215,Acidente c,1.1,BR-040/DF,Norte,Abalroamento longitudinal,2,0,0,0,0,0,0,0,0,0,1,1,0,0,0,040,2019-06-18 15:34:00+00:00,-15.986389775084268,-47.98760354456679
19/06/2019,06:01:00,71,Acidente s,5.005,BR-040/DF,Norte,Abalroamento longitudinal,1,0,1,0,0,0,0,0,0,0,2,0,0,0,0,040,2019-06-19 09:01:00+00:00,-16.02095798795352,-47.98052365880316
22/06/2019,07:43:00,55,Acidente s,3.5,BR-040/DF,Norte,Colisão traseira,3,0,0,0,0,0,0,0,0,0,4,0,0,0,0,040,2019-06-22 10:43:00+00:00,-16.007631320840915,-47.98325451231453
25/06/2019,09:13:00,136,Acidente c,5.001,BR-040/DF,Norte,Colisão traseira,1,0,0,0,0,0,0,0,0,1,5,1,0,0,0,040,2019-06-25 12:13:00+00:00,-16.020922524249986,-47.98053072461637
26/06/2019,06:05:00,253,Acidente c,2.05,BR-040/DF,Sul,Colisão traseira,1,0,0,1,0,0,0,0,0,0,1,0,1,0,0,040,2019-06-26 09:05:00+00:00,-15.994802193649356,-47.985882280616764
26/06/2019,08:09:00,289,Acidente c,3.01,BR-040/DF,Sul,Abalroamento longitudinal,1,0,0,1,0,0,0,0,0,0,1,1,0,0,0,040,2019-06-26 11:09:00+00:00,-16.003300774395882,-47.98417467780077
27/06/2019,02:21:00,241,Acidente s,3.3,BR-040/DF,Norte,Abalroamento longitudinal,2,0,0,0,0,0,0,0,0,0,2,0,0,0,0,040,2019-06-27 05:21:00+00:00,-16.00585722531901,-47.983602171525455
28/06/2019,09:04:00,165,Acidente c,7.3,BR-040/DF,Norte,Atropelamento de animal,0,0,0,1,0,0,0,0,0,0,1,1,0,0,0,040,2019-06-28 12:04:00+00:00,-16.041436265242957,-47.98017750440991
30/06/2019,05:35:00,162,Acidente s,7.282,BR-040/DF,Sul,Abalroamento longitudinal,2,0,0,0,0,0,0,0,0,0,2,0,0,0,0,040,2019-06-30 08:35:00+00:00,-16.041275883493014,-47.98015032238743
01/07/2019,11:46:00,192,Acidente s,6.8,BR-040/DF,Norte,Colisão traseira,2,0,0,0,0,0,0,0,0,0,2,0,0,0,0,040,2019-07-01 14:46:00+00:00,-16.036973905924885,-47.97947034300178
03/07/2019,12:57:00,214,Acidente s,3.5,BR-040/DF,Norte,Colisão traseira,2,0,0,0,0,0,0,0,0,0,2,0,0,0,0,040,2019-07-03 15:57:00+00:00,-16.007631320840915,-47.98325451231453
03/07/2019,07:48:00,312,Acidente c,1.3,BR-040/DF,Sul,Colisão traseira,1,0,0,1,0,0,0,0,0,0,1,1,0,0,0,040,2019-07-03 10:48:00+00:00,-15.988161707075648,-47.98724375511734
05/07/2019,08:18:00,147,Acidente s,5.4,BR-040/DF,Norte,Abalroamento longitudinal,1,0,0,2,0,0,0,0,0,0,3,0,0,0,0,040,2019-07-05 11:18:00+00:00,-16.024456635920256,-47.97980807581175
05/07/2019,08:24:00,150,Acidente c,8.1,BR-040/DF,Norte,Abalroamento longitudinal,1,0,0,1,0,0,0,0,0,0,1,0,1,0,0,040,2019-07-05 11:24:00+00:00,-16.048574876122156,-47.98131638357745
10/07/2019,06:00:00,91,Acidente s,2.252,BR-040/DF,Norte,Abalroamento longitudinal,1,0,0,0,1,0,0,0,0,0,32,0,0,0,0,040,2019-07-10 09:00:00+00:00,-15.99659259592107,-47.985524189119026
10/07/2019,08:43:00,159,Acidente c,1.8,BR-040/DF,Sul,Abalroamento longitudinal,1,0,0,1,0,0,0,0,0,0,1,1,0,0,0,040,2019-07-10 11:43:00+00:00,-15.992588808085221,-47.98633017752721
11/07/2019,02:02:00,72,Acidente s,1.5,BR-040/DF,Norte,Capotamento,1,0,0,0,0,0,0,0,0,0,3,0,0,0,0,040,2019-07-11 05:02:00+00:00,-15.989932639686035,-47.98687875185026
12/07/2019,08:03:00,137,Acidente s,3.3,BR-040/DF,Sul,Capotamento,1,0,0,0,0,0,0,0,0,0,2,0,0,0,0,040,2019-07-12 11:03:00+00:00,-16.00585722531901,-47.983602171525455
13/07/2019,05:00:00,53,Acidente s,6.3,BR-040/DF,Sul,Capotamento,1,0,0,0,0,0,0,0,0,0,1,0,0,0,0,040,2019-07-13 08:00:00+00:00,-16.03250050372421,-47.97885805738806
13/07/2019,08:45:00,115,Acidente s,3.2,BR-040/DF,Sul,Colisão traseira,3,0,0,0,0,0,0,0,0,0,6,0,0,0,0,040,2019-07-13 11:45:00+00:00,-16.004970432301306,-47.983777564631566
13/07/2019,02:55:00,227,Acidente c,2.1,BR-040/DF,Norte,Abalroamento longitudinal,2,0,0,0,0,0,0,0,0,0,2,0,1,0,0,040,2019-07-13 05:55:00+00:00,-15.995244590909683,-47.98578930635743
15/07/2019,10:36:00,325,Acidente s,6.1,BR-040/DF,Norte,Capotamento,1,0,0,0,0,0,0,0,0,0,3,0,0,0,0,040,2019-07-15 13:36:00+00:00,-16.030695474275564,-47.9788300101082
17/07/2019,07:29:00,311,Acidente c,1.3,BR-040/DF,Sul,Queda de Moto,0,0,0,1,0,0,0,0,0,0,0,0,0,0,0,040,2019-07-17 10:29:00+00:00,-15.988161707075648,-47.98724375511734
18/07/2019,08:24:00,342,Acidente c,5.2,BR-040/DF,Sul,Colisão traseira,3,0,0,0,0,0,0,0,0,0,2,0,1,0,0,040,2019-07-18 11:24:00+00:00,-16.022685500982586,-47.980172122616
19/07/2019,01:45:00,233,Acidente s,2.5,BR-040/DF,Sul,Choque em defensa,1,0,0,0,0,0,0,0,0,0,1,0,0,0,0,040,2019-07-19 04:45:00+00:00,-15.998786510314467,-47.9850654509188
19/07/2019,02:46:00,248,Acidente s,3.6,BR-040/DF,Norte,Queda de Moto,0,0,0,1,0,0,0,0,0,0,1,0,0,0,0,040,2019-07-19 05:46:00+00:00,-16.008516933398386,-47.98307272923642
24/07/2019,09:26:00,155,Acidente c,2.35,BR-040/DF,Sul,Queda de Moto,0,0,0,1,0,0,0,0,0,0,0,1,0,0,0,040,2019-07-24 12:26:00+00:00,-15.997463082228617,-47.985360935945224
24/07/2019,08:03:00,330,Acidente s,3.001,BR-040/DF,Sul,Colisão traseira,2,0,0,0,0,0,0,0,0,0,1,0,0,0,0,040,2019-07-24 11:03:00+00:00,-16.003221317213036,-47.984191964262294
24/07/2019,11:57:00,368,Acidente c,6.5,BR-040/DF,Norte,Choque com objeto fixo,1,0,0,0,0,0,0,0,0,0,1,0,1,0,0,040,2019-07-24 14:57:00+00:00,-16.034296673630603,-47.97904501336752
25/07/2019,08:58:00,151,Acidente c,2.1,BR-040/DF,Sul,Abalroamento longitudinal,1,0,0,1,0,0,0,0,0,0,1,0,0,0,0,040,2019-07-25 11:58:00+00:00,-15.995244590909683,-47.98578930635743
30/07/2019,05:27:00,262,Atropelame,1.312,BR-040/DF,Norte,Atropelamento de pedestre atravessando,0,0,0,1,0,0,0,0,0,0,2,0,0,0,0,040,2019-07-30 08:27:00+00:00,-15.988268045043286,-47.98722227992309
31/07/2019,05:58:00,236,Acidente c,0.4,BR-040/DF,Sul,Queda de Carga,1,0,0,1,0,0,0,0,0,0,0,1,0,0,0,040,2019-07-31 08:58:00+00:00,-15.980401391605048,-47.989562707036
01/08/2019,07:08:00,126,Acidente c,4.549,BR-040/DF,Norte,Abalroamento longitudinal,1,0,0,1,0,0,0,0,0,0,1,1,0,0,0,040,2019-08-01 10:08:00+00:00,-16.016923078451107,-47.98135722198253
01/08/2019,09:00:00,151,Acidente c,5.6,BR-040/DF,Norte,Colisão traseira,1,0,0,2,0,0,0,0,0,0,2,1,0,0,0,040,2019-08-01 12:00:00+00:00,-16.026229632509633,-47.97945419544009
01/08/2019,05:07:00,271,Acidente s,5.5,BR-040/DF,Sul,Colisão traseira,0,0,0,1,0,0,0,0,0,0,1,0,0,0,0,040,2019-08-01 08:07:00+00:00,-16.025343468566483,-47.97963307234679
03/08/2019,11:28:00,125,Acidente c,5.472,BR-040/DF,Norte,Abalroamento transversal,1,0,0,1,0,1,0,0,0,0,2,0,1,0,0,040,2019-08-03 14:28:00+00:00,-16.025095353135008,-47.979683220548424
04/08/2019,09:11:00,56,Acidente c,4.2,BR-040/DF,Norte,Abalroamento longitudinal,2,0,0,0,0,0,0,0,0,0,2,1,0,0,0,040,2019-08-04 12:11:00+00:00,-16.013830307420342,-47.98198044185797
06/08/2019,05:24:00,329,Acidente s,3.117,BR-040/DF,Norte,Queda de Carga,1,0,1,0,0,0,0,0,0,0,2,0,0,0,0,040,2019-08-06 08:24:00+00:00,-16.004240136534182,-47.983950879039604
09/08/2019,06:50:00,118,Acidente c,2.5,BR-040/DF,Norte,Abalroamento longitudinal,2,0,0,1,0,0,0,0,0,0,3,0,1,0,0,040,2019-08-09 09:50:00+00:00,-15.998786510314467,-47.9850654509188
09/08/2019,07:23:00,313,Acidente s,5.5,BR-040/DF,Sul,Colisão traseira,1,0,0,1,0,0,0,0,0,0,2,0,0,0,0,040,2019-08-09 10:23:00+00:00,-16.025343468566483,-47.97963307234679
09/08/2019,08:32:00,330,Acidente c,1.3,BR-040/DF,Sul,Abalroamento longitudinal,2,0,0,1,0,0,0,0,0,0,2,0,0,0,0,040,2019-08-09 11:32:00+00:00,-15.988161707075648,-47.98724375511734
10/08/2019,04:37:00,27,Acidente c,7.8,BR-040/DF,Sul,Colisão traseira,1,0,0,0,0,0,0,0,0,0,1,1,0,0,0,040,2019-08-10 07:37:00+00:00,-16.04589752081111,-47.98089170201557
12/08/2019,12:43:00,213,Acidente s,6.44,BR-040/DF,Norte,Abalroamento longitudinal,2,0,0,0,0,0,0,0,0,0,2,0,0,0,0,040,2019-08-12 15:43:00+00:00,-16.033759439179327,-47.97897302083306
13/08/2019,06:27:00,269,Acidente c,2.6,BR-040/DF,Sul,Abalroamento longitudinal,1,0,0,1,0,0,0,0,0,0,1,1,0,0,0,040,2019-08-13 09:27:00+00:00,-15.99967585339181,-47.98490997338192
13/08/2019,08:31:00,303,Acidente c,0.9,BR-040/DF,Sul,Abalroamento longitudinal,1,0,0,1,0,0,0,0,0,0,1,1,0,0,0,040,2019-08-13 11:31:00+00:00,-15.98461892557327,-47.98796897134449
17/08/2019,11:35:00,267,Acidente c,3.1,BR-040/DF,Sul,Colisão traseira,3,0,0,0,0,0,0,0,0,0,2,2,0,0,0,040,2019-08-17 14:35:00+00:00,-16.004089752213368,-47.98398265573781
18/08/2019,06:32:00,29,Acidente s,8.2,BR-040/DF,Sul,Choque com objeto fixo,1,0,0,0,0,0,0,0,0,0,2,0,0,0,0,040,2019-08-18 09:32:00+00:00,-16.049465699683573,-47.981453167995376
18/08/2019,02:59:00,145,Acidente c,0.1,BR-040/DF,Sul,Queda de Carga,0,0,1,0,0,0,0,0,0,0,1,0,0,0,0,040,2019-08-18 05:59:00+00:00,-15.977752055500277,-47.99014022432026
18/08/2019,07:23:00,226,Acidente c,5.5,BR-040/DF,Sul,Colisão traseira,2,0,0,0,0,0,0,0,0,0,2,1,2,0,0,040,2019-08-18 10:23:00+00:00,-16.025343468566483,-47.97963307234679
19/08/2019,10:13:00,344,Acidente c,7.8,BR-040/DF,Norte,Capotamento,1,0,0,0,0,0,0,0,0,0,0,0,0,1,0,040,2019-08-19 13:13:00+00:00,-16.04589752081111,-47.98089170201557
25/08/2019,03:04:00,25,Acidente s,7.003,BR-040/DF,Sul,Choque com objeto fixo,1,0,0,0,0,0,0,0,0,0,2,0,0,0,0,040,2019-08-25 06:04:00+00:00,-16.03878588325475,-47.979755732335896
27/08/2019,07:18:00,105,Acidente c,3.1,BR-040/DF,Norte,Colisão traseira,0,0,0,2,0,0,0,0,0,0,3,1,0,0,0,040,2019-08-27 10:18:00+00:00,-16.004089752213368,-47.98398265573781
29/08/2019,03:18:00,225,Acidente s,4.3,BR-040/DF,Sul,Choque com objeto fixo,2,0,0,0,0,0,0,0,0,0,2,0,0,0,0,040,2019-08-29 06:18:00+00:00,-16.014716352935057,-47.98180092115799
30/08/2019,07:13:00,114,Acidente c,3.3,BR-040/DF,Norte,Abalroamento longitudinal,1,0,0,1,0,0,0,0,0,0,1,0,1,0,0,040,2019-08-30 10:13:00+00:00,-16.00585722531901,-47.983602171525455
30/08/2019,08:18:00,149,Acidente c,2.7,BR-040/DF,Norte,Abalroamento longitudinal,1,0,0,1,0,0,0,0,0,0,1,1,0,0,0,040,2019-08-30 11:18:00+00:00,-16.00055656037991,-47.98470670915244
30/08/2019,09:27:00,174,Acidente c,5.8,BR-040/DF,Norte,Abalroamento longitudinal,1,0,0,1,0,0,0,0,0,0,1,1,0,0,0,040,2019-08-30 12:27:00+00:00,-16.02800242473236,-47.97909917254604
30/08/2019,04:41:00,300,Acidente c,0.1,BR-040/DF,Norte,Queda de Carga,0,0,0,1,0,0,0,0,0,0,1,0,0,0,0,040,2019-08-30 07:41:00+00:00,-15.977752055500277,-47.99014022432026
31/08/2019,11:06:00,124,Acidente c,0.3,BR-040/DF,Norte,Queda de Carga,0,0,0,1,0,0,0,0,0,0,0,2,0,0,0,040,2019-08-31 14:06:00+00:00,-15.97952436803145,-47.9897831292533
02/09/2019,06:57:00,99,Acidente c,2.7,BR-040/DF,Norte,Abalroamento longitudinal,1,0,0,0,0,0,0,0,0,0,1,1,0,0,0,040,2019-09-02 09:57:00+00:00,-16.00055656037991,-47.98470670915244
04/09/2019,07:27:00,146,Acidente s,6.5,BR-040/DF,Norte,Abalroamento longitudinal,1,0,0,1,0,0,0,0,0,0,2,0,0,0,0,040,2019-09-04 10:27:00+00:00,-16.034296673630603,-47.97904501336752
04/09/2019,11:10:00,236,Acidente s,3.034,BR-040/DF,Norte,Colisão traseira,2,0,0,0,0,0,0,0,0,0,2,0,0,0,0,040,2019-09-04 14:10:00+00:00,-16.00351328636242,-47.98413258256563
04/09/2019,06:55:00,379,Acidente s,1.153,BR-040/DF,Sul,Colisão traseira,3,0,0,0,0,0,0,0,0,0,3,0,0,0,0,040,2019-09-04 09:55:00+00:00,-15.98685935370195,-47.98750828867545
05/09/2019,08:13:00,148,Acidente s,2.5,BR-040/DF,Norte,Colisão traseira,1,0,1,0,0,0,0,0,0,0,2,0,0,0,0,040,2019-09-05 11:13:00+00:00,-15.998786510314467,-47.9850654509188
06/09/2019,07:58:00,160,Acidente c,2.8,BR-040/DF,Norte,Queda de Carga,0,0,0,1,0,0,0,0,0,0,0,1,0,0,0,040,2019-09-06 10:58:00+00:00,-16.001439596929313,-47.98451406070111
06/09/2019,11:07:00,224,Acidente s,5.5,BR-040/DF,Norte,Abalroamento longitudinal,1,0,0,0,1,0,0,0,0,0,2,0,0,0,0,040,2019-09-06 14:07:00+00:00,-16.025343468566483,-47.97963307234679
09/09/2019,01:04:00,12,Acidente c,4.5,BR-040/DF,Sul,Colisão traseira,2,0,0,0,0,0,0,0,0,0,2,1,0,0,0,040,2019-09-09 04:04:00+00:00,-16.016488213220736,-47.98144083480431
09/09/2019,07:28:00,146,Acidente s,2.9,BR-040/DF,Sul,Colisão traseira,2,0,0,0,0,0,0,0,0,0,2,0,0,0,0,040,2019-09-09 10:28:00+00:00,-16.00232379083997,-47.984347565616254
09/09/2019,06:39:00,344,Acidente s,7.1,BR-040/DF,Sul,Colisão traseira,4,0,0,0,0,0,0,0,0,0,4,0,0,0,0,040,2019-09-09 09:39:00+00:00,-16.039651319001248,-47.9798947053415
13/09/2019,07:13:00,330,Acidente s,6.1,BR-040/DF,Sul,Abalroamento transversal,1,0,1,0,0,0,0,0,0,0,3,0,0,0,0,040,2019-09-13 10:13:00+00:00,-16.030695474275564,-47.9788300101082
14/09/2019,06:35:00,45,Acidente c,2.7,BR-040/DF,Sul,Colisão traseira,2,0,0,0,0,0,0,0,0,0,1,2,0,0,0,040,2019-09-14 09:35:00+00:00,-16.00055656037991,-47.98470670915244
14/09/2019,09:39:00,269,Acidente s,8.001,BR-040/DF,Norte,Choque com objeto fixo,2,0,0,0,0,0,0,0,0,0,2,0,0,0,0,040,2019-09-14 12:39:00+00:00,-16.047690707561515,-47.9811805793778
15/09/2019,06:43:00,241,Acidente s,4.393,BR-040/DF,Norte,Queda de Moto,2,0,0,1,0,0,0,0,0,0,2,0,0,0,0,040,2019-09-15 09:43:00+00:00,-16.015539792602937,-47.98163094579471
16/09/2019,08:55:00,177,Acidente s,5.5,BR-040/DF,Norte,Colisão traseira,2,0,0,0,0,0,0,0,0,0,2,0,0,0,0,040,2019-09-16 11:55:00+00:00,-16.025343468566483,-47.97963307234679
16/09/2019,06:28:00,317,Acidente s,1.9,BR-040/DF,Sul,Colisão traseira,4,0,0,0,0,0,0,0,0,0,4,0,0,0,0,040,2019-09-16 09:28:00+00:00,-15.993470778341672,-47.9861313533078
17/09/2019,05:46:00,328,Acidente c,7.6,BR-040/DF,Sul,Queda de Moto,0,0,0,1,0,0,0,0,0,0,1,1,0,0,0,040,2019-09-17 08:46:00+00:00,-16.044113614566683,-47.980601877368805
18/09/2019,07:32:00,110,Acidente c,5.9,BR-040/DF,Norte,Abalroamento longitudinal,1,0,0,1,0,0,0,0,0,0,1,1,0,0,0,040,2019-09-18 10:32:00+00:00,-16.02889749266502,-47.97898561658784
18/09/2019,07:56:00,118,Acidente c,3.8,BR-040/DF,Norte,Abalroamento longitudinal,1,0,0,1,0,0,0,0,0,0,1,1,0,0,0,040,2019-09-18 10:56:00+00:00,-16.010287930410097,-47.98270794867232
19/09/2019,05:44:00,390,Acidente s,1.2,BR-040/DF,Sul,Colisão traseira,0,0,0,2,0,0,0,0,0,0,0,0,0,0,0,040,2019-09-19 08:44:00+00:00,-15.987275770722288,-47.98742379831673
19/09/2019,09:34:00,456,Acidente s,5.15,BR-040/DF,Sul,Colisão traseira,1,0,1,0,0,0,0,0,0,0,2,0,1,0,0,040,2019-09-19 12:34:00+00:00,-16.022242230731006,-47.980260580468226
21/09/2019,10:32:00,110,Acidente c,5.5,BR-040/DF,Sul,Colisão traseira,3,0,0,0,0,0,0,0,0,0,2,1,0,0,0,040,2019-09-21 13:32:00+00:00,-16.025343468566483,-47.97963307234679
21/09/2019,11:58:00,131,Acidente s,4.1,BR-040/DF,Sul,Colisão traseira,1,0,1,0,0,0,0,0,0,0,2,0,0,0,0,040,2019-09-21 14:58:00+00:00,-16.012944920774345,-47.98216339245587
26/09/2019,12:32:00,23,Acidente s,2.9,BR-040/DF,Sul,Choque com objeto fixo,1,0,0,0,0,0,0,0,0,0,1,0,0,0,0,040,2019-09-26 15:32:00+00:00,-16.00232379083997,-47.984347565616254
26/09/2019,02:16:00,218,Acidente c,5.1,BR-040/DF,Norte,Colisão traseira,3,0,0,0,0,0,0,0,0,0,3,0,0,0,0,040,2019-09-26 05:16:00+00:00,-16.021799386502895,-47.98035128738056
27/09/2019,04:10:00,298,Acidente s,6.2,BR-040/DF,Sul,Choque com objeto fixo,1,1,0,0,0,0,0,0,0,0,3,0,0,0,0,040,2019-09-27 07:10:00+00:00,-16.031598243563078,-47.97882464034835
29/09/2019,12:10:00,2,Acidente s,0.1,BR-040/DF,Sul,Colisão traseira,1,0,0,1,0,0,0,0,0,0,2,0,0,0,0,040,2019-09-29 15:10:00+00:00,-15.977752055500277,-47.99014022432026
01/10/2019,04:36:00,256,Acidente c,7.481,BR-040/DF,Norte,Colisão traseira,3,0,0,0,0,0,0,0,0,0,4,1,0,0,0,040,2019-10-01 07:36:00+00:00,-16.043051467691626,-47.98043443111872
01/10/2019,04:46:00,259,Acidente s,8.01,BR-040/DF,Norte,Colisão traseira,2,0,0,0,0,0,0,0,0,0,4,0,0,0,0,040,2019-10-01 07:46:00+00:00,-16.047771007626654,-47.98119346314089
03/10/2019,07:29:00,128,Atropelame,6.6,BR-040/DF,Norte,Atropelamento de ciclista,0,1,0,1,0,0,0,0,0,0,1,0,0,0,0,040,2019-10-03 10:29:00+00:00,-16.035189670141097,-47.979182774820245
04/10/2019,08:30:00,144,Acidente s,2.1,BR-040/DF,Norte,Choque com objeto fixo,1,0,0,0,0,0,0,0,0,0,1,0,0,0,0,040,2019-10-04 11:30:00+00:00,-15.995244590909683,-47.98578930635743
04/10/2019,03:52:00,251,Acidente c,0.1,BR-040/DF,Sul,Queda de Carga,1,0,0,1,0,0,0,0,0,0,1,1,0,0,0,040,2019-10-04 06:52:00+00:00,-15.977752055500277,-47.99014022432026
07/10/2019,01:21:00,232,Acidente s,7.5,BR-040/DF,Norte,Capotamento,1,0,0,0,0,0,0,0,0,0,1,0,0,0,0,040,2019-10-07 04:21:00+00:00,-16.04322068417927,-47.980463553328384
08/10/2019,08:28:00,133,Acidente c,6.5,BR-040/DF,Norte,Abalroamento longitudinal,1,0,1,1,0,0,0,0,0,0,2,0,1,0,0,040,2019-10-08 11:28:00+00:00,-16.034296673630603,-47.97904501336752
08/10/2019,11:54:00,376,Acidente c,3.1,BR-040/DF,Norte,Queda de Carga,0,0,0,1,0,0,0,0,0,0,0,0,0,0,0,040,2019-10-08 14:54:00+00:00,-16.004089752213368,-47.98398265573781
09/10/2019,10:25:00,153,Acidente s,1.6,BR-040/DF,Sul,Colisão traseira,1,0,0,1,0,0,0,0,0,0,2,0,0,0,0,040,2019-10-09 13:25:00+00:00,-15.990818106867216,-47.98669622660105
12/10/2019,01:35:00,14,Acidente s,6.1,BR-040/DF,Sul,Abalroamento longitudinal,2,0,0,0,0,0,0,0,0,0,2,0,0,0,0,040,2019-10-12 04:35:00+00:00,-16.030695474275564,-47.9788300101082
12/10/2019,06:52:00,254,Acidente c,5.5,BR-040/DF,Norte,Abalroamento longitudinal,1,0,0,1,0,0,0,0,0,0,1,0,1,0,0,040,2019-10-12 09:52:00+00:00,-16.025343468566483,-47.97963307234679
14/10/2019,07:45:00,108,Acidente c,5.307,BR-040/DF,Norte,Abalroamento longitudinal,0,0,0,2,0,0,0,0,0,0,1,1,0,0,0,040,2019-10-14 10:45:00+00:00,-16.023633331090107,-47.97997875923329
14/10/2019,10:46:00,172,Acidente s,3.25,BR-040/DF,Norte,Choque com objeto fixo,2,0,0,0,0,0,0,0,0,0,2,0,0,0,0,040,2019-10-14 13:46:00+00:00,-16.005414187421803,-47.98369178857878
15/10/2019,06:22:00,87,Acidente c,4.8,BR-040/DF,Norte,Abalroamento transversal,1,0,0,1,0,0,0,0,0,0,2,1,0,0,0,040,2019-10-15 09:22:00+00:00,-16.019141702254522,-47.980892274949284
18/10/2019,09:47:00,180,Acidente s,3.6,BR-040/DF,Norte,Abalroamento longitudinal,1,0,0,1,0,0,0,0,0,0,2,0,0,0,0,040,2019-10-18 12:47:00+00:00,-16.008516933398386,-47.98307272923642
19/10/2019,04:28:00,190,Acidente c,3.1,BR-040/DF,Sul,Capotamento,1,0,0,0,0,0,0,0,0,0,0,1,0,0,0,040,2019-10-19 07:28:00+00:00,-16.004089752213368,-47.98398265573781
22/10/2019,09:43:00,164,Acidente c,5.28,BR-040/DF,Sul,Colisão traseira,4,0,0,0,0,0,0,0,0,0,5,1,0,0,0,040,2019-10-22 12:43:00+00:00,-16.023394219103242,-47.98002787049386
22/10/2019,01:47:00,221,Acidente s,7.478,BR-040/DF,Norte,,0,0,1,0,0,0,0,0,0,0,1,0,0,0,0,040,2019-10-22 04:47:00+00:00,-16.043024800755166,-47.980429517085796
25/10/2019,06:47:00,312,Acidente s,5.6,BR-040/DF,Sul,Abalroamento longitudinal,1,0,0,1,0,0,0,0,0,0,2,0,0,0,0,040,2019-10-25 09:47:00+00:00,-16.026229632509633,-47.97945419544009
26/10/2019,12:41:00,7,Acidente s,0.1,BR-040/DF,Sul,Queda de Carga,0,0,0,1,0,0,0,0,0,0,0,0,0,1,0,040,2019-10-26 15:41:00+00:00,-15.977752055500277,-47.99014022432026
26/10/2019,04:37:00,223,Acidente s,4.6,BR-040/DF,Sul,Abalroamento longitudinal,2,0,0,0,0,0,0,0,0,0,2,0,0,0,0,040,2019-10-26 07:37:00+00:00,-16.017378285481144,-47.98128846011467
29/10/2019,06:50:00,96,Acidente c,7.2,BR-040/DF,Sul,Colisão Lateral,0,0,0,0,0,1,0,0,0,0,2,0,1,0,0,040,2019-10-29 09:50:00+00:00,-16.040543759517895,-47.98003640645204
30/10/2019,07:21:00,121,Acidente c,7.261,BR-040/DF,Norte,Colisão Lateral,0,0,1,0,0,1,0,0,0,0,3,1,0,0,0,040,2019-10-30 10:21:00+00:00,-16.04108857036972,-47.980119908300715