data,horario,n_da_ocorrencia,tipo_de_ocorrencia,km,trecho,sentido,tipo_de_acidente,automovel,bicicleta,caminhao,moto,onibus,outros,tracao_animal,transporte_de_cargas_especiais,trator_maquinas,utilitarios,ilesos,levemente_feridos,moderadamente_feridos,gravemente_feridos,mortos,vl_br,timestamp_utc,latitude_acidente,longitude_acidente
30/10/2019,09:28:00,155,Acidente c,6.61,BR-040/DF,Norte,Tombamento de Moto,1,0,0,0,0,1,0,0,0,0,0,1,1,0,0,040,2019-10-30 12:28:00+00:00,-16.035278873164135,-47.97919721939041
30/10/2019,05:37:00,246,Acidente s,5.8,BR-040/DF,Sul,Outros,1,0,0,0,0,0,0,0,0,0,0,0,0,0,0,040,2019-10-30 08:37:00+00:00,-16.02800242473236,-47.97909917254604
31/10/2019,08:07:00,135,Acidente s,4.9,BR-040/DF,Norte,Colisão traseira,1,0,0,1,0,0,0,0,0,0,0,0,0,0,0,040,2019-10-31 11:07:00+00:00,-16.020027679506335,-47.98071238763174
01/11/2019,06:53:00,100,Acidente c,6.1,BR-040/DF,Norte,Atropelamento de Andarilho,1,0,0,0,0,1,0,0,0,0,1,1,0,0,0,040,2019-11-01 09:53:00+00:00,-16.030695474275564,-47.9788300101082
05/11/2019,07:50:00,116,Acidente c,4.478,BR-040/DF,Sul,Colisão lateral,1,0,0,1,0,0,0,0,0,0,1,0,0,0,0,040,2019-11-05 10:50:00+00:00,-16.016293546918256,-47.98148170029727
06/11/2019,05:45:00,100,Acidente s,7.194,BR-040/DF,Sul,Tombamento,0,0,0,0,0,1,0,0,0,0,1,0,0,0,0,040,2019-11-06 08:45:00+00:00,-16.04049020687995,-47.9800279454754
06/11/2019,08:23:00,144,Acidente c,0.12,BR-040/DF,Sul,Colisão traseira,0,0,0,1,0,0,0,0,0,0,1,0,0,0,0,040,2019-11-06 11:23:00+00:00,-15.977929110963194,-47.99010352689109
07/11/2019,06:41:00,110,Acidente s,3.2,BR-040/DF,Norte,Choque c/ Objeto Fixo,1,0,0,0,0,0,0,0,0,0,3,0,0,0,0,040,2019-11-07 09:41:00+00:00,-16.004970432301306,-47.983777564631566
11/11/2019,08:00:00,126,Acidente c,5.13,BR-040/DF,Norte,Colisão lateral,1,0,0,1,0,0,0,0,0,0,2,1,0,0,0,040,2019-11-11 11:00:00+00:00,-16.022065073743732,-47.980296763163615
13/11/2019,01:57:00,192,Acidente s,5.1,BR-040/DF,Sul,Colisão lateral,2,0,0,0,0,0,0,0,0,0,2,0,0,0,0,040,2019-11-13 04:57:00+00:00,-16.021799386502895,-47.98035128738056
14/11/2019,07:31:00,100,Acidente c,5.5,BR-040/DF,Norte,Atropelamento de Pedestre,0,0,0,0,1,2,0,0,0,0,1,0,1,0,0,040,2019-11-14 10:31:00+00:00,-16.025343468566483,-47.97963307234679
14/11/2019,03:43:00,217,Acidente c,8.1,BR-040/DF,Sul,Colisão traseira,1,0,0,0,0,1,0,0,0,0,1,1,0,0,0,040,2019-11-14 06:43:00+00:00,-16.048574876122156,-47.98131638357745
17/11/2019,01:55:00,116,Acidente s,7.6,BR-040/DF,Sul,Tombamento,0,0,0,0,0,2,0,0,0,0,1,0,0,0,0,040,2019-11-17 04:55:00+00:00,-16.044113614566683,-47.980601877368805
21/11/2019,04:38:00,77,Acidente s,1.3,BR-040/DF,Norte,Capotamento,1,0,0,0,0,0,0,0,0,0,2,0,0,0,0,040,2019-11-21 07:38:00+00:00,-15.988161707075648,-47.98724375511734
21/11/2019,06:23:00,84,Acidente F,0.5,BR-040/DF,Sul,Atropelamento de Ciclista,1,0,0,0,0,0,0,0,0,0,1,0,0,0,1,040,2019-11-21 09:23:00+00:00,-15.981258998801273,-47.98927117648948
25/11/2019,01:00:00,48,Acidente c,6.2,BR-040/DF,Sul,Engavetamento,1,0,0,1,0,0,0,0,0,0,1,0,0,0,0,040,2019-11-25 04:00:00+00:00,-16.031598243563078,-47.97882464034835
29/11/2019,05:47:00,242,Acidente s,4.3,BR-040/DF,Norte,Colisão traseira,2,0,0,0,0,0,0,0,0,0,2,0,0,0,0,040,2019-11-29 08:47:00+00:00,-16.014716352935057,-47.98180092115799
30/11/2019,11:35:00,222,Acidente s,2.5,BR-040/DF,Sul,Colisão traseira,2,0,0,0,0,0,0,0,0,0,0,1,0,0,0,040,2019-11-30 14:35:00+00:00,-15.998786510314467,-47.9850654509188
02/12/2019,08:24:00,80,Acidente c,1.5,BR-040/DF,Norte,Choque c/ Objeto Fixo,0,0,0,1,0,0,0,0,0,0,0,1,0,0,0,040,2019-12-02 11:24:00+00:00,-15.989932639686035,-47.98687875185026
02/12/2019,09:19:00,104,Acidente s,4.2,BR-040/DF,Norte,Engavetamento,3,0,0,0,0,0,0,0,0,0,2,0,0,0,0,040,2019-12-02 12:19:00+00:00,-16.013830307420342,-47.98198044185797
05/12/2019,06:39:00,81,Acidente c,3.3,BR-040/DF,Norte,Colisão traseira,0,0,0,1,0,0,0,0,0,0,0,0,1,0,0,040,2019-12-05 09:39:00+00:00,-16.00585722531901,-47.983602171525455
05/12/2019,08:25:00,115,Acidente s,2.5,BR-040/DF,Norte,Tombamento de Moto,0,0,0,0,0,3,0,0,0,0,1,0,0,0,0,040,2019-12-05 11:25:00+00:00,-15.998786510314467,-47.9850654509188
05/12/2019,09:45:00,140,Acidente c,4.5,BR-040/DF,Norte,Atropelamento de Pedestre,0,0,0,1,0,0,0,0,0,0,1,0,0,0,0,040,2019-12-05 12:45:00+00:00,-16.016488213220736,-47.98144083480431
05/12/2019,06:59:00,256,Acidente c,2.8,BR-040/DF,Sul,Colisão traseira,0,0,0,1,1,0,0,0,0,0,2,0,0,0,0,040,2019-12-05 09:59:00+00:00,-16.001439596929313,-47.98451406070111
07/12/2019,07:00:00,234,Acidente s,2.1,BR-040/DF,Norte,Choque c/ Objeto Fixo,1,0,0,0,0,0,0,0,0,0,1,0,0,0,0,040,2019-12-07 10:00:00+00:00,-15.995244590909683,-47.98578930635743
11/12/2019,05:44:00,81,Acidente c,5.19,BR-040/DF,Norte,Tombamento de Moto,0,0,0,0,0,2,0,0,0,0,0,1,0,0,0,040,2019-12-11 08:44:00+00:00,-16.022596843458068,-47.98018979666948
11/12/2019,06:38:00,270,Acidente s,5.5,BR-040/DF,Sul,Colisão lateral,1,0,0,1,0,1,0,0,0,0,1,0,0,0,0,040,2019-12-11 09:38:00+00:00,-16.025343468566483,-47.97963307234679
12/12/2019,03:01:00,250,Acidente s,7.6,BR-040/DF,Sul,Capotamento,1,0,0,0,0,1,0,0,0,0,2,0,0,0,0,040,2019-12-12 06:01:00+00:00,-16.044113614566683,-47.980601877368805
13/12/2019,08:01:00,119,Acidente c,2.5,BR-040/DF,Sul,Colisão traseira,2,0,0,1,0,1,0,0,0,0,0,0,1,0,0,040,2019-12-13 11:01:00+00:00,-15.998786510314467,-47.9850654509188
16/12/2019,08:57:00,347,Acidente s,3.2,BR-040/DF,Sul,Colisão traseira,1,0,0,1,0,1,0,0,0,0,1,0,1,0,0,040,2019-12-16 11:57:00+00:00,-16.004970432301306,-47.983777564631566
17/12/2019,12:29:00,206,Acidente c,5.512,BR-040/DF,Norte,Colisão lateral,1,0,0,1,0,1,0,0,0,0,0,1,0,0,0,040,2019-12-17 15:29:00+00:00,-16.02544986917846,-47.97961192738872
19/12/2019,01:59:00,221,Acidente c,5.5,BR-040/DF,Sul,Colisão transversal,1,0,0,0,0,0,0,0,0,0,2,0,0,0,0,040,2019-12-19 04:59:00+00:00,-16.025343468566483,-47.97963307234679
19/12/2019,05:21:00,274,Acidente s,5.35,BR-040/DF,Sul,Engavetamento,3,0,0,0,0,1,0,0,0,0,3,0,0,0,0,040,2019-12-19 08:21:00+00:00,-16.02401426375746,-47.97990121174809
19/12/2019,09:53:00,350,Acidente s,3.3,BR-040/DF,Sul,Engavetamento,2,0,0,0,0,2,0,0,0,0,3,0,0,0,0,040,2019-12-19 12:53:00+00:00,-16.00585722531901,-47.983602171525455
19/12/2019,10:21:00,356,Acidente c,3.3,BR-040/DF,Sul,Colisão lateral,1,0,0,1,0,0,0,0,0,0,1,1,0,0,0,040,2019-12-19 13:21:00+00:00,-16.00585722531901,-47.983602171525455
20/12/2019,04:35:00,257,Acidente s,2.3,BR-040/DF,Norte,Engavetamento,3,0,0,0,0,0,0,0,0,0,1,0,0,0,0,040,2019-12-20 07:35:00+00:00,-15.997019849427009,-47.98544946905459
21/12/2019,01:10:00,9,Acidente s,2.3,BR-040/DF,Sul,Capotamento,0,0,0,0,0,1,0,0,0,0,1,0,0,0,0,040,2019-12-21 04:10:00+00:00,-15.997019849427009,-47.98544946905459
22/12/2019,03:56:00,22,Acidente s,0.8,BR-040/DF,Sul,Capotamento,1,0,0,0,0,0,0,0,0,0,1,0,0,0,0,040,2019-12-22 06:56:00+00:00,-15.983739998009424,-47.98818059885455
22/12/2019,08:21:00,52,Acidente s,4.7,BR-040/DF,Sul,Colisão traseira,2,0,0,0,0,0,0,0,0,0,2,0,0,0,0,040,2019-12-22 11:21:00+00:00,-16.018256651264295,-47.981076980894464
22/12/2019,10:57:00,275,Acidente c,7.325,BR-040/DF,Norte,Choque c/ Objeto Fixo,0,0,0,0,0,1,0,0,0,0,1,0,0,0,0,040,2019-12-22 13:57:00+00:00,-16.041659320435688,-47.98021329991374
23/12/2019,06:17:00,258,Acidente s,5.32,BR-040/DF,Sul,Engavetamento,3,0,0,0,0,0,0,0,0,0,3,0,0,0,0,040,2019-12-23 09:17:00+00:00,-16.02374842880192,-47.97995495585862
27/12/2019,09:24:00,138,Acidente c,0.5,BR-040/DF,Sul,Engavetamento,4,0,0,0,0,0,0,0,0,0,4,1,0,0,0,040,2019-12-27 12:24:00+00:00,-15.981258998801273,-47.98927117648948
29/12/2019,06:09:00,30,Acidente c,5.5,BR-040/DF,Norte,Colisão traseira,1,0,0,0,0,2,0,0,0,0,1,0,2,0,0,040,2019-12-29 09:09:00+00:00,-16.025343468566483,-47.97963307234679
31/12/2019,02:34:00,142,Acidente s,0.9,BR-040/DF,Sul,Capotamento,1,0,0,0,0,1,0,0,0,0,1,0,0,0,0,040,2019-12-31 05:34:00+00:00,-15.98461892557327,-47.98796897134449
01/01/2020,10:14:00,57,Acidente c,2.166,BR-040/DF,Norte,Tombamento de Moto,0,0,0,1,0,0,0,0,0,0,0,0,1,0,0,040,2020-01-01 13:14:00+00:00,-15.995828937618827,-47.98566852838712
02/01/2020,07:31:00,104,Acidente s,2.5,BR-040/DF,Norte,Colisão lateral,2,0,0,0,0,0,0,0,0,0,0,0,0,0,0,040,2020-01-02 10:31:00+00:00,-15.998786510314467,-47.9850654509188
02/01/2020,06:37:00,250,Acidente s,5.9,BR-040/DF,Sul,Colisão traseira,2,0,0,0,0,0,0,0,0,0,2,0,0,0,0,040,2020-01-02 09:37:00+00:00,-16.02889749266502,-47.97898561658784
07/01/2020,05:34:00,82,Acidente s,1.8,BR-040/DF,Norte,Choque c/ Objeto Fixo,1,0,0,0,0,0,0,0,0,0,0,0,0,0,0,040,2020-01-07 08:34:00+00:00,-15.992588808085221,-47.98633017752721
11/01/2020,08:37:00,92,Acidente s,5.5,BR-040/DF,Sul,Tombamento de Moto,0,0,0,1,0,0,0,0,0,0,0,0,0,0,0,040,2020-01-11 11:37:00+00:00,-16.025343468566483,-47.97963307234679
12/01/2020,06:18:00,29,Acidente c,6.8,BR-040/DF,Norte,Tombamento de Moto,0,0,0,1,0,0,0,0,0,0,0,2,0,0,0,040,2020-01-12 09:18:00+00:00,-16.036973905924885,-47.97947034300178
15/01/2020,08:03:00,121,Acidente s,4.8,BR-040/DF,Norte,Engavetamento,1,0,0,1,0,0,0,0,0,0,0,0,0,0,0,040,2020-01-15 11:03:00+00:00,-16.019141702254522,-47.980892274949284
16/01/2020,06:57:00,130,Acidente c,3.6,BR-040/DF,Norte,Colisão lateral,1,0,0,0,0,2,0,0,0,0,0,2,0,0,0,040,2020-01-16 09:57:00+00:00,-16.008516933398386,-47.98307272923642
17/01/2020,07:18:00,321,Acidente c,5.1,BR-040/DF,Sul,Atropelamento de Pedestre,2,0,0,0,0,0,0,0,0,0,1,0,1,0,0,040,2020-01-17 10:18:00+00:00,-16.021799386502895,-47.98035128738056
18/01/2020,01:08:00,135,Acidente c,5.9,BR-040/DF,Norte,Colisão lateral,1,0,0,1,0,1,0,0,0,0,2,0,0,1,0,040,2020-01-18 04:08:00+00:00,-16.02889749266502,-47.97898561658784
19/01/2020,10:12:00,205,Acidente c,7.2,BR-040/DF,Sul,Colisão lateral,0,0,0,1,0,1,0,0,0,0,1,2,0,0,0,040,2020-01-19 13:12:00+00:00,-16.040543759517895,-47.98003640645204
20/01/2020,06:31:00,273,Acidente s,3.5,BR-040/DF,Sul,Colisão lateral,1,0,0,0,0,1,0,0,0,0,3,0,0,0,0,040,2020-01-20 09:31:00+00:00,-16.007631320840915,-47.98325451231453
21/01/2020,05:38:00,244,Acidente s,4.8,BR-040/DF,Sul,Colisão traseira,1,0,0,0,0,2,0,0,0,0,0,0,0,0,0,040,2020-01-21 08:38:00+00:00,-16.019141702254522,-47.980892274949284
22/01/2020,10:57:00,161,Acidente s,3.5,BR-040/DF,Sul,Choque c/ Objeto Fixo,0,0,1,0,0,0,0,0,0,0,0,0,0,0,0,040,2020-01-22 13:57:00+00:00,-16.007631320840915,-47.98325451231453
22/01/2020,03:05:00,225,Acidente c,2.3,BR-040/DF,Sul,Colisão lateral,0,0,0,1,0,1,0,0,0,0,1,0,0,0,0,040,2020-01-22 06:05:00+00:00,-15.997019849427009,-47.98544946905459
22/01/2020,06:03:00,277,Acidente c,4.1,BR-040/DF,Sul,Atropelamento de Pedestre,1,0,0,0,0,0,0,0,0,0,1,0,0,0,0,040,2020-01-22 09:03:00+00:00,-16.012944920774345,-47.98216339245587
25/01/2020,01:32:00,8,Acidente c,8.3,BR-040/DF,Norte,Capotamento,1,0,0,0,0,1,0,0,0,0,0,0,3,0,0,040,2020-01-25 04:32:00+00:00,-16.050353308035202,-47.98160642553609
25/01/2020,05:41:00,57,Acidente s,7.1,BR-040/DF,Sul,Choque c/ Objeto Fixo,1,0,0,0,0,0,0,0,0,0,1,0,0,0,0,040,2020-01-25 08:41:00+00:00,-16.039651319001248,-47.9798947053415
03/02/2020,12:49:00,180,Acidente s,8.25,BR-040/DF,Norte,Colisão traseira,1,0,0,0,0,1,0,0,0,0,2,0,0,0,0,040,2020-02-03 15:49:00+00:00,-16.04990886146051,-47.98154089640892
04/02/2020,06:28:00,264,Acidente c,5.8,BR-040/DF,Sul,Colisão transversal,1,0,0,1,0,0,0,0,0,0,5,0,0,0,0,040,2020-02-04 09:28:00+00:00,-16.02800242473236,-47.97909917254604
04/02/2020,07:07:00,282,Acidente c,7.5,BR-040/DF,Sul,Tombamento de Moto,0,0,0,1,0,0,0,0,0,0,1,0,2,0,0,040,2020-02-04 10:07:00+00:00,-16.04322068417927,-47.980463553328384
06/02/2020,05:45:00,113,Acidente s,2.8,BR-040/DF,Norte,Colisão traseira,0,0,0,1,0,1,0,0,0,0,0,1,0,0,0,040,2020-02-06 08:45:00+00:00,-16.001439596929313,-47.98451406070111
08/02/2020,04:21:00,35,Acidente c,3.1,BR-040/DF,Sul,Choque c/ Objeto Fixo,1,0,0,0,0,0,0,0,0,0,1,0,1,0,0,040,2020-02-08 07:21:00+00:00,-16.004089752213368,-47.98398265573781
08/02/2020,06:59:00,200,Acidente s,3.5,BR-040/DF,Norte,Tombamento de Moto,0,0,0,1,0,0,0,0,0,0,1,0,0,0,0,040,2020-02-08 09:59:00+00:00,-16.007631320840915,-47.98325451231453
10/02/2020,04:54:00,265,Acidente c,5.6,BR-040/DF,Norte,Colisão traseira,0,0,0,0,0,2,0,0,0,0,0,1,0,0,0,040,2020-02-10 07:54:00+00:00,-16.026229632509633,-47.97945419544009
12/02/2020,11:06:00,171,Acidente s,3.3,BR-040/DF,Norte,Engavetamento,4,0,0,0,0,0,0,0,0,0,4,0,0,0,0,040,2020-02-12 14:06:00+00:00,-16.00585722531901,-47.983602171525455
12/02/2020,07:19:00,288,Acidente s,2.9,BR-040/DF,Sul,Tombamento de Moto,0,0,0,1,0,0,0,0,0,0,2,0,0,0,0,040,2020-02-12 10:19:00+00:00,-16.00232379083997,-47.984347565616254
13/02/2020,08:32:00,173,Acidente c,3.1,BR-040/DF,Norte,Colisão traseira,1,0,0,1,0,0,0,0,0,0,2,0,0,0,0,040,2020-02-13 11:32:00+00:00,-16.004089752213368,-47.98398265573781
15/02/2020,02:42:00,235,Acidente s,7.4,BR-040/DF,Sul,Choque c/ Objeto Fixo,0,0,1,0,0,1,0,0,0,0,0,0,0,0,0,040,2020-02-15 05:42:00+00:00,-16.042329180275452,-47.980315903102515
18/02/2020,09:45:00,170,Acidente c,8.3,BR-040/DF,Norte,Colisão traseira,1,0,0,0,0,2,0,0,0,0,0,1,0,0,0,040,2020-02-18 12:45:00+00:00,-16.050353308035202,-47.98160642553609
18/02/2020,10:02:00,318,Acidente s,7.4,BR-040/DF,Sul,Queda Veículo,0,0,0,1,0,0,0,0,0,0,0,1,0,0,0,040,2020-02-18 13:02:00+00:00,-16.042329180275452,-47.980315903102515
19/02/2020,09:13:00,323,Acidente c,2.7,BR-040/DF,Sul,Colisão lateral,0,0,0,1,0,1,0,0,0,0,1,0,0,0,0,040,2020-02-19 12:13:00+00:00,-16.00055656037991,-47.98470670915244
20/02/2020,07:05:00,314,Acidente c,1.7,BR-040/DF,Norte,Colisão lateral,1,0,0,1,0,0,0,0,0,0,0,0,0,0,0,040,2020-02-20 10:05:00+00:00,-15.991704104050324,-47.98651648045805
21/02/2020,07:09:00,383,Acidente c,2.6,BR-040/DF,Norte,Colisão frontal,1,0,0,0,0,0,0,0,1,0,0,0,0,0,0,040,2020-02-21 10:09:00+00:00,-15.99967585339181,-47.98490997338192
22/02/2020,02:45:00,208,Acidente c,6.7,BR-040/DF,Sul,Tombamento,0,0,1,0,0,0,0,0,0,0,0,1,0,0,0,040,2020-02-22 05:45:00+00:00,-16.03608120113199,-47.97933047163259
24/02/2020,03:27:00,84,Acidente s,0.1,BR-040/DF,Sul,Outros,1,0,0,0,0,0,0,0,0,0,1,0,0,0,0,040,2020-02-24 06:27:00+00:00,-15.977752055500277,-47.99014022432026
24/02/2020,02:46:00,221,Acidente s,5.147,BR-040/DF,Sul,Choque c/ Objeto Fixo,0,0,0,0,0,1,0,0,0,0,0,0,0,0,0,040,2020-02-24 05:46:00+00:00,-16.022215650170843,-47.98026597144623
27/02/2020,08:32:00,386,Acidente c,1.4,BR-040/DF,Sul,Colisão lateral,1,0,0,1,0,1,0,0,0,0,1,0,0,0,0,040,2020-02-27 11:32:00+00:00,-15.989046875353338,-47.98705972176622
28/02/2020,06:58:00,132,Acidente c,5.3,BR-040/DF,Norte,Colisão lateral,1,0,0,1,0,0,0,0,0,0,0,0,1,0,0,040,2020-02-28 09:58:00+00:00,-16.02357134588851,-47.9799915271314
02/03/2020,04:34:00,71,Acidente s,7.4,BR-040/DF,Norte,Colisão traseira,0,0,1,1,0,1,0,0,0,0,2,0,0,0,0,040,2020-03-02 07:34:00+00:00,-16.042329180275452,-47.980315903102515
02/03/2020,09:24:00,188,Acidente c,0.25,BR-040/DF,Norte,Tombamento de Moto,0,0,0,1,1,1,0,0,0,0,3,1,0,0,0,040,2020-03-02 12:24:00+00:00,-15.979080960561399,-47.98987070059264
02/03/2020,07:04:00,313,Acidente s,6.9,BR-040/DF,Sul,Colisão traseira,2,0,0,0,0,0,0,0,0,0,2,0,0,0,0,040,2020-03-02 10:04:00+00:00,-16.037866823596413,-47.97960879241375
03/03/2020,07:22:00,126,Acidente c,5.8,BR-040/DF,Norte,Colisão lateral,1,0,0,1,0,1,0,0,0,0,2,2,0,0,0,040,2020-03-03 10:22:00+00:00,-16.02800242473236,-47.97909917254604
03/03/2020,08:04:00,135,Acidente s,5.8,BR-040/DF,Norte,Colisão lateral,1,0,0,0,0,1,0,0,0,0,2,0,0,0,0,040,2020-03-03 11:04:00+00:00,-16.02800242473236,-47.97909917254604
13/03/2020,04:40:00,106,Acidente s,6.8,BR-040/DF,Norte,Capotamento,1,0,0,0,0,0,0,0,0,0,4,0,0,0,0,040,2020-03-13 07:40:00+00:00,-16.036973905924885,-47.97947034300178
15/03/2020,05:10:00,22,Acidente c,4.5,BR-040/DF,Sul,Choque c/ Objeto Fixo,1,0,0,0,0,0,0,0,0,0,1,0,0,0,0,040,2020-03-15 08:10:00+00:00,-16.016488213220736,-47.98144083480431
17/03/2020,07:39:00,298,Acidente c,2.4,BR-040/DF,Norte,Colisão lateral,1,0,0,1,0,0,0,0,0,0,2,0,0,0,0,040,2020-03-17 10:39:00+00:00,-15.997905661056247,-47.98526898823757
19/03/2020,07:20:00,277,Acidente s,3.9,BR-040/DF,Sul,Colisão traseira,2,0,0,0,0,0,0,0,0,0,0,0,0,0,0,040,2020-03-19 10:20:00+00:00,-16.011173238448922,-47.98252457385157
20/03/2020,05:46:00,104,Acidente F,6.7,BR-040/DF,Norte,Colisão traseira,0,0,0,1,0,1,0,0,0,0,1,0,0,0,1,040,2020-03-20 08:46:00+00:00,-16.03608120113199,-47.97933047163259
20/03/2020,10:01:00,162,Acidente c,6.8,BR-040/DF,Norte,Colisão frontal,1,0,1,0,0,0,0,0,0,0,2,0,0,0,0,040,2020-03-20 13:01:00+00:00,-16.036973905924885,-47.97947034300178
25/03/2020,07:21:00,224,Acidente s,0.7,BR-040/DF,Sul,Colisão lateral,0,0,0,1,0,0,0,0,0,0,1,0,0,0,0,040,2020-03-25 10:21:00+00:00,-15.982896144382996,-47.98851065541036
25/03/2020,09:35:00,241,Acidente c,4.7,BR-040/DF,Norte,Colisão lateral,0,0,0,1,0,2,0,0,0,0,2,0,0,1,0,040,2020-03-25 12:35:00+00:00,-16.018256651264295,-47.981076980894464
07/04/2020,01:58:00,181,Acidente c,6.2,BR-040/DF,Norte,Tombamento de Moto,0,0,0,1,0,0,0,0,0,0,0,1,0,0,0,040,2020-04-07 04:58:00+00:00,-16.031598243563078,-47.97882464034835
08/04/2020,01:17:00,193,Acidente c,2.5,BR-040/DF,Sul,Capotamento,0,0,0,0,0,1,0,0,0,0,1,0,0,0,0,040,2020-04-08 04:17:00+00:00,-15.998786510314467,-47.9850654509188
12/04/2020,05:09:00,14,Acidente s,2.5,BR-040/DF,Norte,Choque c/ Objeto Fixo,1,0,0,0,0,0,0,0,0,0,0,0,0,0,0,040,2020-04-12 08:09:00+00:00,-15.998786510314467,-47.9850654509188
13/04/2020,04:54:00,104,Acidente s,2.1,BR-040/DF,Norte,Colisão lateral,1,0,0,0,1,0,0,0,0,0,1,0,0,0,0,040,2020-04-13 07:54:00+00:00,-15.995244590909683,-47.98578930635743
15/04/2020,05:11:00,223,Acidente s,0.5,BR-040/DF,Norte,Choque c/ Objeto Fixo,1,0,0,0,0,0,0,0,0,0,1,0,0,0,0,040,2020-04-15 08:11:00+00:00,-15.981258998801273,-47.98927117648948
16/04/2020,07:14:00,122,Acidente s,3.5,BR-040/DF,Sul,Choque c/ Objeto Fixo,1,0,0,0,0,0,0,0,0,0,1,0,0,0,0,040,2020-04-16 10:14:00+00:00,-16.007631320840915,-47.98325451231453
23/04/2020,07:25:00,134,Acidente s,7.8,BR-040/DF,Sul,Tombamento,0,0,1,0,0,0,0,0,0,0,0,0,0,0,0,040,2020-04-23 10:25:00+00:00,-16.04589752081111,-47.98089170201557
24/04/2020,07:50:00,255,Acidente s,1.8,BR-040/DF,Sul,Engavetamento,3,0,0,0,0,1,0,0,0,0,0,0,0,0,0,040,2020-04-24 10:50:00+00:00,-15.992588808085221,-47.98633017752721
25/04/2020,12:10:00,86,Acidente s,1.3,BR-040/DF,Norte,Choque c/ Objeto Fixo,1,0,0,0,0,0,0,0,0,0,0,0,0,0,0,040,2020-04-25 15:10:00+00:00,-15.988161707075648,-47.98724375511734
27/04/2020,03:13:00,209,Acidente c,0.8,BR-040/DF,Sul,Colisão lateral,1,0,0,1,0,0,0,0,0,0,1,1,0,0,0,040,2020-04-27 06:13:00+00:00,-15.983739998009424,-47.98818059885455
29/04/2020,04:52:00,231,Acidente s,5.1,BR-040/DF,Sul,Colisão traseira,0,0,2,0,0,0,0,0,0,0,4,0,0,0,0,040,2020-04-29 07:52:00+00:00,-16.021799386502895,-47.98035128738056
02/05/2020,11:50:00,65,Acidente c,3.6,BR-040/DF,Sul,Tombamento de Moto,0,0,0,1,0,1,0,0,0,0,2,1,0,0,0,040,2020-05-02 14:50:00+00:00,-16.008516933398386,-47.98307272923642
03/05/2020,01:56:00,61,Acidente c,7.9,BR-040/DF,Sul,Tombamento,0,0,0,1,0,1,0,0,0,0,0,0,0,1,0,040,2020-05-03 04:56:00+00:00,-16.04678973148939,-47.98103491661812
07/05/2020,08:11:00,121,Acidente s,3.2,BR-040/DF,Norte,Colisão lateral,1,0,0,0,0,3,0,0,0,0,1,0,0,0,0,040,2020-05-07 11:11:00+00:00,-16.004970432301306,-47.983777564631566
07/05/2020,03:46:00,211,Acidente c,4.5,BR-040/DF,Sul,Capotamento,1,0,0,0,0,0,0,0,0,0,0,0,1,0,0,040,2020-05-07 06:46:00+00:00,-16.016488213220736,-47.98144083480431
07/05/2020,08:13:00,258,Acidente c,0.4,BR-040/DF,Sul,Tombamento de Moto,0,0,0,1,0,0,0,0,0,0,1,1,0,0,0,040,2020-05-07 11:13:00+00:00,-15.980401391605048,-47.989562707036
08/05/2020,03:22:00,82,Acidente s,8.4,BR-040/DF,Sul,Capotamento,0,0,0,0,0,1,0,0,0,0,1,0,0,0,0,040,2020-05-08 06:22:00+00:00,-16.051189089999976,-47.98177271999998
08/05/2020,08:19:00,268,Acidente s,7.9,BR-040/DF,Sul,Colisão lateral,1,0,0,0,0,0,0,0,0,0,3,0,0,0,0,040,2020-05-08 11:19:00+00:00,-16.04678973148939,-47.98103491661812
12/05/2020,06:54:00,235,Acidente c,5.5,BR-040/DF,Sul,Choque c/ Objeto Fixo,1,0,0,0,0,0,0,0,0,0,2,2,0,0,0,040,2020-05-12 09:54:00+00:00,-16.025343468566483,-47.97963307234679
13/05/2020,11:26:00,159,Acidente s,6.9,BR-040/DF,Sul,Colisão transversal,0,0,0,2,0,0,0,0,0,0,2,0,0,0,0,040,2020-05-13 14:26:00+00:00,-16.037866823596413,-47.97960879241375
22/05/2020,07:05:00,108,Acidente c,7.2,BR-040/DF,Norte,Colisão traseira,0,0,0,2,0,0,0,0,0,0,1,2,0,0,0,040,2020-05-22 10:05:00+00:00,-16.040543759517895,-47.98003640645204
22/05/2020,02:05:00,194,Acidente s,3.95,BR-040/DF,Norte,Capotamento,2,0,0,0,0,1,0,0,0,0,3,0,0,0,0,040,2020-05-22 05:05:00+00:00,-16.011615923573448,-47.98243304512892
22/05/2020,06:19:00,241,Acidente s,3.1,BR-040/DF,Sul,Colisão traseira,2,0,0,0,0,0,0,0,0,0,1,0,0,0,0,040,2020-05-22 09:19:00+00:00,-16.004089752213368,-47.98398265573781