data,horario,n_da_ocorrencia,tipo_de_ocorrencia,km,trecho,sentido,tipo_de_acidente,automovel,bicicleta,caminhao,moto,onibus,outros,tracao_animal,transporte_de_cargas_especiais,trator_maquinas,utilitarios,ilesos,levemente_feridos,moderadamente_feridos,gravemente_feridos,mortos,vl_br,timestamp_utc,latitude_acidente,longitude_acidente
26/05/2020,06:18:00,104,Acidente c,6.9,BR-040/DF,Norte,Colisão traseira,2,0,0,1,0,0,0,0,0,0,2,0,1,0,0,040,2020-05-26 09:18:00+00:00,-16.037866823596413,-47.97960879241375
26/05/2020,07:03:00,233,Acidente s,6.2,BR-040/DF,Sul,Colisão traseira,1,0,0,1,0,1,0,0,0,0,1,0,0,0,0,040,2020-05-26 10:03:00+00:00,-16.031598243563078,-47.97882464034835
27/05/2020,08:32:00,287,Acidente c,8.1,BR-040/DF,Sul,Atropelamento de Pedestre,1,2,0,0,0,0,0,0,0,0,1,1,0,0,0,040,2020-05-27 11:32:00+00:00,-16.048574876122156,-47.98131638357745
29/05/2020,08:24:00,141,Acidente c,4.9,BR-040/DF,Norte,Tombamento de Moto,0,0,0,1,0,1,0,0,0,0,1,1,0,0,0,040,2020-05-29 11:24:00+00:00,-16.020027679506335,-47.98071238763174
29/05/2020,09:20:00,162,Acidente s,6.9,BR-040/DF,Norte,Engavetamento,3,0,0,0,0,0,0,0,0,0,5,0,0,0,0,040,2020-05-29 12:20:00+00:00,-16.037866823596413,-47.97960879241375
03/06/2020,07:55:00,287,Acidente s,2.78,BR-040/DF,Sul,Engavetamento,3,0,0,0,0,1,0,0,0,0,3,0,0,0,0,040,2020-06-03 10:55:00+00:00,-16.001261730908986,-47.98454628925271
04/06/2020,02:34:00,47,Acidente s,2.2,BR-040/DF,Sul,Choque c/ Objeto Fixo,1,0,0,0,0,0,0,0,0,0,0,0,0,0,0,040,2020-06-04 05:34:00+00:00,-15.99612997186753,-47.9856063357417
06/06/2020,08:25:00,63,Acidente s,2.1,BR-040/DF,Sul,Capotamento,1,0,0,0,0,2,0,0,0,0,2,0,0,0,0,040,2020-06-06 11:25:00+00:00,-15.995244590909683,-47.98578930635743
08/06/2020,07:27:00,259,Acidente s,7.6,BR-040/DF,Sul,Atropelamento de Animal,0,0,0,0,0,2,0,0,0,0,1,0,0,0,0,040,2020-06-08 10:27:00+00:00,-16.044113614566683,-47.980601877368805
17/06/2020,07:32:00,276,Acidente c,0.1,BR-040/DF,Sul,Colisão lateral,1,0,0,0,0,1,0,0,0,0,2,1,0,0,0,040,2020-06-17 10:32:00+00:00,-15.977752055500277,-47.99014022432026
18/06/2020,06:26:00,85,Acidente s,7.9,BR-040/DF,Norte,Colisão lateral,1,0,0,0,0,2,0,0,0,0,2,0,0,0,0,040,2020-06-18 09:26:00+00:00,-16.04678973148939,-47.98103491661812
22/06/2020,06:56:00,117,Acidente c,8.11,BR-040/DF,Norte,Tombamento de Moto,0,0,0,1,0,0,0,0,0,0,1,0,0,0,0,040,2020-06-22 09:56:00+00:00,-16.04866414067318,-47.98133041580272
22/06/2020,08:14:00,136,Acidente s,6.8,BR-040/DF,Norte,Colisão traseira,2,0,0,0,0,0,0,0,0,0,2,0,0,0,0,040,2020-06-22 11:14:00+00:00,-16.036973905924885,-47.97947034300178
22/06/2020,07:51:00,296,Acidente c,2.9,BR-040/DF,Norte,Atropelamento de Ciclista,1,1,0,0,0,0,0,0,0,0,1,0,0,0,0,040,2020-06-22 10:51:00+00:00,-16.00232379083997,-47.984347565616254
25/06/2020,06:29:00,291,Acidente s,2.4,BR-040/DF,Sul,Colisão lateral,0,0,0,1,0,2,0,0,0,0,2,1,0,0,0,040,2020-06-25 09:29:00+00:00,-15.997905661056247,-47.98526898823757
26/06/2020,08:51:00,149,Acidente c,7.9,BR-040/DF,Sul,Atropelamento de Ciclista,1,1,0,0,0,0,0,0,0,0,1,0,0,1,0,040,2020-06-26 11:51:00+00:00,-16.04678973148939,-47.98103491661812
26/06/2020,05:17:00,273,Acidente c,7.3,BR-040/DF,Norte,Tombamento de Moto,0,0,0,1,0,1,0,0,0,0,2,0,0,0,0,040,2020-06-26 08:17:00+00:00,-16.041436265242957,-47.98017750440991
27/06/2020,06:51:00,156,Acidente c,5.8,BR-040/DF,Sul,Tombamento de Moto,0,0,0,1,0,2,0,0,0,0,0,0,0,0,0,040,2020-06-27 09:51:00+00:00,-16.02800242473236,-47.97909917254604
29/06/2020,06:26:00,106,Acidente c,5.5,BR-040/DF,Norte,Colisão lateral,1,0,0,0,0,1,0,0,0,0,1,1,0,0,0,040,2020-06-29 09:26:00+00:00,-16.025343468566483,-47.97963307234679
01/07/2020,11:18:00,179,Acidente s,4.5,BR-040/DF,Sul,Colisão traseira,1,0,1,0,0,0,0,0,0,0,2,0,0,0,0,040,2020-07-01 14:18:00+00:00,-16.016488213220736,-47.98144083480431
08/07/2020,06:40:00,105,Acidente s,7.5,BR-040/DF,Sul,Colisão traseira,2,0,0,0,0,1,0,0,0,0,2,0,0,0,0,040,2020-07-08 09:40:00+00:00,-16.04322068417927,-47.980463553328384
09/07/2020,12:42:00,178,Acidente c,8.3,BR-040/DF,Norte,Engavetamento,2,0,0,1,0,0,0,0,0,0,2,0,1,0,0,040,2020-07-09 15:42:00+00:00,-16.050353308035202,-47.98160642553609
09/07/2020,11:32:00,311,Acidente s,3.1,BR-040/DF,Norte,Colisão lateral,1,0,0,0,0,1,0,0,0,0,2,0,0,0,0,040,2020-07-09 14:32:00+00:00,-16.004089752213368,-47.98398265573781
10/07/2020,02:36:00,198,Acidente s,5.5,BR-040/DF,Sul,Capotamento,2,0,0,0,0,0,0,0,0,0,1,0,0,0,0,040,2020-07-10 05:36:00+00:00,-16.025343468566483,-47.97963307234679
11/07/2020,03:28:00,164,Acidente s,8.15,BR-040/DF,Sul,Capotamento,1,0,0,0,0,0,0,0,0,0,2,0,0,0,0,040,2020-07-11 06:28:00+00:00,-16.049020433068186,-47.9813912403252
13/07/2020,06:03:00,74,Acidente s,5.3,BR-040/DF,Norte,Colisão traseira,2,0,0,0,0,0,0,0,0,0,2,0,0,0,0,040,2020-07-13 09:03:00+00:00,-16.02357134588851,-47.9799915271314
13/07/2020,09:01:00,127,Acidente c,5.3,BR-040/DF,Sul,Engavetamento,3,0,0,0,0,0,0,0,0,0,3,0,0,0,0,040,2020-07-13 12:01:00+00:00,-16.02357134588851,-47.9799915271314
14/07/2020,07:51:00,116,Acidente s,2.3,BR-040/DF,Norte,Colisão traseira,2,0,0,0,0,0,0,0,0,0,2,0,0,0,0,040,2020-07-14 10:51:00+00:00,-15.997019849427009,-47.98544946905459
16/07/2020,12:31:00,220,Acidente s,7.4,BR-040/DF,Norte,Engavetamento,2,0,0,0,0,1,0,0,0,0,3,0,0,0,0,040,2020-07-16 15:31:00+00:00,-16.042329180275452,-47.980315903102515
17/07/2020,06:28:00,107,Acidente c,2.8,BR-040/DF,Norte,Colisão lateral,1,0,0,1,0,1,0,0,0,0,2,1,0,0,0,040,2020-07-17 09:28:00+00:00,-16.001439596929313,-47.98451406070111
22/07/2020,05:21:00,98,Acidente s,5.5,BR-040/DF,Norte,Engavetamento,2,0,0,0,0,2,0,0,0,0,4,0,0,0,0,040,2020-07-22 08:21:00+00:00,-16.025343468566483,-47.97963307234679
22/07/2020,06:24:00,106,Acidente s,5.9,BR-040/DF,Norte,Colisão lateral,0,0,0,1,0,1,0,0,0,0,2,0,0,0,0,040,2020-07-22 09:24:00+00:00,-16.02889749266502,-47.97898561658784
22/07/2020,01:49:00,207,Acidente c,8.35,BR-040/DF,Sul,Colisão lateral,1,0,0,0,1,0,0,0,0,0,2,0,0,0,0,040,2020-07-22 04:49:00+00:00,-16.050793599344566,-47.981708477272
26/07/2020,07:39:00,44,Acidente c,1.3,BR-040/DF,Norte,Capotamento,1,0,0,0,0,0,0,0,0,0,2,0,0,0,0,040,2020-07-26 10:39:00+00:00,-15.988161707075648,-47.98724375511734
27/07/2020,06:24:00,99,Acidente c,4.3,BR-040/DF,Norte,Colisão lateral,0,0,0,2,1,0,0,0,0,0,1,1,0,0,0,040,2020-07-27 09:24:00+00:00,-16.014716352935057,-47.98180092115799
27/07/2020,09:08:00,334,Acidente s,0.5,BR-040/DF,Sul,Choque c/ Objeto Fixo,2,0,0,0,0,2,0,0,0,0,1,0,0,0,0,040,2020-07-27 12:08:00+00:00,-15.981258998801273,-47.98927117648948
28/07/2020,02:10:00,224,Acidente c,5.5,BR-040/DF,Sul,Atropelamento de Pedestre,1,1,0,0,0,1,0,0,0,0,2,0,0,0,0,040,2020-07-28 05:10:00+00:00,-16.025343468566483,-47.97963307234679
29/07/2020,03:22:00,183,Acidente s,2.2,BR-040/DF,Norte,Colisão traseira,1,0,0,1,0,0,0,0,0,0,2,0,0,0,0,040,2020-07-29 06:22:00+00:00,-15.99612997186753,-47.9856063357417
01/08/2020,05:14:00,43,Acidente c,5.2,BR-040/DF,Norte,Colisão traseira,1,0,0,1,0,1,0,0,0,0,0,0,0,0,0,040,2020-08-01 08:14:00+00:00,-16.022685500982586,-47.980172122616
02/08/2020,07:23:00,33,Acidente s,8.1,BR-040/DF,Sul,Queda de Viaduto,1,0,0,0,0,0,0,0,0,0,0,0,0,0,0,040,2020-08-02 10:23:00+00:00,-16.048574876122156,-47.98131638357745
03/08/2020,07:34:00,109,Acidente s,4.1,BR-040/DF,Norte,Colisão traseira,0,0,0,1,0,1,0,0,0,0,0,0,0,0,0,040,2020-08-03 10:34:00+00:00,-16.012944920774345,-47.98216339245587
04/08/2020,07:32:00,113,Acidente s,8.1,BR-040/DF,Norte,Colisão traseira,1,0,0,2,0,0,0,0,0,0,0,0,0,0,0,040,2020-08-04 10:32:00+00:00,-16.048574876122156,-47.98131638357745
04/08/2020,07:42:00,118,Acidente c,8.1,BR-040/DF,Norte,Colisão traseira,1,0,0,1,0,0,0,0,0,0,0,1,0,0,0,040,2020-08-04 10:42:00+00:00,-16.048574876122156,-47.98131638357745
09/08/2020,04:31:00,27,Acidente c,5.5,BR-040/DF,Sul,Tombamento,0,0,0,1,0,0,0,0,0,0,0,1,0,0,0,040,2020-08-09 07:31:00+00:00,-16.025343468566483,-47.97963307234679
09/08/2020,07:08:00,208,Acidente s,1.3,BR-040/DF,Norte,Colisão traseira,3,0,0,0,0,1,0,0,0,0,0,0,0,0,0,040,2020-08-09 10:08:00+00:00,-15.988161707075648,-47.98724375511734
10/08/2020,12:58:00,31,Acidente s,5.5,BR-040/DF,Norte,Colisão traseira,2,0,0,0,0,1,0,0,0,0,0,0,0,0,0,040,2020-08-10 15:58:00+00:00,-16.025343468566483,-47.97963307234679
13/08/2020,07:07:00,115,Acidente s,6.3,BR-040/DF,Norte,Colisão lateral,0,0,0,0,0,2,0,0,0,0,0,0,0,0,0,040,2020-08-13 10:07:00+00:00,-16.03250050372421,-47.97885805738806
18/08/2020,09:52:00,140,Acidente c,5.1,BR-040/DF,Norte,Colisão lateral,0,0,0,1,0,1,0,0,0,0,0,1,0,0,0,040,2020-08-18 12:52:00+00:00,-16.021799386502895,-47.98035128738056
20/08/2020,05:18:00,264,Acidente c,5.8,BR-040/DF,Sul,Tombamento de Moto,0,0,0,1,0,0,0,0,0,0,0,1,0,0,0,040,2020-08-20 08:18:00+00:00,-16.02800242473236,-47.97909917254604
20/08/2020,07:18:00,302,Acidente c,8.3,BR-040/DF,Sul,Atropelamento de Pedestre,0,0,0,1,0,0,0,0,0,0,0,1,1,0,0,040,2020-08-20 10:18:00+00:00,-16.050353308035202,-47.98160642553609
20/08/2020,07:50:00,314,Acidente c,5.5,BR-040/DF,Sul,Tombamento de Moto,0,0,0,0,0,1,0,0,0,0,0,0,0,0,0,040,2020-08-20 10:50:00+00:00,-16.025343468566483,-47.97963307234679
21/08/2020,06:07:00,85,Acidente c,3.1,BR-040/DF,Norte,Colisão traseira,1,0,0,1,0,1,0,0,0,0,0,1,0,0,0,040,2020-08-21 09:07:00+00:00,-16.004089752213368,-47.98398265573781
22/08/2020,10:33:00,189,Acidente s,7.2,BR-040/DF,Sul,Capotamento,0,0,0,0,0,1,0,0,0,0,0,0,0,0,0,040,2020-08-22 13:33:00+00:00,-16.040543759517895,-47.98003640645204
30/08/2020,12:48:00,3,Acidente s,0.8,BR-040/DF,Norte,Choque c/ Objeto Fixo,1,0,0,0,0,0,0,0,0,0,0,0,0,0,0,040,2020-08-30 15:48:00+00:00,-15.983739998009424,-47.98818059885455
03/09/2020,07:06:00,106,Acidente s,3.2,BR-040/DF,Norte,Colisão lateral,0,0,0,1,0,0,0,0,0,0,1,0,0,0,0,040,2020-09-03 10:06:00+00:00,-16.004970432301306,-47.983777564631566
03/09/2020,07:16:00,110,Acidente s,7.8,BR-040/DF,Norte,Colisão lateral,1,0,0,1,0,0,0,0,0,0,1,0,1,0,0,040,2020-09-03 10:16:00+00:00,-16.04589752081111,-47.98089170201557
03/09/2020,10:59:00,294,Acidente s,0.3,BR-040/DF,Norte,Capotamento,1,0,0,0,0,1,0,0,0,0,1,0,0,0,0,040,2020-09-03 13:59:00+00:00,-15.97952436803145,-47.9897831292533
05/09/2020,02:00:00,23,Acidente s,7.8,BR-040/DF,Sul,Colisão traseira,2,0,0,0,0,0,0,0,0,0,4,0,0,0,0,040,2020-09-05 05:00:00+00:00,-16.04589752081111,-47.98089170201557
07/09/2020,07:48:00,35,Acidente s,7.2,BR-040/DF,Sul,Colisão lateral,2,0,0,0,0,1,0,0,0,0,1,0,1,0,0,040,2020-09-07 10:48:00+00:00,-16.040543759517895,-47.98003640645204
07/09/2020,11:16:00,74,Acidente s,5.5,BR-040/DF,Norte,Capotamento,1,0,0,0,0,0,0,0,0,0,1,0,0,0,0,040,2020-09-07 14:16:00+00:00,-16.025343468566483,-47.97963307234679
07/09/2020,10:53:00,287,Acidente c,7.3,BR-040/DF,Sul,Capotamento,1,0,0,0,0,0,0,0,0,0,2,0,1,0,0,040,2020-09-07 13:53:00+00:00,-16.041436265242957,-47.98017750440991
09/09/2020,05:44:00,244,Acidente c,5.5,BR-040/DF,Norte,Colisão lateral,2,0,0,0,0,1,0,0,0,0,2,0,1,0,0,040,2020-09-09 08:44:00+00:00,-16.025343468566483,-47.97963307234679
11/09/2020,08:49:00,137,Acidente c,3.5,BR-040/DF,Norte,Colisão traseira,1,0,0,0,0,1,0,0,0,0,0,1,0,0,0,040,2020-09-11 11:49:00+00:00,-16.007631320840915,-47.98325451231453
12/09/2020,12:18:00,7,Acidente c,7.9,BR-040/DF,Norte,Colisão traseira,2,0,0,1,0,0,0,0,0,0,0,1,0,0,0,040,2020-09-12 15:18:00+00:00,-16.04678973148939,-47.98103491661812
12/09/2020,09:41:00,212,Acidente c,4.5,BR-040/DF,Sul,Choque c/ Objeto Fixo,1,0,0,0,0,1,0,0,0,0,1,1,0,0,0,040,2020-09-12 12:41:00+00:00,-16.016488213220736,-47.98144083480431
17/09/2020,06:03:00,109,Acidente c,6.3,BR-040/DF,Norte,Tombamento de Moto,0,0,0,1,0,0,0,0,0,0,0,1,0,0,0,040,2020-09-17 09:03:00+00:00,-16.03250050372421,-47.97885805738806
18/09/2020,08:45:00,158,Acidente s,5.95,BR-040/DF,Norte,Colisão lateral,1,0,0,2,0,0,0,0,0,0,1,0,1,0,0,040,2020-09-18 11:45:00+00:00,-16.029344225282127,-47.97892068600026
19/09/2020,08:11:00,241,Acidente s,5.2,BR-040/DF,Norte,Colisão lateral,2,0,0,0,0,0,0,0,0,0,2,0,0,0,0,040,2020-09-19 11:11:00+00:00,-16.022685500982586,-47.980172122616
20/09/2020,11:32:00,248,Acidente c,7.2,BR-040/DF,Sul,Colisão lateral,1,0,0,1,0,0,0,0,0,0,3,0,1,0,0,040,2020-09-20 14:32:00+00:00,-16.040543759517895,-47.98003640645204
21/09/2020,01:34:00,206,Acidente s,3.5,BR-040/DF,Sul,Colisão traseira,2,0,0,0,0,0,0,0,0,0,0,0,0,0,0,040,2020-09-21 04:34:00+00:00,-16.007631320840915,-47.98325451231453
21/09/2020,01:57:00,208,Acidente s,0.1,BR-040/DF,Norte,Tombamento,0,0,1,0,0,0,0,0,0,0,1,0,0,0,0,040,2020-09-21 04:57:00+00:00,-15.977752055500277,-47.99014022432026
22/09/2020,08:38:00,123,Acidente c,7.7,BR-040/DF,Norte,Colisão lateral,1,0,0,0,0,1,0,0,0,0,2,1,0,0,0,040,2020-09-22 11:38:00+00:00,-16.045005497489623,-47.98074723749154
22/09/2020,10:44:00,146,Acidente s,3.1,BR-040/DF,Norte,Engavetamento,2,0,0,0,0,1,0,0,0,0,3,0,0,0,0,040,2020-09-22 13:44:00+00:00,-16.004089752213368,-47.98398265573781
24/09/2020,08:14:00,136,Acidente c,7.8,BR-040/DF,Norte,Colisão traseira,0,0,0,1,0,1,0,0,0,0,1,1,0,0,0,040,2020-09-24 11:14:00+00:00,-16.04589752081111,-47.98089170201557
24/09/2020,07:32:00,302,Acidente c,3.8,BR-040/DF,Sul,Colisão lateral,1,0,0,1,0,0,0,0,0,0,1,0,1,0,0,040,2020-09-24 10:32:00+00:00,-16.010287930410097,-47.98270794867232
28/09/2020,07:10:00,105,Acidente s,6.5,BR-040/DF,Norte,Engavetamento,1,0,0,0,1,1,0,0,0,0,3,0,0,0,0,040,2020-09-28 10:10:00+00:00,-16.034296673630603,-47.97904501336752
05/10/2020,02:48:00,222,Acidente c,1.1,BR-040/DF,Sul,Choque c/ Objeto Fixo,0,2,2,0,0,1,0,0,0,0,0,1,0,0,0,040,2020-10-05 05:48:00+00:00,-15.986389775084268,-47.98760354456679
09/10/2020,07:45:00,126,Acidente c,5.6,BR-040/DF,Norte,Colisão lateral,0,0,0,1,0,1,0,0,0,0,0,1,0,0,0,040,2020-10-09 10:45:00+00:00,-16.026229632509633,-47.97945419544009
09/10/2020,08:33:00,346,Acidente c,7.2,BR-040/DF,Sul,Colisão lateral,0,0,0,2,0,0,0,0,0,0,1,1,0,0,0,040,2020-10-09 11:33:00+00:00,-16.040543759517895,-47.98003640645204
09/10/2020,10:44:00,377,Acidente c,6.8,BR-040/DF,Sul,Colisão transversal,1,0,0,1,0,0,0,0,0,0,2,0,0,0,0,040,2020-10-09 13:44:00+00:00,-16.036973905924885,-47.97947034300178
11/10/2020,01:43:00,15,Acidente s,7.3,BR-040/DF,Sul,Choque c/ Objeto Fixo,0,0,1,1,0,0,0,0,0,0,1,0,0,0,0,040,2020-10-11 04:43:00+00:00,-16.041436265242957,-47.98017750440991
12/10/2020,11:36:00,101,Acidente s,1.8,BR-040/DF,Norte,Colisão traseira,1,0,0,0,0,2,0,0,0,0,0,0,0,0,0,040,2020-10-12 14:36:00+00:00,-15.992588808085221,-47.98633017752721
14/10/2020,08:21:00,101,Acidente c,6.68,BR-040/DF,Norte,Tombamento de Moto,0,0,0,1,0,0,0,0,0,0,0,1,0,0,0,040,2020-10-14 11:21:00+00:00,-16.035902954864653,-47.97930054974797
24/10/2020,03:25:00,154,Acidente c,0.2,BR-040/DF,Norte,Capotamento,0,0,0,0,0,0,0,0,0,0,0,1,0,0,0,040,2020-10-24 06:25:00+00:00,-15.97863703805657,-47.989955296137616
29/10/2020,12:19:00,2,Acidente c,0.2,BR-040/DF,Sul,Choque c/ Objeto Fixo,0,0,0,2,0,0,0,0,0,0,0,2,0,0,0,040,2020-10-29 15:19:00+00:00,-15.97863703805657,-47.989955296137616
29/10/2020,07:10:00,101,Acidente c,2.8,BR-040/DF,Norte,Tombamento,0,0,0,1,0,0,0,0,0,0,0,1,0,0,0,040,2020-10-29 10:10:00+00:00,-16.001439596929313,-47.98451406070111
29/10/2020,07:32:00,308,Acidente s,3.5,BR-040/DF,Sul,Colisão traseira,1,0,0,1,0,1,0,0,0,0,2,1,0,0,0,040,2020-10-29 10:32:00+00:00,-16.007631320840915,-47.98325451231453
30/10/2020,08:12:00,117,Acidente s,5.1,BR-040/DF,Norte,Colisão traseira,2,0,0,0,0,0,0,0,0,0,0,0,0,0,0,040,2020-10-30 11:12:00+00:00,-16.021799386502895,-47.98035128738056
30/10/2020,01:57:00,215,Acidente s,8.1,BR-040/DF,Norte,Colisão traseira,1,0,0,1,0,0,0,0,0,0,2,0,0,0,0,040,2020-10-30 04:57:00+00:00,-16.048574876122156,-47.98131638357745
02/11/2020,02:52:00,145,Acidente s,7.35,BR-040/DF,Sul,Choque c/ Objeto Fixo,1,0,0,0,0,0,0,0,0,0,1,1,0,1,0,040,2020-11-02 05:52:00+00:00,-16.041882471381033,-47.9802484464356
06/11/2020,09:19:00,307,Acidente s,6.1,BR-040/DF,Sul,Colisão traseira,2,0,0,0,0,0,0,0,0,0,2,0,0,0,0,040,2020-11-06 12:19:00+00:00,-16.030695474275564,-47.9788300101082
10/11/2020,11:01:00,142,Acidente s,0.5,BR-040/DF,Norte,Colisão traseira,1,0,0,1,0,0,0,0,0,0,2,0,0,0,0,040,2020-11-10 14:01:00+00:00,-15.981258998801273,-47.98927117648948
14/11/2020,09:39:00,91,Acidente c,4.95,BR-040/DF,Norte,Tombamento de Moto,1,0,0,2,0,0,0,0,0,0,1,1,0,0,0,040,2020-11-14 12:39:00+00:00,-16.020470667681394,-47.980622429651966
15/11/2020,09:16:00,47,Acidente s,4.95,BR-040/DF,Norte,Choque c/ Objeto Fixo,2,0,0,0,0,1,0,0,0,0,1,0,0,0,0,040,2020-11-15 12:16:00+00:00,-16.020470667681394,-47.980622429651966
16/11/2020,08:04:00,125,Acidente c,3.15,BR-040/DF,Norte,Atropelamento de Pedestre,0,0,0,1,1,0,0,0,0,0,2,0,0,0,0,040,2020-11-16 11:04:00+00:00,-16.004530395427157,-47.98388156029681
17/11/2020,03:39:00,222,Acidente c,4.1,BR-040/DF,Sul,Tombamento de Moto,0,0,0,1,0,1,0,0,0,0,0,0,1,0,0,040,2020-11-17 06:39:00+00:00,-16.012944920774345,-47.98216339245587
17/11/2020,07:27:00,281,Acidente c,4.1,BR-040/DF,Sul,Tombamento de Moto,0,0,0,1,0,0,0,0,0,0,0,0,0,0,0,040,2020-11-17 10:27:00+00:00,-16.012944920774345,-47.98216339245587
18/11/2020,07:39:00,110,Acidente c,7.1,BR-040/DF,Norte,Colisão lateral,2,0,0,2,0,0,0,0,0,0,2,1,0,0,0,040,2020-11-18 10:39:00+00:00,-16.039651319001248,-47.9798947053415
20/11/2020,06:29:00,80,Acidente c,3.3,BR-040/DF,Norte,Colisão lateral,1,0,0,1,0,0,0,0,0,0,2,0,0,0,0,040,2020-11-20 09:29:00+00:00,-16.00585722531901,-47.983602171525455
21/11/2020,11:29:00,194,Acidente s,3.15,BR-040/DF,Sul,Choque c/ Objeto Fixo,2,0,0,0,0,0,0,0,0,0,1,0,0,0,0,040,2020-11-21 14:29:00+00:00,-16.004530395427157,-47.98388156029681
23/11/2020,12:53:00,7,Acidente c,6.5,BR-040/DF,Sul,Capotamento,1,0,0,0,0,0,0,0,0,0,3,1,0,0,0,040,2020-11-23 15:53:00+00:00,-16.034296673630603,-47.97904501336752
24/11/2020,10:01:00,134,Acidente c,1.15,BR-040/DF,Sul,Atropelamento de Ciclista,0,0,1,0,0,0,0,0,0,0,1,0,1,0,0,040,2020-11-24 13:01:00+00:00,-15.98683280934005,-47.98751386561503
25/11/2020,07:34:00,108,Acidente c,7.1,BR-040/DF,Norte,Colisão traseira,2,0,0,2,0,0,0,0,0,0,2,1,0,0,0,040,2020-11-25 10:34:00+00:00,-16.039651319001248,-47.9798947053415
26/11/2020,04:23:00,250,Acidente s,3.5,BR-040/DF,Norte,Outros,2,0,0,0,0,0,0,0,0,0,0,0,0,0,0,040,2020-11-26 07:23:00+00:00,-16.007631320840915,-47.98325451231453
27/11/2020,08:48:00,142,Acidente s,3.15,BR-040/DF,Sul,Colisão lateral,1,0,0,2,0,0,0,0,0,0,3,0,0,0,0,040,2020-11-27 11:48:00+00:00,-16.004530395427157,-47.98388156029681
28/11/2020,06:51:00,43,Acidente s,3.1,BR-040/DF,Norte,Engavetamento,4,0,0,0,0,1,0,0,0,0,3,0,0,0,0,040,2020-11-28 09:51:00+00:00,-16.004089752213368,-47.98398265573781
03/12/2020,07:12:00,143,Acidente c,4.1,BR-040/DF,Norte,Colisão lateral,0,0,0,0,0,1,0,0,0,0,1,1,0,0,0,040,2020-12-03 10:12:00+00:00,-16.012944920774345,-47.98216339245587
04/12/2020,04:37:00,284,Acidente c,7.8,BR-040/DF,Sul,Tombamento de Moto,0,0,0,1,0,0,0,0,0,0,1,1,0,0,0,040,2020-12-04 07:37:00+00:00,-16.04589752081111,-47.98089170201557
04/12/2020,08:04:00,354,Acidente s,2.8,BR-040/DF,Sul,Colisão traseira,3,0,0,0,0,0,0,0,0,0,2,0,0,0,0,040,2020-12-04 11:04:00+00:00,-16.001439596929313,-47.98451406070111
05/12/2020,12:20:00,3,Acidente c,7.2,BR-040/DF,Sul,Colisão traseira,0,0,0,1,0,1,0,0,0,0,0,1,0,0,0,040,2020-12-05 15:20:00+00:00,-16.040543759517895,-47.98003640645204
05/12/2020,11:36:00,122,Acidente s,8.1,BR-040/DF,Sul,Colisão traseira,2,0,0,0,0,0,0,0,0,0,2,0,0,0,0,040,2020-12-05 14:36:00+00:00,-16.048574876122156,-47.98131638357745
07/12/2020,05:07:00,245,Acidente c,1.15,BR-040/DF,Sul,Engavetamento,2,0,0,0,0,2,0,0,0,0,4,0,0,0,0,040,2020-12-07 08:07:00+00:00,-15.98683280934005,-47.98751386561503
07/12/2020,06:10:00,260,Acidente c,3.1,BR-040/DF,Norte,Engavetamento,3,0,0,0,0,0,0,0,0,0,2,0,1,0,0,040,2020-12-07 09:10:00+00:00,-16.004089752213368,-47.98398265573781
07/12/2020,09:51:00,315,Acidente c,0.1,BR-040/DF,Sul,Colisão lateral,2,0,0,1,0,0,0,0,0,0,1,1,0,0,0,040,2020-12-07 12:51:00+00:00,-15.977752055500277,-47.99014022432026
10/12/2020,02:09:00,260,Acidente s,1.6,BR-040/DF,Norte,Capotamento,1,0,0,0,0,0,0,0,0,0,1,0,0,0,0,040,2020-12-10 05:09:00+00:00,-15.990818106867216,-47.98669622660105
15/12/2020,06:43:00,98,Acidente c,2.985,BR-040/DF,Norte,Colisão traseira,0,0,0,0,0,1,0,0,0,0,1,0,0,0,0,040,2020-12-15 09:43:00+00:00,-16.00307793865426,-47.984204584923276
15/12/2020,07:06:00,106,Acidente c,4.1,BR-040/DF,Norte,Atropelamento de Pedestre,0,0,0,0,0,1,0,0,0,0,1,0,1,0,0,040,2020-12-15 10:06:00+00:00,-16.012944920774345,-47.98216339245587
19/12/2020,01:11:00,173,Acidente s,2.45,BR-040/DF,Sul,Colisão traseira,2,0,0,0,0,0,0,0,0,0,2,0,0,0,0,040,2020-12-19 04:11:00+00:00,-15.998346076095086,-47.98516723274803
21/12/2020,02:40:00,216,Acidente s,1.1,BR-040/DF,Sul,Colisão traseira,1,0,0,0,0,1,0,0,0,0,2,1,0,0,0,040,2020-12-21 05:40:00+00:00,-15.986389775084268,-47.98760354456679
21/12/2020,03:58:00,236,Acidente c,8.1,BR-040/DF,Sul,Colisão lateral,0,0,0,1,0,1,0,0,0,0,1,0,1,0,0,040,2020-12-21 06:58:00+00:00,-16.048574876122156,-47.98131638357745