data,horario,n_da_ocorrencia,tipo_de_ocorrencia,km,trecho,sentido,tipo_de_acidente,automovel,bicicleta,caminhao,moto,onibus,outros,tracao_animal,transporte_de_cargas_especiais,trator_maquinas,utilitarios,ilesos,levemente_feridos,moderadamente_feridos,gravemente_feridos,mortos,vl_br,timestamp_utc,latitude_acidente,longitude_acidente
21/12/2020,08:30:00,302,Acidente s,7.9,BR-040/DF,Sul,Choque c/ Objeto Fixo,2,0,0,0,0,0,0,0,0,0,3,0,0,0,0,040,2020-12-21 11:30:00+00:00,-16.04678973148939,-47.98103491661812
22/12/2020,10:00:00,324,Acidente s,3.2,BR-040/DF,Norte,Choque c/ Objeto Fixo,1,0,0,0,0,0,0,0,0,0,1,0,0,0,0,040,2020-12-22 13:00:00+00:00,-16.004970432301306,-47.983777564631566
23/12/2020,10:05:00,181,Acidente s,5.7,BR-040/DF,Norte,Colisão traseira,1,0,0,0,0,0,0,0,0,0,1,0,0,0,0,040,2020-12-23 13:05:00+00:00,-16.027115181158486,-47.9792721455203
23/12/2020,08:34:00,347,Acidente s,1.1,BR-040/DF,Sul,Colisão traseira,1,0,0,1,0,0,0,0,0,0,2,0,0,0,0,040,2020-12-23 11:34:00+00:00,-15.986389775084268,-47.98760354456679
25/12/2020,06:45:00,144,Acidente s,0.5,BR-040/DF,Sul,Choque c/ Objeto Fixo,2,0,0,0,0,0,0,0,0,0,2,0,0,0,0,040,2020-12-25 09:45:00+00:00,-15.981258998801273,-47.98927117648948
26/12/2020,02:44:00,134,Acidente c,3.15,BR-040/DF,Norte,Capotamento,1,0,0,0,0,0,0,0,0,0,1,0,0,0,0,040,2020-12-26 05:44:00+00:00,-16.004530395427157,-47.98388156029681
26/12/2020,03:52:00,150,Acidente s,3.5,BR-040/DF,Sul,Colisão lateral,2,0,0,0,1,0,0,0,0,0,2,1,0,0,0,040,2020-12-26 06:52:00+00:00,-16.007631320840915,-47.98325451231453
01/01/2021,02:20:00,19,Acidente c,7.8,BR-040/DF,Sul,Atropelamento de Pedestre,0,0,0,0,0,0,0,0,0,0,0,0,1,1,0,040,2021-01-01 05:20:00+00:00,-16.04589752081111,-47.98089170201557
06/01/2021,12:07:00,170,Acidente s,8.3,BR-040/DF,Norte,Engavetamento,4,0,0,0,0,0,0,0,0,0,12,0,0,0,0,040,2021-01-06 15:07:00+00:00,-16.050353308035202,-47.98160642553609
09/01/2021,04:21:00,158,Acidente c,2.5,BR-040/DF,Sul,Colisão traseira,2,0,0,1,0,0,0,0,0,0,2,1,0,0,0,040,2021-01-09 07:21:00+00:00,-15.998786510314467,-47.9850654509188
12/01/2021,02:08:00,204,Acidente c,7.8,BR-040/DF,Norte,Colisão traseira,0,0,0,1,0,1,0,0,0,0,2,0,0,1,0,040,2021-01-12 05:08:00+00:00,-16.04589752081111,-47.98089170201557
18/01/2021,05:54:00,296,Acidente c,0.5,BR-040/DF,Sul,Colisão lateral,0,0,0,3,0,1,0,0,0,0,2,1,0,0,0,040,2021-01-18 08:54:00+00:00,-15.981258998801273,-47.98927117648948
22/01/2021,07:04:00,125,Acidente c,6.4,BR-040/DF,Norte,Colisão lateral,1,0,0,1,0,0,0,0,0,0,1,1,0,0,0,040,2021-01-22 10:04:00+00:00,-16.03340046349643,-47.978932034439126
26/01/2021,06:29:00,105,Acidente c,4.7,BR-040/DF,Norte,Colisão traseira,0,0,2,3,0,0,0,0,1,0,1,0,0,0,0,040,2021-01-26 09:29:00+00:00,-16.018256651264295,-47.981076980894464
26/01/2021,03:46:00,233,Acidente c,5.5,BR-040/DF,Norte,Tombamento de Moto,0,0,0,1,0,0,0,0,0,0,1,1,0,0,0,040,2021-01-26 06:46:00+00:00,-16.025343468566483,-47.97963307234679
27/01/2021,08:17:00,332,Acidente s,2.8,BR-040/DF,Sul,Engavetamento,4,0,0,0,0,1,0,0,0,0,4,0,0,0,0,040,2021-01-27 11:17:00+00:00,-16.001439596929313,-47.98451406070111
28/01/2021,03:22:00,256,Acidente s,4.5,BR-040/DF,Norte,Engavetamento,3,0,0,0,0,0,0,0,0,0,3,0,0,0,0,040,2021-01-28 06:22:00+00:00,-16.016488213220736,-47.98144083480431
29/01/2021,06:20:00,83,Acidente c,6.1,BR-040/DF,Norte,Colisão traseira,1,0,0,1,0,0,0,0,0,0,1,0,1,0,0,040,2021-01-29 09:20:00+00:00,-16.030695474275564,-47.9788300101082
29/01/2021,08:21:00,130,Acidente s,5.5,BR-040/DF,Norte,Colisão traseira,3,0,0,0,0,0,0,0,0,0,2,0,0,0,0,040,2021-01-29 11:21:00+00:00,-16.025343468566483,-47.97963307234679
01/02/2021,07:51:00,127,Acidente s,3.5,BR-040/DF,Norte,Atropelamento de Pedestre,0,0,0,1,0,1,0,0,0,0,0,0,0,0,0,040,2021-02-01 10:51:00+00:00,-16.007631320840915,-47.98325451231453
02/02/2021,05:58:00,235,Acidente c,4.2,BR-040/DF,Sul,Colisão lateral,1,0,0,1,0,0,0,0,0,0,3,1,0,0,0,040,2021-02-02 08:58:00+00:00,-16.013830307420342,-47.98198044185797
04/02/2021,02:21:00,209,Acidente s,7.5,BR-040/DF,Norte,Colisão traseira,2,0,0,0,0,0,0,0,0,0,0,0,0,0,0,040,2021-02-04 05:21:00+00:00,-16.04322068417927,-47.980463553328384
07/02/2021,08:40:00,182,Acidente s,2.8,BR-040/DF,Norte,Choque c/ Objeto Fixo,1,0,0,0,0,0,0,0,0,0,3,0,0,0,0,040,2021-02-07 11:40:00+00:00,-16.001439596929313,-47.98451406070111
07/02/2021,09:21:00,192,Acidente s,0.15,BR-040/DF,Norte,Choque c/ Objeto Fixo,2,0,0,0,0,0,0,0,0,0,1,0,0,0,0,040,2021-02-07 12:21:00+00:00,-15.978194684080533,-47.99004843771673
10/02/2021,05:56:00,239,Acidente s,0.2,BR-040/DF,Norte,Capotamento,1,0,0,0,0,1,0,0,0,0,1,0,0,0,0,040,2021-02-10 08:56:00+00:00,-15.97863703805657,-47.989955296137616
11/02/2021,09:04:00,316,Acidente s,0.4,BR-040/DF,Sul,Choque c/ Objeto Fixo,3,0,0,0,0,0,0,0,0,0,1,0,0,0,0,040,2021-02-11 12:04:00+00:00,-15.980401391605048,-47.989562707036
12/02/2021,04:54:00,230,Acidente s,3.0,BR-040/DF,Sul,Choque c/ Objeto Fixo,1,0,1,0,0,0,0,0,0,0,0,0,0,0,0,040,2021-02-12 07:54:00+00:00,-16.00321267156879,-47.98419457410762
15/02/2021,02:54:00,186,Acidente c,5.5,BR-040/DF,Norte,Colisão lateral,1,0,1,0,0,2,0,0,0,0,1,0,0,0,0,040,2021-02-15 05:54:00+00:00,-16.025343468566483,-47.97963307234679
21/02/2021,09:40:00,208,Acidente c,5.2,BR-040/DF,Norte,Colisão traseira,3,0,1,0,0,0,0,0,0,0,1,1,0,0,0,040,2021-02-21 12:40:00+00:00,-16.022685500982586,-47.980172122616
22/02/2021,10:13:00,269,Acidente s,2.8,BR-040/DF,Norte,Colisão traseira,1,0,0,0,0,1,0,0,0,0,3,0,0,0,0,040,2021-02-22 13:13:00+00:00,-16.001439596929313,-47.98451406070111
23/02/2021,08:34:00,101,Acidente c,4.4,BR-040/DF,Sul,Colisão lateral,0,0,0,2,0,0,0,0,0,0,2,2,0,0,0,040,2021-02-23 11:34:00+00:00,-16.01560185184811,-47.981618569137744
23/02/2021,09:18:00,109,Acidente s,6.15,BR-040/DF,Norte,Colisão lateral,0,0,0,0,0,2,0,0,0,0,0,0,0,0,0,040,2021-02-23 12:18:00+00:00,-16.031146821211983,-47.978820723610426
23/02/2021,09:38:00,115,Acidente c,5.9,BR-040/DF,Norte,Colisão lateral,1,0,0,1,0,0,0,0,0,0,2,0,1,0,0,040,2021-02-23 12:38:00+00:00,-16.02889749266502,-47.97898561658784
23/02/2021,09:59:00,118,Acidente s,7.5,BR-040/DF,Norte,Colisão traseira,1,0,0,0,0,1,0,0,0,0,0,0,0,0,0,040,2021-02-23 12:59:00+00:00,-16.04322068417927,-47.980463553328384
26/02/2021,06:36:00,106,Acidente c,4.1,BR-040/DF,Norte,Colisão lateral,0,0,0,1,0,0,0,0,0,0,0,0,0,0,0,040,2021-02-26 09:36:00+00:00,-16.012944920774345,-47.98216339245587
27/02/2021,09:56:00,56,Acidente c,5.4,BR-040/DF,Norte,Colisão lateral,0,0,0,0,0,2,0,0,0,0,0,0,0,0,0,040,2021-02-27 12:56:00+00:00,-16.024456635920256,-47.97980807581175
01/03/2021,09:18:00,157,Acidente c,5.9,BR-040/DF,Norte,Colisão lateral,2,0,0,1,0,0,0,0,0,0,1,1,0,0,0,040,2021-03-01 12:18:00+00:00,-16.02889749266502,-47.97898561658784
04/03/2021,07:58:00,126,Acidente c,5.1,BR-040/DF,Sul,Colisão traseira,1,0,2,0,0,1,0,0,0,0,2,1,0,0,0,040,2021-03-04 10:58:00+00:00,-16.021799386502895,-47.98035128738056
04/03/2021,08:06:00,129,Acidente s,4.8,BR-040/DF,Norte,Queda Veículo,2,0,0,1,0,0,0,0,0,0,2,1,0,0,0,040,2021-03-04 11:06:00+00:00,-16.019141702254522,-47.980892274949284
06/03/2021,11:51:00,123,Acidente s,5.5,BR-040/DF,Norte,Colisão traseira,4,0,0,0,0,0,0,0,0,0,3,0,0,0,0,040,2021-03-06 14:51:00+00:00,-16.025343468566483,-47.97963307234679
08/03/2021,10:26:00,353,Acidente s,0.3,BR-040/DF,Norte,Colisão transversal,4,0,0,0,0,0,0,0,0,0,4,0,0,0,0,040,2021-03-08 13:26:00+00:00,-15.97952436803145,-47.9897831292533
09/03/2021,06:54:00,111,Acidente s,6.3,BR-040/DF,Norte,Colisão traseira,1,0,0,1,0,0,0,0,0,0,2,0,0,0,0,040,2021-03-09 09:54:00+00:00,-16.03250050372421,-47.97885805738806
15/03/2021,06:42:00,255,Acidente s,4.8,BR-040/DF,Sul,Colisão transversal,1,0,0,1,0,1,0,0,0,0,2,0,0,0,0,040,2021-03-15 09:42:00+00:00,-16.019141702254522,-47.980892274949284
20/03/2021,02:26:00,29,Acidente s,4.8,BR-040/DF,Sul,Choque c/ Objeto Fixo,1,0,0,0,0,1,0,0,0,0,1,0,0,0,0,040,2021-03-20 05:26:00+00:00,-16.019141702254522,-47.980892274949284
24/03/2021,05:47:00,83,Acidente c,2.0,BR-040/DF,Norte,Tombamento de Moto,0,0,0,1,0,1,0,0,0,0,0,1,0,0,0,040,2021-03-24 08:47:00+00:00,-15.994359414490402,-47.985973302872196
24/03/2021,06:19:00,240,Acidente c,2.2,BR-040/DF,Norte,Colisão lateral,0,0,0,1,0,1,0,0,0,0,2,0,0,0,0,040,2021-03-24 09:19:00+00:00,-15.99612997186753,-47.9856063357417
24/03/2021,06:50:00,246,Acidente s,4.3,BR-040/DF,Norte,Choque c/ Objeto Fixo,2,0,0,0,0,0,0,0,0,0,1,0,0,0,0,040,2021-03-24 09:50:00+00:00,-16.014716352935057,-47.98180092115799
26/03/2021,07:03:00,113,Acidente c,7.6,BR-040/DF,Norte,Tombamento de Moto,0,0,0,1,0,0,0,0,0,0,1,1,0,0,0,040,2021-03-26 10:03:00+00:00,-16.044113614566683,-47.980601877368805
30/03/2021,05:26:00,221,Acidente c,7.2,BR-040/DF,Sul,Colisão traseira,2,0,0,1,0,1,0,0,0,0,2,1,0,0,0,040,2021-03-30 08:26:00+00:00,-16.040543759517895,-47.98003640645204
01/04/2021,06:57:00,285,Acidente c,0.1,BR-040/DF,Norte,Colisão traseira,1,0,0,1,0,0,0,0,0,0,2,0,1,0,0,040,2021-04-01 09:57:00+00:00,-15.977752055500277,-47.99014022432026
01/04/2021,11:50:00,339,Acidente s,3.5,BR-040/DF,Norte,Choque c/ Objeto Fixo,1,0,0,0,0,1,0,0,0,0,3,0,0,0,0,040,2021-04-01 14:50:00+00:00,-16.007631320840915,-47.98325451231453
02/04/2021,08:29:00,192,Acidente c,4.5,BR-040/DF,Sul,Tombamento de Moto,0,0,0,0,0,1,0,0,0,0,0,0,0,0,0,040,2021-04-02 11:29:00+00:00,-16.016488213220736,-47.98144083480431
03/04/2021,07:16:00,170,Acidente s,5.4,BR-040/DF,Norte,Colisão lateral,0,0,0,0,0,2,0,0,0,0,0,0,0,0,0,040,2021-04-03 10:16:00+00:00,-16.024456635920256,-47.97980807581175
09/04/2021,01:42:00,203,Acidente s,5.5,BR-040/DF,Norte,Capotamento,2,0,0,0,0,0,0,0,0,0,0,0,0,0,0,040,2021-04-09 04:42:00+00:00,-16.025343468566483,-47.97963307234679
09/04/2021,02:29:00,212,Acidente c,8.1,BR-040/DF,Norte,Colisão lateral,1,0,0,1,0,0,0,0,0,0,2,1,0,0,0,040,2021-04-09 05:29:00+00:00,-16.048574876122156,-47.98131638357745
09/04/2021,04:41:00,236,Acidente s,1.22,BR-040/DF,Sul,Colisão lateral,1,1,0,0,0,0,0,0,0,0,2,0,0,0,0,040,2021-04-09 07:41:00+00:00,-15.987452823917852,-47.987387088286276
10/04/2021,07:07:00,200,Acidente c,3.35,BR-040/DF,Norte,Colisão traseira,1,0,0,1,0,0,0,0,0,0,1,1,0,0,0,040,2021-04-10 10:07:00+00:00,-16.006300428530057,-47.983513404776325
10/04/2021,07:52:00,212,Acidente s,4.32,BR-040/DF,Sul,Atropelamento de Ciclista,0,2,0,0,0,0,0,0,0,0,1,0,0,0,0,040,2021-04-10 10:52:00+00:00,-16.014893375153765,-47.98176404105866
12/04/2021,07:05:00,101,Acidente c,3.2,BR-040/DF,Sul,Colisão traseira,4,0,0,0,0,1,0,0,0,0,1,0,0,0,0,040,2021-04-12 10:05:00+00:00,-16.004970432301306,-47.983777564631566
14/04/2021,02:26:00,235,Acidente c,8.2,BR-040/DF,Sul,Colisão lateral,0,0,0,1,0,1,0,0,0,0,2,0,0,0,0,040,2021-04-14 05:26:00+00:00,-16.049465699683573,-47.981453167995376
15/04/2021,07:37:00,135,Acidente c,3.2,BR-040/DF,Norte,Colisão lateral,1,0,0,1,0,0,0,0,0,0,2,1,0,0,0,040,2021-04-15 10:37:00+00:00,-16.004970432301306,-47.983777564631566
15/04/2021,10:09:00,312,Acidente c,5.2,BR-040/DF,Sul,Colisão traseira,1,0,0,0,0,1,0,0,0,0,0,0,0,0,0,040,2021-04-15 13:09:00+00:00,-16.022685500982586,-47.980172122616
16/04/2021,07:47:00,129,Acidente c,6.3,BR-040/DF,Norte,Colisão traseira,1,0,0,1,0,0,0,0,0,0,1,0,1,0,0,040,2021-04-16 10:47:00+00:00,-16.03250050372421,-47.97885805738806
16/04/2021,05:25:00,222,Acidente c,1.5,BR-040/DF,Sul,Colisão lateral,1,0,0,1,0,1,0,0,0,0,5,0,0,0,0,040,2021-04-16 08:25:00+00:00,-15.989932639686035,-47.98687875185026
19/04/2021,06:24:00,241,Acidente c,4.5,BR-040/DF,Sul,Colisão traseira,1,0,0,1,0,0,0,0,0,0,3,0,0,0,0,040,2021-04-19 09:24:00+00:00,-16.016488213220736,-47.98144083480431
21/04/2021,01:22:00,147,Acidente c,1.5,BR-040/DF,Norte,Colisão traseira,1,0,0,2,0,1,0,0,0,0,2,1,0,0,0,040,2021-04-21 04:22:00+00:00,-15.989932639686035,-47.98687875185026
03/05/2021,06:41:00,283,Acidente s,1.8,BR-040/DF,Sul,Colisão frontal,0,0,0,1,0,1,0,0,0,0,1,0,0,0,0,040,2021-05-03 09:41:00+00:00,-15.992588808085221,-47.98633017752721
05/05/2021,12:28:00,153,Acidente c,5.1,BR-040/DF,Sul,Outros,2,0,0,0,0,0,0,0,0,0,0,1,0,0,0,040,2021-05-05 15:28:00+00:00,-16.021799386502895,-47.98035128738056
06/05/2021,07:51:00,263,Acidente s,4.1,BR-040/DF,Sul,Colisão traseira,3,0,0,0,0,0,0,0,0,0,3,0,0,0,0,040,2021-05-06 10:51:00+00:00,-16.012944920774345,-47.98216339245587
07/05/2021,05:33:00,274,Acidente c,1.2,BR-040/DF,Sul,Colisão traseira,1,0,0,0,0,3,0,0,0,0,2,1,0,0,0,040,2021-05-07 08:33:00+00:00,-15.987275770722288,-47.98742379831673
07/05/2021,05:43:00,276,Acidente c,1.5,BR-040/DF,Sul,Colisão lateral,1,0,0,1,0,0,0,0,0,0,1,1,0,0,0,040,2021-05-07 08:43:00+00:00,-15.989932639686035,-47.98687875185026
08/05/2021,04:23:00,199,Acidente c,8.75,BR-040/DF,Norte,Colisão lateral,0,0,0,2,0,1,0,0,0,0,0,1,0,0,0,040,2021-05-08 07:23:00+00:00,-16.051189089999976,-47.98177271999998
11/05/2021,07:07:00,239,Acidente c,3.1,BR-040/DF,Sul,Colisão traseira,2,0,0,1,0,0,0,0,0,0,3,0,1,0,0,040,2021-05-11 10:07:00+00:00,-16.004089752213368,-47.98398265573781
12/05/2021,06:44:00,87,Acidente s,3.2,BR-040/DF,Norte,Colisão lateral,1,0,0,0,0,2,0,0,0,0,1,1,0,0,0,040,2021-05-12 09:44:00+00:00,-16.004970432301306,-47.983777564631566
13/05/2021,07:45:00,119,Acidente s,4.2,BR-040/DF,Norte,Colisão traseira,0,0,0,1,0,2,0,0,0,0,1,0,0,0,0,040,2021-05-13 10:45:00+00:00,-16.013830307420342,-47.98198044185797
15/05/2021,09:21:00,220,Acidente c,4.1,BR-040/DF,Norte,Capotamento,1,0,0,0,0,0,0,0,0,0,2,0,0,0,0,040,2021-05-15 12:21:00+00:00,-16.012944920774345,-47.98216339245587
27/05/2021,07:51:00,131,Acidente s,2.5,BR-040/DF,Norte,Engavetamento,3,0,0,0,0,1,0,0,0,0,2,0,0,0,0,040,2021-05-27 10:51:00+00:00,-15.998786510314467,-47.9850654509188
27/05/2021,08:54:00,148,Acidente c,7.8,BR-040/DF,Norte,Colisão lateral,1,0,0,1,0,0,0,0,0,0,1,1,0,0,0,040,2021-05-27 11:54:00+00:00,-16.04589752081111,-47.98089170201557
28/05/2021,09:04:00,342,Acidente s,2.8,BR-040/DF,Sul,Atropelamento de Pedestre,1,0,0,0,0,1,0,0,0,0,1,0,0,0,0,040,2021-05-28 12:04:00+00:00,-16.001439596929313,-47.98451406070111
03/06/2021,11:25:00,299,Acidente s,3.8,BR-040/DF,Sul,Capotamento,2,0,0,0,0,1,0,0,0,0,1,0,0,0,0,040,2021-06-03 14:25:00+00:00,-16.010287930410097,-47.98270794867232
04/06/2021,06:27:00,207,Acidente c,0.12,BR-040/DF,Norte,Tombamento de Moto,0,0,0,2,0,0,0,0,0,0,0,1,0,0,0,040,2021-06-04 09:27:00+00:00,-15.977929110963194,-47.99010352689109
06/06/2021,08:56:00,173,Acidente c,6.9,BR-040/DF,Sul,Colisão traseira,2,0,0,0,0,0,0,0,0,0,2,1,0,0,0,040,2021-06-06 11:56:00+00:00,-16.037866823596413,-47.97960879241375
06/06/2021,09:01:00,176,Acidente c,7.1,BR-040/DF,Sul,Colisão traseira,0,0,1,1,0,0,0,0,0,0,2,0,1,0,0,040,2021-06-06 12:01:00+00:00,-16.039651319001248,-47.9798947053415
11/06/2021,07:12:00,94,Acidente c,3.6,BR-040/DF,Norte,Colisão lateral,3,0,0,2,0,0,0,0,0,0,2,0,0,0,0,040,2021-06-11 10:12:00+00:00,-16.008516933398386,-47.98307272923642
11/06/2021,08:05:00,108,Acidente s,4.1,BR-040/DF,Norte,Colisão traseira,2,0,0,0,0,1,0,0,0,0,2,0,0,0,0,040,2021-06-11 11:05:00+00:00,-16.012944920774345,-47.98216339245587
14/06/2021,08:50:00,128,Acidente c,7.8,BR-040/DF,Norte,Tombamento de Moto,0,0,0,1,0,0,0,0,0,0,0,1,0,0,0,040,2021-06-14 11:50:00+00:00,-16.04589752081111,-47.98089170201557
14/06/2021,11:07:00,164,Acidente s,2.5,BR-040/DF,Norte,Colisão traseira,0,1,0,0,0,2,0,0,0,1,1,0,0,0,0,040,2021-06-14 14:07:00+00:00,-15.998786510314467,-47.9850654509188
15/06/2021,10:16:00,148,Acidente s,6.5,BR-040/DF,Sul,Colisão traseira,2,0,0,0,0,0,0,0,0,0,5,0,0,0,0,040,2021-06-15 13:16:00+00:00,-16.034296673630603,-47.97904501336752
16/06/2021,08:03:00,126,Acidente c,3.3,BR-040/DF,Norte,Colisão traseira,2,0,0,2,0,1,0,0,0,0,2,0,0,0,0,040,2021-06-16 11:03:00+00:00,-16.00585722531901,-47.983602171525455
19/06/2021,06:14:00,34,Acidente c,5.5,BR-040/DF,Norte,Colisão transversal,0,1,0,2,0,1,0,0,0,0,1,0,0,0,0,040,2021-06-19 09:14:00+00:00,-16.025343468566483,-47.97963307234679
25/06/2021,03:44:00,57,Acidente c,5.1,BR-040/DF,Sul,Tombamento de Moto,0,0,0,1,0,0,0,0,0,0,1,0,0,1,0,040,2021-06-25 06:44:00+00:00,-16.021799386502895,-47.98035128738056
26/06/2021,10:49:00,274,Acidente c,6.1,BR-040/DF,Sul,Choque c/ Objeto Fixo,1,0,0,0,0,0,0,0,0,0,1,0,1,0,0,040,2021-06-26 13:49:00+00:00,-16.030695474275564,-47.9788300101082
27/06/2021,10:06:00,225,Acidente c,5.9,BR-040/DF,Sul,Tombamento,0,0,0,1,0,0,0,0,0,0,0,1,0,0,0,040,2021-06-27 13:06:00+00:00,-16.02889749266502,-47.97898561658784
28/06/2021,06:04:00,288,Acidente s,1.1,BR-040/DF,Norte,Colisão traseira,2,0,0,0,0,0,0,0,0,0,2,0,0,0,0,040,2021-06-28 09:04:00+00:00,-15.986389775084268,-47.98760354456679
01/07/2021,06:49:00,288,Acidente c,5.5,BR-040/DF,Sul,Colisão traseira,0,0,0,1,0,2,0,0,0,0,0,1,0,0,0,040,2021-07-01 09:49:00+00:00,-16.025343468566483,-47.97963307234679
01/07/2021,09:05:00,308,Acidente c,5.3,BR-040/DF,Norte,Tombamento de Moto,0,0,0,0,0,1,0,0,0,0,0,0,0,0,0,040,2021-07-01 12:05:00+00:00,-16.02357134588851,-47.9799915271314
02/07/2021,10:11:00,171,Acidente s,2.1,BR-040/DF,Norte,Colisão lateral,2,0,0,0,3,0,0,0,0,0,2,0,0,0,0,040,2021-07-02 13:11:00+00:00,-15.995244590909683,-47.98578930635743
08/07/2021,07:44:00,125,Acidente c,5.85,BR-040/DF,Norte,Colisão transversal,1,0,0,1,0,0,0,0,0,0,1,0,2,0,0,040,2021-07-08 10:44:00+00:00,-16.028449868299443,-47.97903867843444
14/07/2021,08:17:00,319,Acidente c,8.1,BR-040/DF,Sul,Tombamento de Moto,0,0,0,1,0,0,0,0,0,0,0,0,0,0,0,040,2021-07-14 11:17:00+00:00,-16.048574876122156,-47.98131638357745
17/07/2021,07:42:00,65,Acidente c,4.2,BR-040/DF,Norte,Capotamento,1,0,0,0,0,0,0,0,0,0,1,1,0,0,0,040,2021-07-17 10:42:00+00:00,-16.013830307420342,-47.98198044185797
18/07/2021,02:36:00,45,Acidente c,7.4,BR-040/DF,Sul,Colisão frontal,5,0,0,0,0,0,0,0,0,0,3,2,1,0,0,040,2021-07-18 05:36:00+00:00,-16.042329180275452,-47.980315903102515
19/07/2021,01:58:00,205,Acidente s,5.3,BR-040/DF,Norte,Choque c/ Objeto Fixo,2,0,0,0,0,0,0,0,0,0,1,0,0,0,0,040,2021-07-19 04:58:00+00:00,-16.02357134588851,-47.9799915271314
23/07/2021,11:28:00,156,Acidente s,6.3,BR-040/DF,Sul,Choque c/ Objeto Fixo,0,0,1,0,0,1,0,0,0,0,1,0,0,0,0,040,2021-07-23 14:28:00+00:00,-16.03250050372421,-47.97885805738806
26/07/2021,07:08:00,85,Acidente c,3.8,BR-040/DF,Norte,Queda Veículo,0,0,0,2,0,0,0,0,0,0,1,0,0,0,0,040,2021-07-26 10:08:00+00:00,-16.010287930410097,-47.98270794867232
26/07/2021,07:30:00,88,Acidente c,6.8,BR-040/DF,Norte,Colisão lateral,0,0,0,2,0,0,0,0,0,0,2,0,0,0,0,040,2021-07-26 10:30:00+00:00,-16.036973905924885,-47.97947034300178
27/07/2021,10:39:00,171,Acidente s,2.2,BR-040/DF,Norte,Engavetamento,6,0,0,0,0,0,0,0,0,0,7,0,0,0,0,040,2021-07-27 13:39:00+00:00,-15.99612997186753,-47.9856063357417
06/08/2021,05:04:00,264,Acidente c,0.2,BR-040/DF,Sul,Atropelamento de Pedestre,0,0,0,1,0,0,0,0,0,0,1,0,0,0,0,040,2021-08-06 08:04:00+00:00,-15.97863703805657,-47.989955296137616
07/08/2021,11:04:00,100,Acidente s,5.7,BR-040/DF,Norte,Colisão traseira,3,0,0,0,0,0,0,0,0,0,2,0,0,0,0,040,2021-08-07 14:04:00+00:00,-16.027115181158486,-47.9792721455203
08/08/2021,07:30:00,197,Acidente c,7.5,BR-040/DF,Sul,Colisão lateral,1,0,0,1,0,0,0,0,0,0,1,0,0,0,0,040,2021-08-08 10:30:00+00:00,-16.04322068417927,-47.980463553328384
10/08/2021,09:31:00,117,Acidente c,0.2,BR-040/DF,Norte,Queda Veículo,0,0,0,2,0,0,0,0,0,0,2,0,0,0,0,040,2021-08-10 12:31:00+00:00,-15.97863703805657,-47.989955296137616
16/08/2021,12:37:00,196,Acidente s,7.83,BR-040/DF,Norte,Colisão traseira,0,0,0,0,1,1,0,0,0,0,2,0,0,0,0,040,2021-08-16 15:37:00+00:00,-16.04616502888988,-47.98093569757397
16/08/2021,12:57:00,201,Acidente s,8.4,BR-040/DF,Norte,Colisão traseira,2,0,0,0,0,0,0,0,0,0,2,0,0,0,0,040,2021-08-16 15:57:00+00:00,-16.051189089999976,-47.98177271999998
18/08/2021,04:35:00,241,Acidente s,6.5,BR-040/DF,Norte,Choque c/ Objeto Fixo,1,0,0,0,0,0,0,0,0,0,0,0,0,0,0,040,2021-08-18 07:35:00+00:00,-16.034296673630603,-47.97904501336752
18/08/2021,06:49:00,267,Acidente s,6.1,BR-040/DF,Norte,Engavetamento,5,0,0,0,0,0,0,0,0,0,3,0,0,0,0,040,2021-08-18 09:49:00+00:00,-16.030695474275564,-47.9788300101082
19/08/2021,05:02:00,259,Acidente c,0.5,BR-040/DF,Sul,Colisão lateral,0,0,0,3,0,2,0,0,0,0,0,1,0,0,0,040,2021-08-19 08:02:00+00:00,-15.981258998801273,-47.98927117648948
20/08/2021,05:11:00,257,Acidente c,1.5,BR-040/DF,Sul,Colisão transversal,2,0,0,1,0,0,0,0,0,0,1,2,0,0,0,040,2021-08-20 08:11:00+00:00,-15.989932639686035,-47.98687875185026
23/08/2021,07:22:00,119,Acidente c,5.1,BR-040/DF,Norte,Colisão traseira,0,0,0,2,0,0,0,0,0,0,3,0,0,0,0,040,2021-08-23 10:22:00+00:00,-16.021799386502895,-47.98035128738056
25/08/2021,07:41:00,108,Acidente s,0.65,BR-040/DF,Sul,Capotamento,1,0,0,0,0,1,0,0,0,0,1,0,0,0,0,040,2021-08-25 10:41:00+00:00,-15.982505650498942,-47.988735400474006
26/08/2021,01:25:00,21,Acidente s,0.1,BR-040/DF,Sul,Colisão transversal,1,0,0,0,0,2,0,0,0,0,1,0,0,0,0,040,2021-08-26 04:25:00+00:00,-15.977752055500277,-47.99014022432026