data,horario,n_da_ocorrencia,tipo_de_ocorrencia,km,trecho,sentido,tipo_de_acidente,automovel,bicicleta,caminhao,moto,onibus,outros,tracao_animal,transporte_de_cargas_especiais,trator_maquinas,utilitarios,ilesos,levemente_feridos,moderadamente_feridos,gravemente_feridos,mortos,vl_br,timestamp_utc,latitude_acidente,longitude_acidente
26/08/2021,07:32:00,111,Acidente c,5.6,BR-040/DF,Norte,Atropelamento de Pedestre,0,0,0,2,0,0,0,0,0,0,1,0,1,0,0,040,2021-08-26 10:32:00+00:00,-16.026229632509633,-47.97945419544009
28/08/2021,03:00:00,182,Acidente c,3.6,BR-040/DF,Norte,Engavetamento,2,0,0,2,0,0,0,0,0,0,3,1,0,0,0,040,2021-08-28 06:00:00+00:00,-16.008516933398386,-47.98307272923642
01/09/2021,10:17:00,168,Acidente s,3.5,BR-040/DF,Sul,Colisão lateral,1,0,2,0,0,1,0,0,0,0,3,0,0,0,0,040,2021-09-01 13:17:00+00:00,-16.007631320840915,-47.98325451231453
03/09/2021,06:27:00,84,Acidente c,4.2,BR-040/DF,Norte,Atropelamento de Pedestre,0,0,0,0,0,2,0,0,0,0,1,1,0,0,0,040,2021-09-03 09:27:00+00:00,-16.013830307420342,-47.98198044185797
03/09/2021,07:53:00,302,Acidente F,7.5,BR-040/DF,Sul,Colisão lateral,0,0,0,2,2,3,0,0,0,0,47,0,0,0,1,040,2021-09-03 10:53:00+00:00,-16.04322068417927,-47.980463553328384
05/09/2021,01:49:00,115,Acidente s,0.4,BR-040/DF,Sul,Choque c/ Objeto Fixo,2,0,0,0,0,0,0,0,0,0,6,0,0,0,0,040,2021-09-05 04:49:00+00:00,-15.980401391605048,-47.989562707036
11/09/2021,05:15:00,38,Acidente c,5.9,BR-040/DF,Norte,Colisão lateral,2,0,0,0,0,0,0,0,0,0,1,1,0,0,0,040,2021-09-11 08:15:00+00:00,-16.02889749266502,-47.97898561658784
11/09/2021,05:29:00,159,Acidente c,5.8,BR-040/DF,Sul,Choque c/ Objeto Fixo,1,0,0,0,0,0,0,0,0,0,1,1,0,0,0,040,2021-09-11 08:29:00+00:00,-16.02800242473236,-47.97909917254604
13/09/2021,05:46:00,280,Acidente s,5.5,BR-040/DF,Sul,Colisão lateral,3,0,0,0,0,0,0,0,0,0,4,0,0,0,0,040,2021-09-13 08:46:00+00:00,-16.025343468566483,-47.97963307234679
15/09/2021,08:41:00,138,Acidente c,3.8,BR-040/DF,Sul,Colisão lateral,0,0,0,1,0,0,0,0,0,0,1,1,0,0,0,040,2021-09-15 11:41:00+00:00,-16.010287930410097,-47.98270794867232
17/09/2021,04:39:00,278,Acidente c,5.5,BR-040/DF,Sul,Atropelamento de Pedestre,1,0,0,0,0,0,0,0,0,0,1,0,0,1,0,040,2021-09-17 07:39:00+00:00,-16.025343468566483,-47.97963307234679
23/09/2021,10:06:00,144,Acidente s,2.8,BR-040/DF,Norte,Choque c/ Objeto Fixo,2,0,0,0,0,0,0,0,0,0,1,0,0,0,0,040,2021-09-23 13:06:00+00:00,-16.001439596929313,-47.98451406070111
25/09/2021,06:50:00,66,Acidente c,5.5,BR-040/DF,Norte,Tombamento de Moto,0,0,0,4,0,1,0,0,0,0,3,0,1,0,0,040,2021-09-25 09:50:00+00:00,-16.025343468566483,-47.97963307234679
25/09/2021,10:11:00,111,Acidente s,8.23,BR-040/DF,Sul,Colisão lateral,1,0,0,0,1,0,0,0,0,0,2,0,0,0,0,040,2021-09-25 13:11:00+00:00,-16.04973187542114,-47.981504781261876
26/09/2021,06:37:00,28,Acidente s,2.6,BR-040/DF,Norte,Capotamento,1,0,0,0,0,1,0,0,0,0,0,0,0,0,0,040,2021-09-26 09:37:00+00:00,-15.99967585339181,-47.98490997338192
26/09/2021,08:29:00,41,Acidente c,2.78,BR-040/DF,Norte,Engavetamento,2,0,0,0,0,0,0,0,0,0,2,2,0,0,0,040,2021-09-26 11:29:00+00:00,-16.001261730908986,-47.98454628925271
29/09/2021,08:14:00,132,Acidente c,0.5,BR-040/DF,Norte,Atropelamento de Pedestre,0,0,0,0,0,1,0,0,0,0,0,2,0,0,0,040,2021-09-29 11:14:00+00:00,-15.981258998801273,-47.98927117648948
02/10/2021,05:39:00,28,Acidente c,0.3,BR-040/DF,Sul,Tombamento,0,0,1,0,1,0,0,0,0,0,0,0,1,0,0,040,2021-10-02 08:39:00+00:00,-15.97952436803145,-47.9897831292533
04/10/2021,09:46:00,385,Acidente c,6.3,BR-040/DF,Sul,Capotamento,1,0,0,0,0,0,0,0,0,0,0,0,1,0,0,040,2021-10-04 12:46:00+00:00,-16.03250050372421,-47.97885805738806
06/10/2021,05:36:00,83,Acidente s,5.7,BR-040/DF,Sul,Colisão lateral,1,0,0,0,1,0,0,0,0,0,2,0,0,0,0,040,2021-10-06 08:36:00+00:00,-16.027115181158486,-47.9792721455203
08/10/2021,03:00:00,37,Acidente c,0.6,BR-040/DF,Sul,Colisão traseira,3,0,0,0,0,0,0,0,0,0,1,1,0,0,0,040,2021-10-08 06:00:00+00:00,-15.982085410438911,-47.98889955533508
10/10/2021,07:19:00,215,Acidente s,0.3,BR-040/DF,Sul,Choque com objeto,1,0,0,0,0,0,0,0,0,0,1,0,0,0,0,040,2021-10-10 10:19:00+00:00,-15.97952436803145,-47.9897831292533
11/10/2021,08:03:00,82,Acidente s,7.25,BR-040/DF,Norte,Choque c/ Objeto Fixo,1,0,0,0,0,1,0,0,0,0,1,0,0,0,0,040,2021-10-11 11:03:00+00:00,-16.040990328626194,-47.98010482149106
13/10/2021,09:22:00,145,Acidente c,4.5,BR-040/DF,Norte,Colisão traseira,2,0,0,0,0,1,0,0,0,0,2,1,0,0,0,040,2021-10-13 12:22:00+00:00,-16.016488213220736,-47.98144083480431
16/10/2021,04:23:00,73,Acidente c,8.1,BR-040/DF,Sul,Atropelamento de Pedestre,0,0,0,0,0,1,0,0,0,0,1,0,1,0,0,040,2021-10-16 07:23:00+00:00,-16.048574876122156,-47.98131638357745
17/10/2021,08:36:00,42,Acidente s,6.1,BR-040/DF,Norte,Colisão traseira,0,0,0,1,0,1,0,0,0,0,2,0,0,0,0,040,2021-10-17 11:36:00+00:00,-16.030695474275564,-47.9788300101082
18/10/2021,12:44:00,166,Acidente s,5.4,BR-040/DF,Sul,Colisão traseira,1,0,0,0,1,0,0,0,0,0,2,0,0,0,0,040,2021-10-18 15:44:00+00:00,-16.024456635920256,-47.97980807581175
19/10/2021,08:30:00,140,Acidente c,5.8,BR-040/DF,Sul,Colisão traseira,0,1,0,1,0,0,0,0,0,0,0,1,0,0,0,040,2021-10-19 11:30:00+00:00,-16.02800242473236,-47.97909917254604
19/10/2021,04:24:00,269,Acidente s,0.6,BR-040/DF,Sul,Colisão transversal,2,0,0,1,0,0,0,0,0,0,1,0,1,0,0,040,2021-10-19 07:24:00+00:00,-15.982085410438911,-47.98889955533508
21/10/2021,04:43:00,242,Acidente F,3.3,BR-040/DF,Norte,Colisão lateral,0,0,0,2,0,1,0,0,0,0,2,0,0,0,1,040,2021-10-21 07:43:00+00:00,-16.00585722531901,-47.983602171525455
24/10/2021,12:11:00,113,Acidente s,3.1,BR-040/DF,Norte,Colisão traseira,2,0,0,0,0,1,0,0,0,0,1,0,0,0,0,040,2021-10-24 15:11:00+00:00,-16.004089752213368,-47.98398265573781
25/10/2021,08:13:00,278,Acidente s,0.3,BR-040/DF,Norte,Choque com objeto,2,0,0,0,0,0,0,0,0,0,4,0,0,0,0,040,2021-10-25 11:13:00+00:00,-15.97952436803145,-47.9897831292533
28/10/2021,04:18:00,87,Acidente c,8.17,BR-040/DF,Sul,Choque c/ Objeto Fixo,0,0,0,0,0,1,0,0,0,0,0,0,1,0,0,040,2021-10-28 07:18:00+00:00,-16.049197965655985,-47.98142540251549
28/10/2021,07:06:00,309,Acidente s,6.2,BR-040/DF,Norte,Colisão lateral,2,0,0,1,0,0,0,0,0,0,2,0,0,0,0,040,2021-10-28 10:06:00+00:00,-16.031598243563078,-47.97882464034835
04/11/2021,07:59:00,136,Acidente c,2.8,BR-040/DF,Norte,Colisão lateral,1,0,0,2,0,0,0,0,0,0,2,1,0,0,0,040,2021-11-04 10:59:00+00:00,-16.001439596929313,-47.98451406070111
07/11/2021,06:51:00,36,Acidente F,3.5,BR-040/DF,Norte,Atropelamento de Pedestre,0,0,0,0,2,0,0,0,0,0,9,0,0,0,1,040,2021-11-07 09:51:00+00:00,-16.007631320840915,-47.98325451231453
09/11/2021,06:08:00,84,Acidente c,2.0,BR-040/DF,Norte,Colisão lateral,1,0,0,1,0,1,0,0,0,0,0,0,0,0,0,040,2021-11-09 09:08:00+00:00,-15.994359414490402,-47.985973302872196
11/11/2021,07:12:00,344,Acidente c,1.5,BR-040/DF,Sul,Tombamento de Moto,0,0,0,1,0,0,0,0,0,0,1,0,0,0,0,040,2021-11-11 10:12:00+00:00,-15.989932639686035,-47.98687875185026
15/11/2021,03:03:00,29,Acidente c,7.1,BR-040/DF,Sul,Colisão traseira,3,0,0,0,0,0,0,0,0,0,3,1,0,0,0,040,2021-11-15 06:03:00+00:00,-16.039651319001248,-47.9798947053415
15/11/2021,07:27:00,59,Acidente c,0.1,BR-040/DF,Sul,Queda Veículo,0,0,0,1,0,0,0,0,0,0,1,1,0,0,0,040,2021-11-15 10:27:00+00:00,-15.977752055500277,-47.99014022432026
17/11/2021,08:43:00,128,Acidente s,7.65,BR-040/DF,Norte,Colisão lateral,0,0,0,0,1,1,0,0,0,0,2,0,0,0,0,040,2021-11-17 11:43:00+00:00,-16.04455981696661,-47.98067284020734
23/11/2021,08:41:00,310,Acidente s,3.15,BR-040/DF,Sul,Colisão lateral,1,2,0,0,0,0,0,0,0,0,1,0,0,0,0,040,2021-11-23 11:41:00+00:00,-16.004530395427157,-47.98388156029681
03/12/2021,05:33:00,281,Acidente s,2.9,BR-040/DF,Sul,Colisão lateral,1,0,0,0,1,1,0,0,0,0,2,0,0,0,0,040,2021-12-03 08:33:00+00:00,-16.00232379083997,-47.984347565616254
04/12/2021,10:32:00,288,Acidente s,3.1,BR-040/DF,Sul,Colisão lateral,3,0,2,0,0,1,0,0,0,0,4,0,0,0,0,040,2021-12-04 13:32:00+00:00,-16.004089752213368,-47.98398265573781
06/12/2021,07:22:00,119,Acidente c,5.5,BR-040/DF,Norte,Colisão traseira,3,0,0,1,0,2,0,0,0,0,2,0,0,0,0,040,2021-12-06 10:22:00+00:00,-16.025343468566483,-47.97963307234679
07/12/2021,06:39:00,101,Acidente c,8.1,BR-040/DF,Norte,Colisão traseira,1,0,0,1,0,0,0,0,0,0,0,0,0,0,0,040,2021-12-07 09:39:00+00:00,-16.048574876122156,-47.98131638357745
07/12/2021,05:53:00,266,Acidente c,0.8,BR-040/DF,Sul,Choque c/ Objeto Fixo,1,0,0,1,0,0,0,0,0,0,4,0,1,0,0,040,2021-12-07 08:53:00+00:00,-15.983739998009424,-47.98818059885455
07/12/2021,07:51:00,290,Acidente c,0.6,BR-040/DF,Sul,Tombamento de Moto,0,0,0,2,0,0,0,0,0,0,0,0,0,0,0,040,2021-12-07 10:51:00+00:00,-15.982085410438911,-47.98889955533508
10/12/2021,08:17:00,139,Acidente c,0.0,BR-040/DF,Norte,Colisão transversal,1,0,0,1,0,1,0,0,0,0,0,0,1,0,0,040,2021-12-10 11:17:00+00:00,-15.976866599999944,-47.99032136999995
11/12/2021,01:12:00,41,Acidente s,6.9,BR-040/DF,Sul,Choque c/ Objeto Fixo,1,0,0,0,0,0,0,0,0,0,0,0,0,0,0,040,2021-12-11 04:12:00+00:00,-16.037866823596413,-47.97960879241375
13/12/2021,06:51:00,317,Acidente s,3.1,BR-040/DF,Sul,Colisão traseira,3,0,0,0,0,0,0,0,0,0,2,0,0,0,0,040,2021-12-13 09:51:00+00:00,-16.004089752213368,-47.98398265573781
16/12/2021,09:36:00,383,Acidente c,6.8,BR-040/DF,Sul,Choque c/ Objeto Fixo,2,0,0,0,0,0,0,0,0,0,1,0,0,0,0,040,2021-12-16 12:36:00+00:00,-16.036973905924885,-47.97947034300178
22/12/2021,06:22:00,329,Acidente s,1.5,BR-040/DF,Sul,Engavetamento,2,0,0,0,0,1,0,0,0,0,1,0,0,0,0,040,2021-12-22 09:22:00+00:00,-15.989932639686035,-47.98687875185026
30/12/2021,02:13:00,229,Acidente s,7.5,BR-040/DF,Norte,Colisão lateral,1,0,0,0,1,0,0,0,0,0,2,0,0,0,0,040,2021-12-30 05:13:00+00:00,-16.04322068417927,-47.980463553328384
02/01/2022,01:15:00,9,Acidente c,0.6,BR-040/DF,Sul,Colisão traseira,3,0,0,0,0,0,0,0,0,0,3,0,0,0,0,040,2022-01-02 04:15:00+00:00,-15.982085410438911,-47.98889955533508
07/01/2022,06:35:00,115,Acidente s,0.5,BR-040/DF,Norte,Colisão traseira,3,0,0,0,0,0,0,0,0,0,0,0,0,0,0,040,2022-01-07 09:35:00+00:00,-15.981258998801273,-47.98927117648948
07/01/2022,07:14:00,294,Acidente c,3.3,BR-040/DF,Sul,Atropelamento de Pedestre,0,0,0,1,0,0,0,0,0,0,1,2,0,0,0,040,2022-01-07 10:14:00+00:00,-16.00585722531901,-47.983602171525455
08/01/2022,07:56:00,106,Acidente c,7.6,BR-040/DF,Norte,Colisão lateral,2,0,0,1,0,1,0,0,0,0,0,0,0,0,0,040,2022-01-08 10:56:00+00:00,-16.044113614566683,-47.980601877368805
08/01/2022,07:15:00,255,Acidente s,0.3,BR-040/DF,Sul,Choque c/ Objeto Fixo,1,0,0,0,0,0,0,0,0,0,0,0,0,0,0,040,2022-01-08 10:15:00+00:00,-15.97952436803145,-47.9897831292533
09/01/2022,11:01:00,105,Acidente s,2.78,BR-040/DF,Sul,Choque c/ Objeto Fixo,0,0,1,0,0,0,0,0,0,0,1,0,0,0,0,040,2022-01-09 14:01:00+00:00,-16.001261730908986,-47.98454628925271
11/01/2022,12:11:00,3,Acidente s,0.1,BR-040/DF,Sul,Choque c/ Objeto Fixo,1,0,0,0,0,0,0,0,0,0,1,0,0,0,0,040,2022-01-11 15:11:00+00:00,-15.977752055500277,-47.99014022432026
16/01/2022,10:48:00,256,Acidente s,7.3,BR-040/DF,Norte,Choque c/ Objeto Fixo,1,0,0,0,0,0,0,0,0,0,1,0,0,0,0,040,2022-01-16 13:48:00+00:00,-16.041436265242957,-47.98017750440991
21/01/2022,07:22:00,324,Acidente s,1.0,BR-040/DF,Sul,Engavetamento,5,0,0,0,0,0,0,0,0,0,3,0,0,0,0,040,2022-01-21 10:22:00+00:00,-15.985504352691404,-47.98778626672763
23/01/2022,09:32:00,237,Acidente c,7.5,BR-040/DF,Sul,Colisão traseira,1,0,0,1,0,1,0,0,0,0,3,0,1,0,0,040,2022-01-23 12:32:00+00:00,-16.04322068417927,-47.980463553328384
01/02/2022,10:37:00,193,Acidente c,6.4,BR-040/DF,Sul,Colisão lateral,0,0,0,2,0,1,0,0,0,0,0,0,0,0,0,040,2022-02-01 13:37:00+00:00,-16.03340046349643,-47.978932034439126
02/02/2022,01:46:00,70,Acidente s,6.1,BR-040/DF,Norte,Colisão traseira,1,0,0,0,0,0,0,0,0,0,0,0,1,0,0,040,2022-02-02 04:46:00+00:00,-16.030695474275564,-47.9788300101082
02/02/2022,08:04:00,128,Acidente c,6.5,BR-040/DF,Norte,Colisão traseira,0,0,0,1,0,1,0,0,0,0,4,0,0,0,0,040,2022-02-02 11:04:00+00:00,-16.034296673630603,-47.97904501336752
02/02/2022,04:59:00,262,Acidente s,1.8,BR-040/DF,Sul,Colisão lateral,1,0,0,1,0,1,0,0,0,0,5,0,0,0,0,040,2022-02-02 07:59:00+00:00,-15.992588808085221,-47.98633017752721
13/02/2022,12:42:00,8,Acidente s,8.1,BR-040/DF,Sul,Choque c/ Objeto Fixo,1,0,0,0,0,0,0,0,0,0,1,0,0,0,0,040,2022-02-13 15:42:00+00:00,-16.048574876122156,-47.98131638357745
15/02/2022,06:24:00,108,Acidente c,5.67,BR-040/DF,Norte,Colisão lateral,1,0,0,0,0,2,0,0,0,0,7,0,1,0,0,040,2022-02-15 09:24:00+00:00,-16.026849514596538,-47.979326763861025
19/02/2022,07:33:00,221,Acidente s,3.8,BR-040/DF,Sul,Colisão lateral,2,0,0,0,0,0,0,0,0,0,1,0,0,0,0,040,2022-02-19 10:33:00+00:00,-16.010287930410097,-47.98270794867232
26/02/2022,07:51:00,69,Acidente c,1.5,BR-040/DF,Norte,Tombamento de Moto,0,0,0,1,0,0,0,0,0,0,1,0,0,0,0,040,2022-02-26 10:51:00+00:00,-15.989932639686035,-47.98687875185026
27/02/2022,10:22:00,93,Acidente c,7.2,BR-040/DF,Sul,Tombamento,0,0,0,0,1,0,0,0,0,0,0,0,1,0,0,040,2022-02-27 13:22:00+00:00,-16.040543759517895,-47.98003640645204
27/02/2022,05:42:00,188,Acidente c,4.1,BR-040/DF,Sul,Colisão lateral,1,0,0,1,0,0,0,0,0,0,2,0,1,0,0,040,2022-02-27 08:42:00+00:00,-16.012944920774345,-47.98216339245587
04/03/2022,10:36:00,329,Acidente c,6.2,BR-040/DF,Sul,Colisão traseira,1,0,0,3,0,0,0,0,0,0,1,0,0,0,0,040,2022-03-04 13:36:00+00:00,-16.031598243563078,-47.97882464034835
07/03/2022,06:15:00,69,Acidente c,5.7,BR-040/DF,Norte,Colisão lateral,0,0,0,2,0,1,0,0,0,0,2,1,0,0,0,040,2022-03-07 09:15:00+00:00,-16.027115181158486,-47.9792721455203
09/03/2022,04:21:00,203,Acidente s,8.4,BR-040/DF,Sul,Capotamento,1,0,0,0,0,0,0,0,0,0,0,0,0,0,0,040,2022-03-09 07:21:00+00:00,-16.051189089999976,-47.98177271999998
16/03/2022,07:19:00,94,Acidente s,3.0,BR-040/DF,Norte,Engavetamento,4,0,0,0,0,0,0,0,0,0,0,0,0,0,0,040,2022-03-16 10:19:00+00:00,-16.00321267156879,-47.98419457410762
17/03/2022,08:47:00,129,Acidente s,8.1,BR-040/DF,Sul,Colisão lateral,3,0,1,0,1,0,0,0,0,0,0,0,0,0,0,040,2022-03-17 11:47:00+00:00,-16.048574876122156,-47.98131638357745
18/03/2022,02:42:00,218,Acidente c,3.1,BR-040/DF,Sul,Colisão traseira,3,0,0,2,0,0,0,0,0,0,2,1,0,0,0,040,2022-03-18 05:42:00+00:00,-16.004089752213368,-47.98398265573781
21/03/2022,12:20:00,157,Acidente c,7.9,BR-040/DF,Norte,Colisão transversal,3,0,2,0,0,0,0,0,0,0,0,1,0,0,0,040,2022-03-21 15:20:00+00:00,-16.04678973148939,-47.98103491661812
29/03/2022,07:54:00,109,Acidente c,2.9,BR-040/DF,Norte,Colisão traseira,1,0,0,3,0,0,0,0,0,0,0,1,0,0,0,040,2022-03-29 10:54:00+00:00,-16.00232379083997,-47.984347565616254
05/04/2022,07:47:00,99,Acidente c,5.5,BR-040/DF,Norte,Colisão transversal,2,0,0,2,0,0,0,0,0,0,0,0,0,0,0,040,2022-04-05 10:47:00+00:00,-16.025343468566483,-47.97963307234679
06/04/2022,07:28:00,116,Acidente c,5.8,BR-040/DF,Norte,Colisão lateral,0,0,0,2,0,2,0,0,0,0,0,0,0,0,0,040,2022-04-06 10:28:00+00:00,-16.02800242473236,-47.97909917254604
06/04/2022,04:52:00,237,Acidente c,4.3,BR-040/DF,Sul,Colisão lateral,1,0,0,1,0,0,0,0,0,0,0,0,0,0,0,040,2022-04-06 07:52:00+00:00,-16.014716352935057,-47.98180092115799
15/04/2022,11:17:00,134,Acidente s,6.9,BR-040/DF,Sul,Colisão traseira,2,0,0,0,0,1,0,0,0,0,3,0,0,0,0,040,2022-04-15 14:17:00+00:00,-16.037866823596413,-47.97960879241375
18/04/2022,08:23:00,104,Acidente c,3.1,BR-040/DF,Norte,Colisão lateral,1,0,0,1,0,0,0,0,0,0,0,1,0,0,0,040,2022-04-18 11:23:00+00:00,-16.004089752213368,-47.98398265573781
18/04/2022,05:32:00,249,Acidente s,1.1,BR-040/DF,Norte,Colisão traseira,3,0,0,0,0,1,0,0,0,0,2,0,0,0,0,040,2022-04-18 08:32:00+00:00,-15.986389775084268,-47.98760354456679
26/04/2022,06:44:00,108,Acidente c,4.67,BR-040/DF,Norte,Atropelamento de Pedestre,0,0,0,0,0,2,0,0,0,0,0,1,0,0,0,040,2022-04-26 09:44:00+00:00,-16.017991917058914,-47.98113618050927
04/05/2022,11:31:00,127,Acidente s,8.5,BR-040/DF,Norte,Colisão traseira,6,0,0,0,0,0,0,0,0,0,1,0,0,0,0,040,2022-05-04 14:31:00+00:00,-16.051189089999976,-47.98177271999998
06/05/2022,12:00:00,2,Acidente c,1.5,BR-040/DF,Norte,Choque c/ Objeto Fixo,0,0,0,0,0,0,0,0,0,1,0,0,0,0,0,040,2022-05-06 15:00:00+00:00,-15.989932639686035,-47.98687875185026
08/05/2022,02:08:00,13,Acidente c,4.5,BR-040/DF,Norte,Choque c/ Objeto Fixo,1,0,0,0,0,1,0,0,0,0,0,1,0,0,0,040,2022-05-08 05:08:00+00:00,-16.016488213220736,-47.98144083480431
12/05/2022,12:36:00,32,Acidente c,5.3,BR-040/DF,Norte,Colisão traseira,0,0,0,2,0,1,0,0,0,0,1,0,0,0,0,040,2022-05-12 15:36:00+00:00,-16.02357134588851,-47.9799915271314
15/05/2022,07:36:00,43,Acidente c,7.1,BR-040/DF,Sul,Choque c/ Objeto Fixo,2,0,0,0,0,0,0,0,0,0,2,1,0,0,0,040,2022-05-15 10:36:00+00:00,-16.039651319001248,-47.9798947053415
16/05/2022,08:03:00,263,Acidente c,4.3,BR-040/DF,Sul,Colisão lateral,2,0,0,2,0,0,0,0,0,0,0,0,0,0,0,040,2022-05-16 11:03:00+00:00,-16.014716352935057,-47.98180092115799
17/05/2022,05:29:00,238,Acidente c,0.5,BR-040/DF,Sul,Atropelamento de Pedestre,0,0,0,1,0,0,0,0,0,0,0,2,0,0,0,040,2022-05-17 08:29:00+00:00,-15.981258998801273,-47.98927117648948
23/05/2022,07:19:00,91,Acidente s,7.1,BR-040/DF,Norte,Colisão traseira,2,0,0,0,0,0,0,0,0,0,2,0,0,0,0,040,2022-05-23 10:19:00+00:00,-16.039651319001248,-47.9798947053415
25/05/2022,07:13:00,76,Acidente c,4.3,BR-040/DF,Sul,Tombamento de Moto,0,0,0,1,0,0,0,0,0,0,0,0,0,0,0,040,2022-05-25 10:13:00+00:00,-16.014716352935057,-47.98180092115799
26/05/2022,07:54:00,106,Acidente c,7.1,BR-040/DF,Norte,Colisão traseira,0,0,0,1,0,1,0,0,0,0,0,1,0,0,0,040,2022-05-26 10:54:00+00:00,-16.039651319001248,-47.9798947053415
30/05/2022,07:47:00,76,Acidente s,3.3,BR-040/DF,Norte,Colisão lateral,1,0,0,1,0,0,0,0,0,0,0,0,0,0,0,040,2022-05-30 10:47:00+00:00,-16.00585722531901,-47.983602171525455
01/06/2022,06:43:00,223,Acidente c,6.1,BR-040/DF,Sul,Colisão traseira,5,0,0,0,0,0,0,0,0,0,5,1,0,0,0,040,2022-06-01 09:43:00+00:00,-16.030695474275564,-47.9788300101082
09/06/2022,06:41:00,77,Acidente c,7.5,BR-040/DF,Norte,Colisão lateral,0,0,0,1,0,3,0,0,0,0,2,1,0,0,0,040,2022-06-09 09:41:00+00:00,-16.04322068417927,-47.980463553328384
11/06/2022,12:33:00,8,Acidente c,6.5,BR-040/DF,Norte,Atropelamento de Pedestre,1,0,0,0,0,0,0,0,0,0,3,1,0,0,0,040,2022-06-11 15:33:00+00:00,-16.034296673630603,-47.97904501336752
11/06/2022,12:12:00,113,Acidente s,7.2,BR-040/DF,Norte,Tombamento,0,1,0,1,0,0,0,0,0,0,0,0,0,0,0,040,2022-06-11 15:12:00+00:00,-16.040543759517895,-47.98003640645204
14/06/2022,08:29:00,84,Acidente c,1.1,BR-040/DF,Norte,Tombamento de Moto,0,1,0,1,0,0,0,0,0,0,0,1,0,0,0,040,2022-06-14 11:29:00+00:00,-15.986389775084268,-47.98760354456679
14/06/2022,09:19:00,95,Acidente s,1.1,BR-040/DF,Norte,Colisão lateral,1,0,0,0,1,0,0,0,0,0,0,0,0,0,0,040,2022-06-14 12:19:00+00:00,-15.986389775084268,-47.98760354456679
14/06/2022,12:33:00,134,Acidente s,7.7,BR-040/DF,Sul,Colisão lateral,1,1,0,0,0,1,0,0,0,0,3,0,0,0,0,040,2022-06-14 15:33:00+00:00,-16.045005497489623,-47.98074723749154
17/06/2022,03:35:00,227,Acidente s,2.2,BR-040/DF,Sul,Choque c/ Objeto Fixo,1,0,0,0,0,0,0,0,0,0,1,0,0,0,0,040,2022-06-17 06:35:00+00:00,-15.99612997186753,-47.9856063357417
21/06/2022,03:55:00,174,Acidente c,4.6,BR-040/DF,Norte,Choque c/ Objeto Fixo,0,0,0,1,0,0,0,0,0,0,1,1,0,0,0,040,2022-06-21 06:55:00+00:00,-16.017378285481144,-47.98128846011467
22/06/2022,05:23:00,187,Acidente c,4.8,BR-040/DF,Norte,Colisão traseira,1,0,0,0,1,0,0,0,0,0,1,1,0,0,0,040,2022-06-22 08:23:00+00:00,-16.019141702254522,-47.980892274949284
29/06/2022,08:57:00,106,Acidente c,2.15,BR-040/DF,Norte,Colisão lateral,1,0,0,0,0,2,0,0,0,0,2,1,0,0,0,040,2022-06-29 11:57:00+00:00,-15.995687274850086,-47.98569779740225
04/07/2022,07:41:00,55,Acidente c,6.1,BR-040/DF,Norte,Colisão lateral,0,1,0,1,0,0,0,0,0,0,0,0,1,0,0,040,2022-07-04 10:41:00+00:00,-16.030695474275564,-47.9788300101082
12/07/2022,02:12:00,161,Acidente s,3.2,BR-040/DF,Sul,Choque c/ Objeto Fixo,1,0,0,0,0,0,0,0,0,0,1,0,0,0,0,040,2022-07-12 05:12:00+00:00,-16.004970432301306,-47.983777564631566
15/07/2022,06:06:00,208,Acidente c,8.1,BR-040/DF,Sul,Atropelamento de Ciclista,0,2,0,0,0,0,0,0,0,0,0,1,0,0,0,040,2022-07-15 09:06:00+00:00,-16.048574876122156,-47.98131638357745
20/07/2022,09:06:00,79,Acidente c,5.2,BR-040/DF,Sul,Colisão lateral,0,0,0,5,0,2,0,0,0,0,2,1,0,0,0,040,2022-07-20 12:06:00+00:00,-16.022685500982586,-47.980172122616
22/07/2022,06:15:00,55,Acidente c,5.67,BR-040/DF,Norte,Colisão traseira,2,0,0,2,0,0,0,0,0,0,0,2,0,0,0,040,2022-07-22 09:15:00+00:00,-16.026849514596538,-47.979326763861025
25/07/2022,06:27:00,68,Acidente c,5.25,BR-040/DF,Norte,Colisão lateral,1,0,0,1,0,1,0,0,0,0,1,0,0,0,0,040,2022-07-25 09:27:00+00:00,-16.023128563411895,-47.980082560106716
26/07/2022,04:24:00,198,Acidente c,7.8,BR-040/DF,Norte,Tombamento de Moto,0,0,0,1,0,1,0,0,0,0,0,1,0,0,0,040,2022-07-26 07:24:00+00:00,-16.04589752081111,-47.98089170201557
03/08/2022,06:59:00,48,Acidente c,2.6,BR-040/DF,Norte,Colisão traseira,2,0,0,1,0,0,0,0,0,0,1,1,0,0,0,040,2022-08-03 09:59:00+00:00,-15.99967585339181,-47.98490997338192