data,horario,n_da_ocorrencia,tipo_de_ocorrencia,km,trecho,sentido,tipo_de_acidente,automovel,bicicleta,caminhao,moto,onibus,outros,tracao_animal,transporte_de_cargas_especiais,trator_maquinas,utilitarios,ilesos,levemente_feridos,moderadamente_feridos,gravemente_feridos,mortos,vl_br,timestamp_utc,latitude_acidente,longitude_acidente
04/08/2022,07:07:00,65,Acidente c,3.1,BR-040/DF,Norte,Colisão traseira,1,0,0,1,0,0,0,0,0,0,1,0,0,0,0,040,2022-08-04 10:07:00+00:00,-16.004089752213368,-47.98398265573781
04/08/2022,03:51:00,182,Acidente F,2.99,BR-040/DF,Sul,Tombamento de Moto,0,0,0,1,1,0,0,0,0,0,2,0,0,0,1,040,2022-08-04 06:51:00+00:00,-16.003123074408123,-47.98420366004154
05/08/2022,06:11:00,63,Acidente c,5.8,BR-040/DF,Norte,Colisão traseira,1,0,0,1,0,1,0,0,0,0,1,1,0,0,0,040,2022-08-05 09:11:00+00:00,-16.02800242473236,-47.97909917254604
10/08/2022,06:51:00,63,Acidente c,7.6,BR-040/DF,Norte,Colisão lateral,2,0,0,1,0,0,0,0,0,0,1,1,0,0,0,040,2022-08-10 09:51:00+00:00,-16.044113614566683,-47.980601877368805
14/08/2022,11:03:00,66,Acidente c,0.7,BR-040/DF,Norte,Colisão lateral,0,0,2,0,0,1,0,0,0,0,0,0,1,0,0,040,2022-08-14 14:03:00+00:00,-15.982896144382996,-47.98851065541036
15/08/2022,03:55:00,28,Acidente s,4.1,BR-040/DF,Sul,Colisão traseira,1,0,0,1,0,0,0,0,0,0,0,0,0,0,0,040,2022-08-15 06:55:00+00:00,-16.012944920774345,-47.98216339245587
15/08/2022,08:34:00,84,Acidente c,0.5,BR-040/DF,Norte,Tombamento de Moto,0,0,0,1,0,0,0,0,0,0,0,0,1,0,0,040,2022-08-15 11:34:00+00:00,-15.981258998801273,-47.98927117648948
17/08/2022,05:23:00,212,Acidente s,0.5,BR-040/DF,Sul,Colisão lateral,0,0,0,2,0,1,0,0,0,0,1,1,0,0,0,040,2022-08-17 08:23:00+00:00,-15.981258998801273,-47.98927117648948
18/08/2022,06:57:00,261,Acidente s,0.6,BR-040/DF,Sul,Colisão traseira,0,0,0,2,0,0,0,0,0,0,2,0,0,0,0,040,2022-08-18 09:57:00+00:00,-15.982085410438911,-47.98889955533508
22/08/2022,08:41:00,100,Acidente s,6.9,BR-040/DF,Sul,Capotamento,1,0,0,0,0,1,0,0,0,0,0,0,0,0,0,040,2022-08-22 11:41:00+00:00,-16.037866823596413,-47.97960879241375
23/08/2022,03:53:00,42,Acidente s,3.2,BR-040/DF,Norte,Colisão lateral,2,0,0,2,0,0,0,0,0,0,1,0,0,0,0,040,2022-08-23 06:53:00+00:00,-16.004970432301306,-47.983777564631566
26/08/2022,05:37:00,220,Acidente c,3.35,BR-040/DF,Sul,Colisão lateral,1,0,0,0,0,3,0,0,0,0,0,1,0,0,0,040,2022-08-26 08:37:00+00:00,-16.006300428530057,-47.983513404776325
27/08/2022,09:33:00,217,Acidente s,3.8,BR-040/DF,Sul,Colisão traseira,2,0,0,0,0,0,0,0,0,0,2,0,0,0,0,040,2022-08-27 12:33:00+00:00,-16.010287930410097,-47.98270794867232
01/09/2022,03:28:00,145,Acidente c,4.5,BR-040/DF,Sul,Capotamento,1,0,0,0,0,0,0,0,0,0,1,1,0,0,0,040,2022-09-01 06:28:00+00:00,-16.016488213220736,-47.98144083480431
02/09/2022,02:02:00,171,Acidente s,3.2,BR-040/DF,Norte,Colisão traseira,0,0,1,1,0,0,0,0,0,0,0,1,0,0,0,040,2022-09-02 05:02:00+00:00,-16.004970432301306,-47.983777564631566
03/09/2022,06:21:00,176,Acidente c,7.1,BR-040/DF,Sul,Choque c/ Objeto Fixo,2,0,0,0,0,0,0,0,0,0,2,1,0,1,0,040,2022-09-03 09:21:00+00:00,-16.039651319001248,-47.9798947053415
05/09/2022,02:13:00,147,Acidente s,4.4,BR-040/DF,Norte,Colisão lateral,1,0,1,0,0,0,0,0,0,0,2,0,0,0,0,040,2022-09-05 05:13:00+00:00,-16.01560185184811,-47.981618569137744
08/09/2022,07:30:00,64,Acidente c,3.9,BR-040/DF,Norte,Tombamento de Moto,0,0,0,1,0,0,0,0,0,0,0,2,0,0,0,040,2022-09-08 10:30:00+00:00,-16.011173238448922,-47.98252457385157
12/09/2022,03:26:00,38,Acidente c,2.4,BR-040/DF,Sul,Choque c/ Objeto Fixo,1,0,0,0,0,0,0,0,0,0,0,0,0,1,0,040,2022-09-12 06:26:00+00:00,-15.997905661056247,-47.98526898823757
16/09/2022,07:40:00,74,Acidente c,6.9,BR-040/DF,Sul,Colisão lateral,1,0,0,1,0,0,0,0,0,0,1,1,0,0,0,040,2022-09-16 10:40:00+00:00,-16.037866823596413,-47.97960879241375
16/09/2022,06:58:00,236,Acidente s,0.3,BR-040/DF,Sul,Colisão lateral,1,0,0,1,0,0,0,0,0,0,2,0,0,0,0,040,2022-09-16 09:58:00+00:00,-15.97952436803145,-47.9897831292533
17/09/2022,02:59:00,107,Acidente c,3.3,BR-040/DF,Sul,Tombamento de Moto,0,0,0,1,0,0,0,0,0,0,0,1,0,0,0,040,2022-09-17 05:59:00+00:00,-16.00585722531901,-47.983602171525455
18/09/2022,03:00:00,12,Acidente c,3.7,BR-040/DF,Sul,Engavetamento,1,0,0,2,0,3,0,0,0,0,2,0,0,0,0,040,2022-09-18 06:00:00+00:00,-16.009402495610235,-47.98289067763329
20/09/2022,12:49:00,143,Acidente s,3.5,BR-040/DF,Sul,Colisão traseira,2,0,0,0,0,1,0,0,0,0,4,0,0,0,0,040,2022-09-20 15:49:00+00:00,-16.007631320840915,-47.98325451231453
21/09/2022,10:00:00,111,Acidente s,3.8,BR-040/DF,Norte,Colisão traseira,3,0,0,0,0,0,0,0,0,0,2,0,0,0,0,040,2022-09-21 13:00:00+00:00,-16.010287930410097,-47.98270794867232
26/09/2022,06:24:00,245,Acidente s,1.1,BR-040/DF,Sul,Colisão traseira,2,0,0,0,0,0,0,0,0,0,2,0,0,0,0,040,2022-09-26 09:24:00+00:00,-15.986389775084268,-47.98760354456679
01/10/2022,02:02:00,17,Acidente s,1.8,BR-040/DF,Norte,Choque c/ Objeto Fixo,2,0,0,0,0,0,0,0,0,0,1,0,0,0,0,040,2022-10-01 05:02:00+00:00,-15.992588808085221,-47.98633017752721
01/10/2022,05:50:00,183,Acidente s,1.2,BR-040/DF,Norte,Capotamento,1,0,0,0,0,0,0,0,0,0,1,0,0,0,0,040,2022-10-01 08:50:00+00:00,-15.987275770722288,-47.98742379831673
02/10/2022,07:21:00,24,Acidente s,5.67,BR-040/DF,Norte,Choque c/ Objeto Fixo,3,0,0,0,0,0,0,0,0,0,1,0,0,0,0,040,2022-10-02 10:21:00+00:00,-16.026849514596538,-47.979326763861025
03/10/2022,10:38:00,122,Acidente c,2.2,BR-040/DF,Sul,Colisão lateral,2,0,0,1,0,0,0,0,0,0,1,0,0,0,0,040,2022-10-03 13:38:00+00:00,-15.99612997186753,-47.9856063357417
05/10/2022,05:47:00,62,Acidente c,3.1,BR-040/DF,Sul,Tombamento de Moto,0,0,0,1,0,0,0,0,0,0,0,0,0,0,0,040,2022-10-05 08:47:00+00:00,-16.004089752213368,-47.98398265573781
08/10/2022,05:11:00,32,Acidente c,3.8,BR-040/DF,Norte,Capotamento,1,0,0,0,0,0,0,0,0,0,0,0,0,0,0,040,2022-10-08 08:11:00+00:00,-16.010287930410097,-47.98270794867232
10/10/2022,12:44:00,158,Acidente c,6.1,BR-040/DF,Sul,Colisão traseira,4,0,0,0,0,0,0,0,0,0,1,0,0,0,0,040,2022-10-10 15:44:00+00:00,-16.030695474275564,-47.9788300101082
10/10/2022,12:47:00,159,Acidente c,8.1,BR-040/DF,Sul,Capotamento,0,0,0,0,0,1,0,0,0,0,0,1,0,0,0,040,2022-10-10 15:47:00+00:00,-16.048574876122156,-47.98131638357745
14/10/2022,03:05:00,24,Acidente s,6.1,BR-040/DF,Sul,Choque c/ Objeto Fixo,2,0,0,0,0,0,0,0,0,0,2,1,0,0,0,040,2022-10-14 06:05:00+00:00,-16.030695474275564,-47.9788300101082
18/10/2022,07:22:00,274,Acidente c,3.2,BR-040/DF,Sul,Colisão lateral,0,0,0,1,0,0,0,0,0,0,0,1,0,0,0,040,2022-10-18 10:22:00+00:00,-16.004970432301306,-47.983777564631566
24/10/2022,06:08:00,54,Acidente c,3.1,BR-040/DF,Norte,Choque c/ Objeto Fixo,0,0,0,0,0,1,0,0,0,0,0,0,0,0,0,040,2022-10-24 09:08:00+00:00,-16.004089752213368,-47.98398265573781
26/10/2022,08:37:00,102,Acidente c,7.5,BR-040/DF,Norte,Colisão lateral,1,0,0,2,0,0,0,0,0,0,1,0,1,0,0,040,2022-10-26 11:37:00+00:00,-16.04322068417927,-47.980463553328384
27/10/2022,07:33:00,287,Acidente c,1.3,BR-040/DF,Sul,Colisão traseira,1,0,0,1,0,0,0,0,0,0,0,1,0,0,0,040,2022-10-27 10:33:00+00:00,-15.988161707075648,-47.98724375511734
28/10/2022,07:09:00,99,Acidente c,4.9,BR-040/DF,Norte,Outros,1,0,0,1,0,0,0,0,0,0,0,1,0,0,0,040,2022-10-28 10:09:00+00:00,-16.020027679506335,-47.98071238763174
07/11/2022,07:42:00,81,Acidente c,3.4,BR-040/DF,Norte,Colisão traseira,1,0,0,0,0,1,0,0,0,0,1,0,0,0,0,040,2022-11-07 10:42:00+00:00,-16.00674531156606,-47.98343412528876
14/11/2022,06:05:00,238,Acidente c,0.65,BR-040/DF,Sul,Colisão lateral,0,1,0,0,1,0,0,0,0,0,1,1,0,0,0,040,2022-11-14 09:05:00+00:00,-15.982505650498942,-47.988735400474006
19/11/2022,07:33:00,59,Acidente c,3.1,BR-040/DF,Norte,Colisão traseira,2,0,0,2,0,0,0,0,0,0,1,1,0,0,0,040,2022-11-19 10:33:00+00:00,-16.004089752213368,-47.98398265573781
19/11/2022,06:52:00,186,Acidente c,4.15,BR-040/DF,Sul,Colisão traseira,2,0,0,2,0,0,0,0,0,0,3,0,1,0,0,040,2022-11-19 09:52:00+00:00,-16.0133874849099,-47.98207123673564
21/11/2022,06:42:00,54,Acidente c,3.8,BR-040/DF,Norte,Colisão traseira,1,0,0,1,0,0,0,0,0,0,1,1,0,0,0,040,2022-11-21 09:42:00+00:00,-16.010287930410097,-47.98270794867232
22/11/2022,09:23:00,112,Acidente c,5.9,BR-040/DF,Norte,Atropelamento de Animal,0,0,0,1,0,0,0,0,0,0,0,1,0,0,0,040,2022-11-22 12:23:00+00:00,-16.02889749266502,-47.97898561658784
22/11/2022,01:07:00,153,Acidente s,7.1,BR-040/DF,Norte,Tombamento de Moto,0,0,0,0,0,1,0,0,0,0,2,0,0,0,0,040,2022-11-22 04:07:00+00:00,-16.039651319001248,-47.9798947053415
02/12/2022,07:33:00,78,Acidente s,4.1,BR-040/DF,Norte,Colisão traseira,3,0,0,2,0,1,0,0,0,0,3,0,0,0,0,040,2022-12-02 10:33:00+00:00,-16.012944920774345,-47.98216339245587
03/12/2022,03:38:00,53,Acidente s,1.2,BR-040/DF,Sul,Choque c/ Objeto Fixo,1,0,0,0,0,0,0,0,0,0,1,0,0,0,0,040,2022-12-03 06:38:00+00:00,-15.987275770722288,-47.98742379831673
04/12/2022,01:32:00,80,Acidente s,8.4,BR-040/DF,Norte,Tombamento,2,0,0,0,0,0,0,0,0,0,0,0,0,0,0,040,2022-12-04 04:32:00+00:00,-16.051189089999976,-47.98177271999998
05/12/2022,08:26:00,238,Acidente s,4.8,BR-040/DF,Sul,Colisão lateral,2,0,0,0,0,0,0,0,0,0,3,0,0,0,0,040,2022-12-05 11:26:00+00:00,-16.019141702254522,-47.980892274949284
06/12/2022,08:29:00,92,Acidente s,6.8,BR-040/DF,Norte,Colisão traseira,1,0,0,1,0,0,0,0,0,0,2,0,0,0,0,040,2022-12-06 11:29:00+00:00,-16.036973905924885,-47.97947034300178
07/12/2022,08:32:00,100,Acidente s,5.67,BR-040/DF,Norte,Colisão lateral,0,0,0,2,0,3,0,0,0,0,0,0,0,0,0,040,2022-12-07 11:32:00+00:00,-16.026849514596538,-47.979326763861025
08/12/2022,07:25:00,87,Acidente s,7.5,BR-040/DF,Norte,Colisão traseira,0,1,0,1,0,0,0,0,0,0,0,0,1,0,0,040,2022-12-08 10:25:00+00:00,-16.04322068417927,-47.980463553328384
09/12/2022,11:25:00,142,Acidente s,6.7,BR-040/DF,Sul,Colisão traseira,1,0,0,0,0,0,0,0,0,0,1,0,0,0,0,040,2022-12-09 14:25:00+00:00,-16.03608120113199,-47.97933047163259
12/12/2022,06:14:00,68,Acidente s,6.1,BR-040/DF,Norte,Colisão lateral,0,0,0,2,0,1,0,0,0,0,0,0,0,0,0,040,2022-12-12 09:14:00+00:00,-16.030695474275564,-47.9788300101082
12/12/2022,07:22:00,86,Acidente s,5.67,BR-040/DF,Norte,Colisão lateral,0,0,0,2,0,1,0,0,0,0,0,0,0,0,0,040,2022-12-12 10:22:00+00:00,-16.026849514596538,-47.979326763861025
16/12/2022,08:41:00,309,Acidente s,2.8,BR-040/DF,Sul,Engavetamento,6,0,0,1,0,1,0,0,0,0,5,0,0,0,0,040,2022-12-16 11:41:00+00:00,-16.001439596929313,-47.98451406070111
20/12/2022,07:44:00,90,Acidente c,2.4,BR-040/DF,Norte,Colisão lateral,0,0,0,2,0,0,0,0,0,0,1,1,0,0,0,040,2022-12-20 10:44:00+00:00,-15.997905661056247,-47.98526898823757
20/12/2022,11:50:00,147,Acidente s,7.5,BR-040/DF,Sul,Choque c/ Objeto Fixo,1,0,0,0,0,0,0,0,0,0,0,0,0,0,0,040,2022-12-20 14:50:00+00:00,-16.04322068417927,-47.980463553328384
24/12/2022,05:22:00,21,Acidente s,1.1,BR-040/DF,Sul,Choque c/ Objeto Fixo,2,0,0,0,0,0,0,0,0,0,1,0,0,0,0,040,2022-12-24 08:22:00+00:00,-15.986389775084268,-47.98760354456679
28/12/2022,09:22:00,309,Acidente c,6.1,BR-040/DF,Norte,Colisão traseira,1,1,0,0,0,0,0,0,0,0,1,0,0,0,0,040,2022-12-28 12:22:00+00:00,-16.030695474275564,-47.9788300101082
03/01/2023,03:37:00,232,Acidente s,4.1,BR-040/DF,Norte,Colisão traseira,3,0,0,0,0,0,0,0,0,0,3,0,0,0,0,040,2023-01-03 06:37:00+00:00,-16.012944920774345,-47.98216339245587
13/01/2023,09:25:00,120,Acidente s,7.1,BR-040/DF,Norte,Colisão traseira,3,0,0,0,0,1,0,0,0,0,2,0,0,0,0,040,2023-01-13 12:25:00+00:00,-16.039651319001248,-47.9798947053415
13/01/2023,10:18:00,129,Acidente s,7.1,BR-040/DF,Sul,Choque c/ Objeto Fixo,1,0,0,0,0,0,0,0,0,0,1,0,0,0,0,040,2023-01-13 13:18:00+00:00,-16.039651319001248,-47.9798947053415
19/01/2023,11:49:00,154,Acidente c,0.2,BR-040/DF,Sul,Colisão traseira,2,0,0,0,0,1,0,0,0,0,2,1,0,0,0,040,2023-01-19 14:49:00+00:00,-15.97863703805657,-47.989955296137616
23/01/2023,07:36:00,106,Acidente s,4.3,BR-040/DF,Norte,Colisão traseira,1,0,0,1,0,0,0,0,0,0,2,0,0,0,0,040,2023-01-23 10:36:00+00:00,-16.014716352935057,-47.98180092115799
23/01/2023,11:46:00,189,Acidente c,6.6,BR-040/DF,Sul,Colisão traseira,0,0,0,1,0,1,0,0,0,0,1,1,0,0,0,040,2023-01-23 14:46:00+00:00,-16.035189670141097,-47.979182774820245
25/01/2023,08:38:00,135,Acidente s,7.1,BR-040/DF,Norte,Colisão lateral,1,0,0,1,0,0,0,0,0,0,2,0,0,0,0,040,2023-01-25 11:38:00+00:00,-16.039651319001248,-47.9798947053415
26/01/2023,07:57:00,102,Acidente c,5.5,BR-040/DF,Norte,Colisão traseira,1,0,0,1,0,1,0,0,0,0,2,1,0,0,0,040,2023-01-26 10:57:00+00:00,-16.025343468566483,-47.97963307234679
03/02/2023,07:35:00,99,Acidente c,4.8,BR-040/DF,Norte,Atropelamento de Pedestre,0,0,0,1,0,0,0,0,0,0,1,0,1,0,0,040,2023-02-03 10:35:00+00:00,-16.019141702254522,-47.980892274949284
09/02/2023,08:09:00,105,Acidente s,5.67,BR-040/DF,Sul,Colisão traseira,3,0,0,0,0,0,0,0,0,0,0,0,0,0,0,040,2023-02-09 11:09:00+00:00,-16.026849514596538,-47.979326763861025
09/02/2023,08:54:00,116,Acidente s,5.4,BR-040/DF,Norte,Engavetamento,4,2,0,0,0,0,0,0,0,0,0,0,0,0,0,040,2023-02-09 11:54:00+00:00,-16.024456635920256,-47.97980807581175
10/02/2023,07:14:00,66,Acidente c,0.1,BR-040/DF,Sul,Tombamento,0,0,0,1,0,0,0,0,0,0,0,1,0,0,0,040,2023-02-10 10:14:00+00:00,-15.977752055500277,-47.99014022432026
13/02/2023,09:03:00,105,Acidente c,7.3,BR-040/DF,Norte,Colisão lateral,3,0,0,1,0,0,0,0,0,0,0,1,0,0,0,040,2023-02-13 12:03:00+00:00,-16.041436265242957,-47.98017750440991
14/02/2023,09:39:00,101,Acidente s,2.1,BR-040/DF,Norte,Colisão traseira,1,0,0,0,0,0,0,0,0,0,0,0,0,0,0,040,2023-02-14 12:39:00+00:00,-15.995244590909683,-47.98578930635743
17/02/2023,02:44:00,190,Acidente c,7.8,BR-040/DF,Sul,Engavetamento,2,1,1,0,0,1,0,0,0,0,0,1,0,0,0,040,2023-02-17 05:44:00+00:00,-16.04589752081111,-47.98089170201557
26/02/2023,06:24:00,187,Acidente c,6.3,BR-040/DF,Norte,Colisão traseira,1,0,0,0,0,3,0,0,0,0,1,0,1,0,0,040,2023-02-26 09:24:00+00:00,-16.03250050372421,-47.97885805738806
04/03/2023,01:58:00,142,Acidente s,5.1,BR-040/DF,Norte,Capotamento,2,0,0,0,0,1,0,0,0,0,2,0,0,0,0,040,2023-03-04 04:58:00+00:00,-16.021799386502895,-47.98035128738056
09/03/2023,07:41:00,89,Acidente c,4.5,BR-040/DF,Norte,Queda Veículo,0,0,0,1,0,0,0,0,0,1,1,0,1,0,0,040,2023-03-09 10:41:00+00:00,-16.016488213220736,-47.98144083480431
10/03/2023,08:23:00,97,Acidente s,5.5,BR-040/DF,Sul,Choque c/ Objeto Fixo,1,0,0,0,0,0,0,0,0,0,1,0,0,0,0,040,2023-03-10 11:23:00+00:00,-16.025343468566483,-47.97963307234679
14/03/2023,10:51:00,244,Acidente c,3.5,BR-040/DF,Sul,Tombamento de Moto,0,0,0,1,0,0,0,0,0,0,1,1,0,0,0,040,2023-03-14 13:51:00+00:00,-16.007631320840915,-47.98325451231453
16/03/2023,04:58:00,197,Acidente s,1.8,BR-040/DF,Sul,Colisão transversal,1,0,0,0,0,1,0,0,0,0,2,0,0,0,0,040,2023-03-16 07:58:00+00:00,-15.992588808085221,-47.98633017752721
23/03/2023,07:35:00,83,Acidente c,3.62,BR-040/DF,Norte,Colisão lateral,1,0,0,1,0,0,0,0,0,0,1,0,1,0,0,040,2023-03-23 10:35:00+00:00,-16.00869420667465,-47.98303716300817
27/03/2023,06:42:00,75,Acidente c,5.65,BR-040/DF,Norte,Colisão traseira,0,0,0,1,0,0,0,0,0,0,0,1,0,0,0,040,2023-03-27 09:42:00+00:00,-16.026672554620042,-47.97936395804828
27/03/2023,07:42:00,231,Acidente s,3.3,BR-040/DF,Sul,Colisão traseira,1,0,0,1,0,0,0,0,0,0,0,0,0,0,0,040,2023-03-27 10:42:00+00:00,-16.00585722531901,-47.983602171525455
30/03/2023,04:05:00,190,Acidente s,3.2,BR-040/DF,Sul,Engavetamento,3,0,0,0,0,0,0,0,0,0,3,0,0,0,0,040,2023-03-30 07:05:00+00:00,-16.004970432301306,-47.983777564631566
02/04/2023,11:17:00,65,Acidente c,1.5,BR-040/DF,Norte,Colisão traseira,1,0,0,0,0,3,0,0,0,0,2,1,0,0,0,040,2023-04-02 14:17:00+00:00,-15.989932639686035,-47.98687875185026
06/04/2023,08:59:00,295,Acidente s,8.2,BR-040/DF,Sul,Engavetamento,2,0,0,0,0,1,0,0,0,0,3,0,0,0,0,040,2023-04-06 11:59:00+00:00,-16.049465699683573,-47.981453167995376
13/04/2023,08:17:00,203,Acidente c,4.35,BR-040/DF,Sul,Colisão lateral,1,0,0,1,0,0,0,0,0,0,0,0,1,0,0,040,2023-04-13 11:17:00+00:00,-16.015158786952153,-47.981708098377915
14/04/2023,08:29:00,111,Acidente c,2.9,BR-040/DF,Norte,Colisão lateral,2,0,0,1,0,0,0,0,0,0,1,1,0,0,0,040,2023-04-14 11:29:00+00:00,-16.00232379083997,-47.984347565616254
15/04/2023,08:52:00,72,Acidente s,3.7,BR-040/DF,Norte,Queda Veículo,0,0,0,1,0,0,0,0,0,0,1,0,0,0,0,040,2023-04-15 11:52:00+00:00,-16.009402495610235,-47.98289067763329
24/04/2023,06:33:00,63,Acidente c,8.17,BR-040/DF,Sul,Colisão lateral,1,0,0,1,0,0,0,0,0,0,2,1,0,0,0,040,2023-04-24 09:33:00+00:00,-16.049197965655985,-47.98142540251549
26/04/2023,06:59:00,72,Acidente s,4.2,BR-040/DF,Norte,Colisão lateral,1,0,0,1,0,0,0,0,0,0,2,0,0,0,0,040,2023-04-26 09:59:00+00:00,-16.013830307420342,-47.98198044185797
01/05/2023,03:12:00,132,Acidente s,0.7,BR-040/DF,Sul,Colisão traseira,1,0,0,1,0,0,0,0,0,0,2,0,0,0,0,040,2023-05-01 06:12:00+00:00,-15.982896144382996,-47.98851065541036
02/05/2023,05:42:00,229,Acidente c,1.5,BR-040/DF,Sul,Colisão lateral,2,0,0,1,0,0,0,0,0,0,0,1,0,0,0,040,2023-05-02 08:42:00+00:00,-15.989932639686035,-47.98687875185026
03/05/2023,07:17:00,207,Acidente s,7.9,BR-040/DF,Sul,Colisão traseira,0,0,0,2,0,1,0,0,0,0,0,0,0,0,0,040,2023-05-03 10:17:00+00:00,-16.04678973148939,-47.98103491661812
04/05/2023,05:19:00,207,Acidente c,3.2,BR-040/DF,Norte,Queda Veículo,0,0,0,1,0,0,0,0,0,0,0,0,0,0,0,040,2023-05-04 08:19:00+00:00,-16.004970432301306,-47.983777564631566
06/05/2023,03:02:00,123,Acidente s,5.8,BR-040/DF,Sul,Colisão traseira,1,0,0,1,0,0,0,0,0,0,2,0,0,0,0,040,2023-05-06 06:02:00+00:00,-16.02800242473236,-47.97909917254604
06/05/2023,06:46:00,152,Acidente s,3.3,BR-040/DF,Norte,Colisão traseira,2,0,0,0,0,2,0,0,0,0,0,0,0,0,0,040,2023-05-06 09:46:00+00:00,-16.00585722531901,-47.983602171525455
09/05/2023,08:53:00,114,Acidente s,1.1,BR-040/DF,Norte,Colisão traseira,1,0,0,0,0,1,0,0,0,0,1,0,0,0,0,040,2023-05-09 11:53:00+00:00,-15.986389775084268,-47.98760354456679
11/05/2023,06:48:00,58,Acidente c,7.8,BR-040/DF,Norte,Colisão traseira,1,0,0,1,0,0,0,0,0,0,2,1,0,0,0,040,2023-05-11 09:48:00+00:00,-16.04589752081111,-47.98089170201557
12/05/2023,07:36:00,68,Acidente c,3.1,BR-040/DF,Norte,Colisão lateral,1,0,0,1,0,0,0,0,0,0,1,1,0,0,0,040,2023-05-12 10:36:00+00:00,-16.004089752213368,-47.98398265573781
12/05/2023,08:40:00,238,Acidente c,0.1,BR-040/DF,Sul,Colisão traseira,1,0,0,1,0,0,0,0,0,0,2,0,0,0,0,040,2023-05-12 11:40:00+00:00,-15.977752055500277,-47.99014022432026
17/05/2023,07:26:00,79,Acidente s,4.5,BR-040/DF,Norte,Queda Veículo,0,0,0,1,0,1,0,0,0,0,1,0,0,0,0,040,2023-05-17 10:26:00+00:00,-16.016488213220736,-47.98144083480431
19/05/2023,11:47:00,142,Acidente s,3.1,BR-040/DF,Sul,Colisão traseira,1,0,0,0,1,0,0,0,0,0,2,0,0,0,0,040,2023-05-19 14:47:00+00:00,-16.004089752213368,-47.98398265573781
24/05/2023,06:29:00,216,Acidente c,2.8,BR-040/DF,Sul,Colisão traseira,1,0,0,1,0,0,0,0,0,0,2,0,0,0,0,040,2023-05-24 09:29:00+00:00,-16.001439596929313,-47.98451406070111
30/05/2023,07:33:00,71,Acidente s,2.8,BR-040/DF,Norte,Tombamento,0,0,1,0,0,0,0,0,0,0,1,0,0,0,0,040,2023-05-30 10:33:00+00:00,-16.001439596929313,-47.98451406070111
31/05/2023,07:53:00,67,Acidente s,5.5,BR-040/DF,Sul,Colisão lateral,1,0,0,1,0,0,0,0,0,0,2,0,0,0,0,040,2023-05-31 10:53:00+00:00,-16.025343468566483,-47.97963307234679
31/05/2023,01:44:00,138,Acidente c,7.5,BR-040/DF,Sul,Colisão lateral,1,0,0,2,0,0,0,0,0,0,2,1,0,0,0,040,2023-05-31 04:44:00+00:00,-16.04322068417927,-47.980463553328384
04/06/2023,10:54:00,41,Acidente c,0.8,BR-040/DF,Norte,Tombamento de Moto,0,0,0,1,0,0,0,0,0,0,0,0,1,0,0,040,2023-06-04 13:54:00+00:00,-15.983739998009424,-47.98818059885455
06/06/2023,07:13:00,83,Acidente c,2.95,BR-040/DF,Norte,Colisão traseira,0,0,0,2,0,1,0,0,0,0,1,1,0,0,0,040,2023-06-06 10:13:00+00:00,-16.00276590171544,-47.9842539462799
10/06/2023,07:03:00,138,Acidente c,4.8,BR-040/DF,Sul,Atropelamento de Pedestre,1,0,0,0,0,0,0,0,0,0,1,0,0,0,0,040,2023-06-10 10:03:00+00:00,-16.019141702254522,-47.980892274949284
14/06/2023,01:46:00,148,Acidente c,1.1,BR-040/DF,Sul,Choque c/ Objeto Fixo,1,0,0,0,0,0,0,0,0,0,1,0,1,0,0,040,2023-06-14 04:46:00+00:00,-15.986389775084268,-47.98760354456679
17/06/2023,06:41:00,27,Acidente c,8.2,BR-040/DF,Norte,Tombamento de Moto,0,0,0,1,0,0,0,0,0,0,1,1,0,0,0,040,2023-06-17 09:41:00+00:00,-16.049465699683573,-47.981453167995376
21/06/2023,08:04:00,224,Acidente s,2.5,BR-040/DF,Sul,Engavetamento,3,0,0,0,0,0,0,0,0,0,0,0,0,0,0,040,2023-06-21 11:04:00+00:00,-15.998786510314467,-47.9850654509188
22/06/2023,06:15:00,59,Acidente s,5.8,BR-040/DF,Norte,Colisão lateral,2,0,1,0,0,0,0,0,0,0,2,0,0,0,0,040,2023-06-22 09:15:00+00:00,-16.02800242473236,-47.97909917254604
24/06/2023,05:29:00,29,Acidente F,4.1,BR-040/DF,Norte,Colisão lateral,2,0,0,0,0,1,0,0,0,0,2,0,0,0,1,040,2023-06-24 08:29:00+00:00,-16.012944920774345,-47.98216339245587
24/06/2023,08:28:00,42,Acidente c,7.3,BR-040/DF,Norte,Atropelamento de Pedestre,1,0,0,0,0,0,0,0,0,0,1,0,1,0,0,040,2023-06-24 11:28:00+00:00,-16.041436265242957,-47.98017750440991
28/06/2023,08:07:00,204,Acidente c,1.5,BR-040/DF,Sul,Engavetamento,4,0,0,0,0,1,0,0,0,0,0,1,0,0,0,040,2023-06-28 11:07:00+00:00,-15.989932639686035,-47.98687875185026