data,horario,n_da_ocorrencia,tipo_de_ocorrencia,km,trecho,sentido,tipo_de_acidente,automovel,bicicleta,caminhao,moto,onibus,outros,tracao_animal,transporte_de_cargas_especiais,trator_maquinas,utilitarios,ilesos,levemente_feridos,moderadamente_feridos,gravemente_feridos,mortos,vl_br,timestamp_utc,latitude_acidente,longitude_acidente
07/07/2023,09:26:00,96,Acidente s,3.2,BR-040/DF,Norte,Colisão traseira,1,0,0,0,0,0,0,0,0,1,3,0,0,0,0,040,2023-07-07 12:26:00+00:00,-16.004970432301306,-47.983777564631566
11/07/2023,07:18:00,217,Acidente c,8.1,BR-040/DF,Sul,Colisão lateral,1,0,0,1,0,1,0,0,0,0,2,0,1,0,0,040,2023-07-11 10:18:00+00:00,-16.048574876122156,-47.98131638357745
13/07/2023,10:14:00,111,Acidente s,0.5,BR-040/DF,Norte,Engavetamento,2,0,0,0,0,1,0,0,0,0,3,0,0,0,0,040,2023-07-13 13:14:00+00:00,-15.981258998801273,-47.98927117648948
15/07/2023,09:34:00,61,Acidente c,4.0,BR-040/DF,Norte,Choque c/ Veículo Parado,1,0,0,0,1,0,0,0,0,0,30,0,1,0,0,040,2023-07-15 12:34:00+00:00,-16.01205891004947,-47.982343089506806
18/07/2023,08:04:00,192,Acidente c,2.9,BR-040/DF,Norte,Colisão lateral,1,0,1,0,0,1,0,0,0,0,2,0,0,0,0,040,2023-07-18 11:04:00+00:00,-16.00232379083997,-47.984347565616254
21/07/2023,12:26:00,109,Acidente c,3.5,BR-040/DF,Norte,Colisão traseira,0,0,0,1,0,1,0,0,0,0,2,0,0,0,0,040,2023-07-21 15:26:00+00:00,-16.007631320840915,-47.98325451231453
25/07/2023,04:52:00,145,Acidente c,5.6,BR-040/DF,Norte,Capotamento,1,0,0,0,0,0,0,0,0,0,0,1,1,0,0,040,2023-07-25 07:52:00+00:00,-16.026229632509633,-47.97945419544009
27/07/2023,05:17:00,176,Acidente c,3.1,BR-040/DF,Sul,Colisão traseira,0,0,0,1,0,2,0,0,0,0,2,0,0,0,0,040,2023-07-27 08:17:00+00:00,-16.004089752213368,-47.98398265573781
28/07/2023,08:22:00,41,Acidente c,1.1,BR-040/DF,Norte,Colisão traseira,1,0,0,1,0,0,0,0,0,0,1,0,0,0,0,040,2023-07-28 11:22:00+00:00,-15.986389775084268,-47.98760354456679
11/08/2023,10:23:00,71,Acidente s,0.4,BR-040/DF,Sul,Colisão lateral,1,0,0,0,1,1,0,0,0,0,3,0,0,0,0,040,2023-08-11 13:23:00+00:00,-15.980401391605048,-47.989562707036
11/08/2023,11:28:00,239,Acidente s,8.1,BR-040/DF,Norte,Colisão lateral,2,0,0,0,0,0,0,0,0,0,2,0,0,0,0,040,2023-08-11 14:28:00+00:00,-16.048574876122156,-47.98131638357745
16/08/2023,08:03:00,172,Acidente c,0.2,BR-040/DF,Sul,Atropelamento de Animal,0,0,0,1,0,0,0,0,0,0,0,1,0,0,0,040,2023-08-16 11:03:00+00:00,-15.97863703805657,-47.989955296137616
17/08/2023,03:37:00,132,Acidente s,3.1,BR-040/DF,Norte,Capotamento,0,0,0,0,0,1,0,0,0,0,0,0,0,0,0,040,2023-08-17 06:37:00+00:00,-16.004089752213368,-47.98398265573781
18/08/2023,05:28:00,16,Acidente c,4.9,BR-040/DF,Sul,Choque c/ Objeto Fixo,2,0,0,0,0,0,0,0,0,0,0,0,1,0,0,040,2023-08-18 08:28:00+00:00,-16.020027679506335,-47.98071238763174
21/08/2023,09:26:00,68,Acidente s,1.6,BR-040/DF,Norte,Colisão traseira,1,0,1,0,0,0,0,0,0,0,2,0,0,0,0,040,2023-08-21 12:26:00+00:00,-15.990818106867216,-47.98669622660105
22/08/2023,10:36:00,95,Acidente s,6.2,BR-040/DF,Norte,Colisão lateral,2,0,0,0,0,1,0,0,0,0,2,0,0,0,0,040,2023-08-22 13:36:00+00:00,-16.031598243563078,-47.97882464034835
22/08/2023,07:12:00,201,Acidente c,2.8,BR-040/DF,Sul,Colisão traseira,1,0,0,2,0,0,0,0,0,0,1,1,0,0,0,040,2023-08-22 10:12:00+00:00,-16.001439596929313,-47.98451406070111
23/08/2023,08:38:00,99,Acidente s,1.3,BR-040/DF,Norte,Engavetamento,5,0,0,0,0,0,0,0,0,0,3,0,0,0,0,040,2023-08-23 11:38:00+00:00,-15.988161707075648,-47.98724375511734
29/08/2023,04:55:00,55,Acidente s,4.1,BR-040/DF,Sul,Choque c/ Objeto Fixo,2,0,0,0,0,0,0,0,0,0,1,0,0,0,0,040,2023-08-29 07:55:00+00:00,-16.012944920774345,-47.98216339245587
31/08/2023,11:04:00,130,Acidente c,3.9,BR-040/DF,Sul,Tombamento de Moto,1,0,0,1,0,0,0,0,0,0,1,1,0,0,0,040,2023-08-31 14:04:00+00:00,-16.011173238448922,-47.98252457385157
01/09/2023,07:54:00,244,Acidente s,1.5,BR-040/DF,Sul,Colisão traseira,2,0,0,0,0,2,0,0,0,0,0,0,0,0,0,040,2023-09-01 10:54:00+00:00,-15.989932639686035,-47.98687875185026
02/09/2023,05:51:00,159,Acidente F,4.97,BR-040/DF,Sul,Atropelamento de Ciclista,1,0,0,0,0,0,0,0,0,0,1,0,0,0,1,040,2023-09-02 08:51:00+00:00,-16.020647805766444,-47.98058614619863
05/09/2023,07:14:00,240,Acidente s,5.1,BR-040/DF,Norte,Colisão traseira,1,0,0,0,0,1,0,0,0,0,1,0,0,0,0,040,2023-09-05 10:14:00+00:00,-16.021799386502895,-47.98035128738056
06/09/2023,07:41:00,117,Acidente c,5.5,BR-040/DF,Norte,Colisão lateral,2,0,0,1,0,0,0,0,0,0,3,0,1,0,0,040,2023-09-06 10:41:00+00:00,-16.025343468566483,-47.97963307234679
09/09/2023,06:32:00,51,Acidente s,0.9,BR-040/DF,Norte,Colisão traseira,2,0,0,1,0,0,0,0,0,0,2,0,0,0,0,040,2023-09-09 09:32:00+00:00,-15.98461892557327,-47.98796897134449
09/09/2023,07:13:00,57,Acidente c,0.4,BR-040/DF,Norte,Colisão lateral,1,0,0,1,0,1,0,0,0,0,0,0,0,0,0,040,2023-09-09 10:13:00+00:00,-15.980401391605048,-47.989562707036
16/09/2023,12:40:00,5,Acidente s,1.48,BR-040/DF,Sul,Choque c/ Objeto Fixo,3,0,0,0,0,0,0,0,0,0,1,0,0,0,0,040,2023-09-16 15:40:00+00:00,-15.989755395550786,-47.98691446822332
16/09/2023,07:23:00,50,Acidente c,2.5,BR-040/DF,Sul,Colisão traseira,2,0,0,1,0,0,0,0,0,0,2,0,0,0,0,040,2023-09-16 10:23:00+00:00,-15.998786510314467,-47.9850654509188
24/09/2023,07:16:00,220,Acidente s,5.3,BR-040/DF,Norte,Colisão lateral,1,1,0,0,0,0,0,0,0,0,2,0,0,0,0,040,2023-09-24 10:16:00+00:00,-16.02357134588851,-47.9799915271314
29/09/2023,07:57:00,99,Acidente c,5.16,BR-040/DF,Sul,Tombamento de Moto,0,0,0,1,0,0,0,0,0,0,1,1,0,0,0,040,2023-09-29 10:57:00+00:00,-16.022330840771104,-47.98024265367628
30/09/2023,11:15:00,265,Acidente c,7.1,BR-040/DF,Sul,Tombamento de Moto,0,0,0,3,0,0,0,0,0,0,0,1,0,0,0,040,2023-09-30 14:15:00+00:00,-16.039651319001248,-47.9798947053415
02/10/2023,12:23:00,3,Acidente s,7.2,BR-040/DF,Norte,Capotamento,1,0,0,0,0,0,0,0,0,0,1,0,0,0,0,040,2023-10-02 15:23:00+00:00,-16.040543759517895,-47.98003640645204
03/10/2023,03:10:00,172,Acidente s,0.708,BR-040/DF,Sul,Colisão lateral,5,0,2,0,0,0,0,0,0,0,3,0,0,0,0,040,2023-10-03 06:10:00+00:00,-15.982962441268617,-47.98848101568708
04/10/2023,01:57:00,193,Acidente c,4.878,BR-040/DF,Norte,Colisão traseira,3,0,0,0,0,0,0,0,0,0,2,1,0,0,0,040,2023-10-04 04:57:00+00:00,-16.019832649997376,-47.980751360519456
11/10/2023,07:53:00,322,Acidente c,6.5,BR-040/DF,Sul,Colisão transversal,1,0,0,1,0,1,0,0,0,0,0,1,0,0,0,040,2023-10-11 10:53:00+00:00,-16.034296673630603,-47.97904501336752
17/10/2023,02:21:00,17,Acidente s,5.1,BR-040/DF,Sul,Colisão traseira,2,0,0,1,0,0,0,0,0,0,0,0,0,0,0,040,2023-10-17 05:21:00+00:00,-16.021799386502895,-47.98035128738056
20/10/2023,06:43:00,78,Acidente c,6.5,BR-040/DF,Norte,Tombamento de Moto,0,0,0,1,0,1,0,0,0,0,1,1,0,0,0,040,2023-10-20 09:43:00+00:00,-16.034296673630603,-47.97904501336752
24/10/2023,09:51:00,144,Acidente s,2.9,BR-040/DF,Norte,Engavetamento,6,0,0,0,0,1,0,0,0,0,3,0,0,0,0,040,2023-10-24 12:51:00+00:00,-16.00232379083997,-47.984347565616254
24/10/2023,06:59:00,259,Acidente c,3.9,BR-040/DF,Sul,Colisão lateral,0,0,0,1,0,0,0,0,0,0,0,0,1,0,0,040,2023-10-24 09:59:00+00:00,-16.011173238448922,-47.98252457385157
28/10/2023,07:06:00,62,Acidente c,4.8,BR-040/DF,Norte,Colisão traseira,1,0,0,2,0,0,0,0,0,0,2,1,0,0,0,040,2023-10-28 10:06:00+00:00,-16.019141702254522,-47.980892274949284
29/10/2023,06:17:00,54,Acidente s,0.6,BR-040/DF,Sul,Colisão traseira,4,0,0,0,0,0,0,0,0,0,2,0,0,0,0,040,2023-10-29 09:17:00+00:00,-15.982085410438911,-47.98889955533508
29/10/2023,05:44:00,215,Acidente s,7.3,BR-040/DF,Sul,Colisão lateral,1,0,0,2,0,0,0,0,0,0,1,1,0,0,0,040,2023-10-29 08:44:00+00:00,-16.041436265242957,-47.98017750440991
02/11/2023,12:16:00,3,Acidente c,7.9,BR-040/DF,Sul,Colisão traseira,0,0,0,3,0,2,0,0,0,0,0,2,0,0,0,040,2023-11-02 15:16:00+00:00,-16.04678973148939,-47.98103491661812
06/11/2023,05:51:00,248,Acidente c,1.5,BR-040/DF,Sul,Colisão lateral,1,0,0,2,0,0,0,0,0,0,1,0,0,0,0,040,2023-11-06 08:51:00+00:00,-15.989932639686035,-47.98687875185026
09/11/2023,07:40:00,95,Acidente c,0.3,BR-040/DF,Norte,Colisão traseira,1,0,0,1,0,0,0,0,0,0,1,0,0,0,0,040,2023-11-09 10:40:00+00:00,-15.97952436803145,-47.9897831292533
09/11/2023,10:37:00,135,Acidente c,3.6,BR-040/DF,Norte,Colisão lateral,0,0,0,3,0,1,0,0,0,0,1,1,0,0,0,040,2023-11-09 13:37:00+00:00,-16.008516933398386,-47.98307272923642
13/11/2023,11:00:00,150,Acidente F,3.1,BR-040/DF,Sul,Colisão lateral,1,0,1,0,0,1,0,0,0,0,2,0,0,0,1,040,2023-11-13 14:00:00+00:00,-16.004089752213368,-47.98398265573781
13/11/2023,06:54:00,279,Acidente c,3.5,BR-040/DF,Sul,Colisão traseira,1,0,0,2,0,0,0,0,0,0,0,0,0,1,0,040,2023-11-13 09:54:00+00:00,-16.007631320840915,-47.98325451231453
18/11/2023,09:18:00,72,Acidente c,3.4,BR-040/DF,Norte,Tombamento de Moto,0,0,0,1,0,0,0,0,0,0,1,2,0,0,0,040,2023-11-18 12:18:00+00:00,-16.00674531156606,-47.98343412528876
23/11/2023,12:24:00,5,Acidente s,4.5,BR-040/DF,Norte,Choque c/ Objeto Fixo,2,0,0,0,0,1,0,0,0,0,3,0,0,0,0,040,2023-11-23 15:24:00+00:00,-16.016488213220736,-47.98144083480431
24/11/2023,04:59:00,204,Acidente s,3.5,BR-040/DF,Norte,Colisão traseira,1,0,0,0,0,0,0,0,0,0,1,0,0,0,0,040,2023-11-24 07:59:00+00:00,-16.007631320840915,-47.98325451231453
27/11/2023,08:06:00,245,Acidente c,5.7,BR-040/DF,Sul,Tombamento de Moto,0,0,0,1,0,0,0,0,0,0,0,0,0,0,0,040,2023-11-27 11:06:00+00:00,-16.027115181158486,-47.9792721455203
01/12/2023,08:01:00,95,Acidente c,7.12,BR-040/DF,Norte,Colisão traseira,1,0,0,1,0,0,0,0,0,0,2,1,0,0,0,040,2023-12-01 11:01:00+00:00,-16.03982983236119,-47.97992287236148
01/12/2023,07:32:00,267,Acidente c,1.5,BR-040/DF,Sul,Engavetamento,6,0,0,0,0,2,0,0,0,0,4,0,0,0,0,040,2023-12-01 10:32:00+00:00,-15.989932639686035,-47.98687875185026
05/12/2023,01:13:00,155,Acidente F,5.8,BR-040/DF,Sul,Choque c/ Objeto Fixo,1,0,0,0,0,1,0,0,0,0,3,0,0,1,1,040,2023-12-05 04:13:00+00:00,-16.02800242473236,-47.97909917254604
09/12/2023,12:30:00,2,Acidente s,3.1,BR-040/DF,Norte,Colisão lateral,2,0,0,0,0,0,0,0,0,0,2,0,0,0,0,040,2023-12-09 15:30:00+00:00,-16.004089752213368,-47.98398265573781
13/12/2023,09:32:00,282,Acidente c,4.3,BR-040/DF,Sul,Engavetamento,5,0,0,0,0,0,0,0,0,0,4,0,0,0,0,040,2023-12-13 12:32:00+00:00,-16.014716352935057,-47.98180092115799
15/12/2023,08:14:00,95,Acidente s,1.1,BR-040/DF,Norte,Engavetamento,3,0,0,0,0,0,0,0,0,0,3,0,0,0,0,040,2023-12-15 11:14:00+00:00,-15.986389775084268,-47.98760354456679
19/12/2023,04:24:00,49,Acidente c,5.65,BR-040/DF,Sul,Tombamento de Moto,0,0,0,1,0,0,0,0,0,0,0,1,0,0,0,040,2023-12-19 07:24:00+00:00,-16.026672554620042,-47.97936395804828
21/12/2023,04:02:00,226,Acidente s,5.2,BR-040/DF,Sul,Colisão lateral,0,0,0,3,0,1,0,0,0,0,2,0,0,0,0,040,2023-12-21 07:02:00+00:00,-16.022685500982586,-47.980172122616
22/12/2023,08:42:00,128,Acidente s,2.5,BR-040/DF,Norte,Colisão traseira,3,0,0,0,0,0,0,0,0,0,2,0,0,0,0,040,2023-12-22 11:42:00+00:00,-15.998786510314467,-47.9850654509188
22/12/2023,09:23:00,347,Acidente c,8.24,BR-040/DF,Sul,Colisão traseira,1,0,0,1,0,0,0,0,0,0,0,1,0,0,0,040,2023-12-22 12:23:00+00:00,-16.049820776452123,-47.981521094681355
24/12/2023,04:41:00,134,Acidente c,5.8,BR-040/DF,Sul,Colisão traseira,2,0,0,1,0,0,0,0,0,0,2,0,0,0,0,040,2023-12-24 07:41:00+00:00,-16.02800242473236,-47.97909917254604
24/12/2023,11:22:00,188,Acidente c,6.2,BR-040/DF,Sul,Atropelamento de Pedestre,1,0,0,0,0,0,0,0,0,0,1,0,0,1,0,040,2023-12-24 14:22:00+00:00,-16.031598243563078,-47.97882464034835
11/01/2024,06:13:08,63,Sem vítima,8.3,BR-040/DF,Crescente,Capotamento,0,0,0,0,0,0,0,0,0,0,3,0,0,0,0,040,2024-01-11 09:13:08+00:00,-16.050353308035202,-47.98160642553609
15/01/2024,05:55:00,244,Sem vítima,2.5,BR-040/DF,Decrescente,Engavetamento,0,0,0,0,0,0,0,0,0,0,3,0,0,0,0,040,2024-01-15 08:55:00+00:00,-15.998786510314467,-47.9850654509188
16/01/2024,12:24:00,152,Com vítima,8.1,BR-040/DF,Crescente,Colisão traseira,0,0,0,0,0,0,0,0,0,0,1,0,1,0,0,040,2024-01-16 15:24:00+00:00,-16.048574876122156,-47.98131638357745
16/01/2024,07:13:00,243,Sem vítima,0.1,BR-040/DF,Crescente,Tombamento,0,0,0,0,0,0,0,0,0,0,1,0,0,0,0,040,2024-01-16 10:13:00+00:00,-15.977752055500277,-47.99014022432026
18/01/2024,06:41:00,68,Com vítima,3.01,BR-040/DF,Crescente,Acidentes de outra natureza,0,0,0,0,0,0,0,0,0,0,0,1,0,0,0,040,2024-01-18 09:41:00+00:00,-16.003300774395882,-47.98417467780077
20/01/2024,05:05:00,183,Sem vítima,2.1,BR-040/DF,Crescente,Tombamento,0,0,0,0,0,0,0,0,0,0,1,0,0,0,0,040,2024-01-20 08:05:00+00:00,-15.995244590909683,-47.98578930635743
22/01/2024,07:53:00,93,Com vítima,7.9,BR-040/DF,Crescente,Acidentes de outra natureza,0,0,0,0,0,0,0,0,0,0,0,1,0,0,0,040,2024-01-22 10:53:00+00:00,-16.04678973148939,-47.98103491661812
24/01/2024,07:36:00,246,Sem vítima,3.5,BR-040/DF,Decrescente,Colisão traseira,0,0,0,0,0,0,0,0,0,0,5,0,0,0,0,040,2024-01-24 10:36:00+00:00,-16.007631320840915,-47.98325451231453
09/02/2024,01:02:58,8,Sem vítima,4.1,BR-040/DF,Decrescente,Colisão traseira,0,0,0,0,0,0,0,0,0,0,2,0,0,0,0,040,2024-02-09 04:02:58+00:00,-16.012944920774345,-47.98216339245587
11/02/2024,03:15:00,12,Sem vítima,6.9,BR-040/DF,Crescente,Colisão traseira,0,0,0,0,0,0,0,0,0,0,15,0,0,0,0,040,2024-02-11 06:15:00+00:00,-16.037866823596413,-47.97960879241375
16/02/2024,06:43:00,63,Sem vítima,2.8,BR-040/DF,Decrescente,Choque,0,0,0,0,0,0,0,0,0,0,1,0,0,0,0,040,2024-02-16 09:43:00+00:00,-16.001439596929313,-47.98451406070111
18/02/2024,01:19:11,100,Com vítima,1.8,BR-040/DF,Decrescente,Capotamento,0,0,0,0,0,0,0,0,0,0,2,3,0,0,0,040,2024-02-18 04:19:11+00:00,-15.992588808085221,-47.98633017752721
20/02/2024,07:37:00,55,Sem vítima,3.6,BR-040/DF,Crescente,Colisão traseira,0,0,0,0,0,0,0,0,0,0,2,0,0,0,0,040,2024-02-20 10:37:00+00:00,-16.008516933398386,-47.98307272923642
21/02/2024,06:55:00,68,Com vítima,8.0,BR-040/DF,Crescente,Colisão traseira,0,0,0,0,0,0,0,0,0,0,0,1,1,0,0,040,2024-02-21 09:55:00+00:00,-16.047681786920172,-47.98117913715479
22/02/2024,06:25:49,203,Com vítima,5.67,BR-040/DF,Decrescente,Colisão transversal,0,0,0,0,0,0,0,0,0,0,2,2,0,0,0,040,2024-02-22 09:25:49+00:00,-16.026849514596538,-47.979326763861025
23/02/2024,12:17:00,156,Com vítima,1.1,BR-040/DF,Crescente,Acidentes de outra natureza,0,0,0,0,0,0,0,0,0,0,10,10,0,0,0,040,2024-02-23 15:17:00+00:00,-15.986389775084268,-47.98760354456679
27/02/2024,08:51:00,99,Com vítima,3.9,BR-040/DF,Crescente,Acidentes de outra natureza,0,0,0,0,0,0,0,0,0,0,2,2,0,0,0,040,2024-02-27 11:51:00+00:00,-16.011173238448922,-47.98252457385157
27/02/2024,07:01:00,227,Com vítima,5.3,BR-040/DF,Crescente,Acidentes de outra natureza,0,0,0,0,0,0,0,0,0,0,2,2,0,0,0,040,2024-02-27 10:01:00+00:00,-16.02357134588851,-47.9799915271314
28/02/2024,05:39:00,58,Com vítima,0.6,BR-040/DF,Crescente,Engavetamento,0,0,0,0,0,0,0,0,0,0,35,14,0,0,0,040,2024-02-28 08:39:00+00:00,-15.982085410438911,-47.98889955533508
01/03/2024,08:54:00,256,Com vítima,6.2,BR-040/DF,Decrescente,Acidentes de outra natureza,0,0,0,0,0,0,0,0,0,0,0,0,1,0,0,040,2024-03-01 11:54:00+00:00,-16.031598243563078,-47.97882464034835
19/03/2024,04:36:00,182,Com vítima,4.2,BR-040/DF,Decrescente,Choque,0,0,0,0,0,0,0,0,0,0,0,2,0,0,0,040,2024-03-19 07:36:00+00:00,-16.013830307420342,-47.98198044185797
22/03/2024,07:31:00,78,Sem vítima,3.2,BR-040/DF,Decrescente,Colisão traseira,0,0,0,0,0,0,0,0,0,0,1,0,0,0,0,040,2024-03-22 10:31:00+00:00,-16.004970432301306,-47.983777564631566
26/03/2024,08:03:47,212,Com vítima,5.18,BR-040/DF,Decrescente,Acidentes de outra natureza,0,0,0,0,0,0,0,0,0,0,12,0,4,0,0,040,2024-03-26 11:03:47+00:00,-16.0225081714506,-47.98020739253236
29/03/2024,12:46:29,10,Com vítima,3.2,BR-040/DF,Decrescente,Atropelamento de animal,0,0,0,0,0,0,0,0,0,0,0,0,5,0,0,040,2024-03-29 15:46:29+00:00,-16.004970432301306,-47.983777564631566
01/04/2024,12:33:00,173,Com vítima,5.9,BR-040/DF,Decrescente,Tombamento,0,0,0,1,0,0,0,0,0,0,0,0,1,0,0,040,2024-04-01 15:33:00+00:00,-16.02889749266502,-47.97898561658784
02/04/2024,04:58:00,187,Com vítima,0.8,BR-040/DF,Decrescente,Colisão traseira,1,0,0,1,0,0,0,0,0,0,4,2,0,0,0,040,2024-04-02 07:58:00+00:00,-15.983739998009424,-47.98818059885455
03/04/2024,08:31:45,85,Com vítima,4.5,BR-040/DF,Crescente,Colisão traseira,1,0,0,1,0,0,0,0,0,0,0,4,0,0,0,040,2024-04-03 11:31:45+00:00,-16.016488213220736,-47.98144083480431
05/04/2024,08:25:00,103,Com vítima,4.775,BR-040/DF,Decrescente,Colisão frontal,1,0,0,0,0,1,0,0,0,0,2,0,0,0,2,040,2024-04-05 11:25:00+00:00,-16.01892041752824,-47.98093834286823
10/04/2024,05:19:00,219,Com vítima,2.5,BR-040/DF,Decrescente,Tombamento,0,0,0,1,0,0,0,0,0,0,1,1,0,0,0,040,2024-04-10 08:19:00+00:00,-15.998786510314467,-47.9850654509188
11/04/2024,08:30:00,87,Com vítima,3.2,BR-040/DF,Crescente,Tombamento,0,0,0,1,0,0,0,0,0,0,1,1,0,0,0,040,2024-04-11 11:30:00+00:00,-16.004970432301306,-47.983777564631566
12/04/2024,07:02:00,67,Com vítima,6.45,BR-040/DF,Crescente,Acidentes de outra natureza,1,0,0,1,0,0,0,0,0,0,2,0,2,0,0,040,2024-04-12 10:02:00+00:00,-16.033849099237088,-47.97898403280835
14/04/2024,01:47:00,82,Sem vítima,0.5,BR-040/DF,Decrescente,Capotamento,1,0,0,0,0,0,0,0,0,0,1,0,0,0,0,040,2024-04-14 04:47:00+00:00,-15.981258998801273,-47.98927117648948
19/04/2024,06:27:00,66,Com vítima,5.8,BR-040/DF,Crescente,Acidentes de outra natureza,1,0,0,1,0,0,0,0,0,0,2,2,0,0,0,040,2024-04-19 09:27:00+00:00,-16.02800242473236,-47.97909917254604
19/04/2024,05:35:00,198,Sem vítima,1.1,BR-040/DF,Decrescente,Colisão transversal,3,0,0,0,0,0,0,0,0,0,12,0,0,0,0,040,2024-04-19 08:35:00+00:00,-15.986389775084268,-47.98760354456679
29/04/2024,10:22:00,118,Com vítima,0.45,BR-040/DF,Crescente,Colisão traseira,0,0,0,2,0,0,0,0,0,0,2,2,0,0,0,040,2024-04-29 13:22:00+00:00,-15.980832136305498,-47.98942301102779
29/04/2024,08:11:00,230,Com vítima,4.3,BR-040/DF,Decrescente,Acidentes de outra natureza,1,0,0,0,0,0,0,0,0,0,1,0,1,0,0,040,2024-04-29 11:11:00+00:00,-16.014716352935057,-47.98180092115799
02/05/2024,07:06:00,68,Com vítima,7.9,BR-040/DF,Crescente,Tombamento,0,0,0,1,0,0,0,0,0,0,0,0,1,0,0,040,2024-05-02 10:06:00+00:00,-16.04678973148939,-47.98103491661812
16/05/2024,07:27:00,78,Com vítima,3.5,BR-040/DF,Crescente,Colisão traseira,0,0,0,2,0,0,0,0,0,0,10,10,0,0,0,040,2024-05-16 10:27:00+00:00,-16.007631320840915,-47.98325451231453
18/05/2024,01:26:00,86,Com vítima,5.5,BR-040/DF,Decrescente,Engavetamento,2,0,0,0,1,0,0,0,0,0,30,30,0,0,0,040,2024-05-18 04:26:00+00:00,-16.025343468566483,-47.97963307234679
19/05/2024,12:01:00,73,Com vítima,1.5,BR-040/DF,Decrescente,Colisão traseira,2,0,0,0,0,0,0,0,0,0,0,10,0,0,0,040,2024-05-19 15:01:00+00:00,-15.989932639686035,-47.98687875185026
23/05/2024,06:44:00,65,Com vítima,0.5,BR-040/DF,Crescente,Acidentes de outra natureza,1,0,0,1,0,0,0,0,0,0,10,10,0,0,0,040,2024-05-23 09:44:00+00:00,-15.981258998801273,-47.98927117648948
26/05/2024,04:23:00,11,Sem vítima,5.8,BR-040/DF,Decrescente,Choque,1,0,0,0,0,0,0,0,0,0,0,0,0,0,0,040,2024-05-26 07:23:00+00:00,-16.02800242473236,-47.97909917254604
15/06/2024,02:14:00,104,Com vítima,3.8,BR-040/DF,Decrescente,Acidentes de outra natureza,3,0,0,0,0,0,0,0,0,0,30,0,15,0,0,040,2024-06-15 05:14:00+00:00,-16.010287930410097,-47.98270794867232
15/06/2024,03:42:00,123,Com vítima,2.8,BR-040/DF,Crescente,Acidentes de outra natureza,0,0,0,1,0,1,0,0,0,0,0,0,20,0,0,040,2024-06-15 06:42:00+00:00,-16.001439596929313,-47.98451406070111
20/06/2024,06:43:00,188,Sem vítima,3.4,BR-040/DF,Crescente,Engavetamento,4,0,0,0,0,0,0,0,0,0,80,0,0,0,0,040,2024-06-20 09:43:00+00:00,-16.00674531156606,-47.98343412528876
21/06/2024,08:29:52,80,Sem vítima,1.8,BR-040/DF,Crescente,Colisão traseira,1,0,2,0,0,0,0,0,0,0,45,0,0,0,0,040,2024-06-21 11:29:52+00:00,-15.992588808085221,-47.98633017752721
24/06/2024,06:16:00,55,Sem vítima,6.8,BR-040/DF,Decrescente,Choque,1,0,0,0,0,0,0,0,0,0,5,0,0,0,0,040,2024-06-24 09:16:00+00:00,-16.036973905924885,-47.97947034300178
26/06/2024,07:26:32,88,Com vítima,3.1,BR-040/DF,Crescente,Colisão traseira,1,0,0,0,0,0,0,0,0,0,0,5,0,0,0,040,2024-06-26 10:26:32+00:00,-16.004089752213368,-47.98398265573781
02/07/2024,07:26:00,83,Sem vítima,8.2,BR-040/DF,Decrescente,Choque,1,0,0,0,0,0,0,0,0,0,5,0,0,0,0,040,2024-07-02 10:26:00+00:00,-16.049465699683573,-47.981453167995376
05/07/2024,06:27:00,207,Sem vítima,7.7,BR-040/DF,Decrescente,Atropelamento de pedestre,1,0,0,0,0,0,0,0,0,0,5,0,0,5,0,040,2024-07-05 09:27:00+00:00,-16.045005497489623,-47.98074723749154
11/07/2024,05:56:05,27,Com vítima,6.8,BR-040/DF,Crescente,Tombamento,0,0,0,1,0,1,0,0,0,0,0,0,10,0,0,040,2024-07-11 08:56:05+00:00,-16.036973905924885,-47.97947034300178
25/07/2024,03:45:26,145,Com vítima,8.2,BR-040/DF,Crescente,Tombamento,0,0,0,1,0,0,0,0,0,0,0,5,0,0,0,040,2024-07-25 06:45:26+00:00,-16.049465699683573,-47.981453167995376
29/07/2024,05:56:00,193,Sem vítima,1.1,BR-040/DF,Decrescente,Acidentes de outra natureza,1,0,0,1,0,0,0,0,0,0,11,0,0,0,0,040,2024-07-29 08:56:00+00:00,-15.986389775084268,-47.98760354456679